{"type":"FeatureCollection","name":"world_oceans_9_regions","crs":{"type":"name","properties":{"name":"urn:ogc:def:crs:OGC:1.3:CRS84"}},"features":[{"type":"Feature","properties":{"NAME":"Arctic Ocean","region":"Arctic Ocean","n_subregions":18,"subregions":"Arctic Ocean; Baffin Bay; Barentsz Sea; Beaufort Sea; Bering Sea; Chukchi Sea; Davis Strait; East Siberian Sea; Greenland Sea; Hudson Bay; Hudson Strait; Kara Sea; Labrador Sea; Laptev Sea; Lincoln Sea; Norwegian Sea; The Northwestern Passages; White Sea","area_sum_original":18677761},"geometry":{"type":"MultiPolygon","coordinates":[[[[-43.8063,59.931],[-43.9696,59.9744],[-44.1192,59.8764],[-44.1166,59.7996],[-43.9123,59.7783],[-52.6228,47.5263],[-52.7109,47.7558],[-52.8037,47.8064],[-52.9199,47.5415],[-53.0836,47.4709],[-53.1809,47.5486],[-53.2186,47.7276],[-53.0932,47.831],[-52.9831,48.0391],[-53.3015,48.009],[-53.5074,47.7477],[-53.5531,47.5255],[-53.7712,47.6209],[-53.8608,47.7169],[-53.7303,47.8506],[-53.6346,47.9944],[-53.6961,48.0836],[-53.9391,48.0817],[-53.9569,48.2245],[-53.8453,48.1858],[-53.6374,48.1763],[-53.4603,48.2806],[-53.322,48.3927],[-53.2111,48.3494],[-53.101,48.4109],[-53.0205,48.5741],[-53.1205,48.6646],[-53.2585,48.5278],[-53.3608,48.612],[-53.4534,48.6126],[-53.5346,48.4668],[-53.6648,48.5199],[-53.7701,48.5173],[-53.8086,48.626],[-53.7612,48.7201],[-53.9169,48.7311],[-53.8273,48.8273],[-53.9487,48.8822],[-53.8141,48.9352],[-53.7782,49.0251],[-53.6,49.0389],[-53.4934,49.2537],[-53.6766,49.3582],[-54.0771,49.4764],[-54.18,49.383],[-54.464,49.4271],[-54.5556,49.5402],[-54.8019,49.3001],[-55.1036,49.2844],[-55.2433,49.2573],[-55.2494,49.3379],[-55.1501,49.451],[-55.1608,49.5382],[-55.2827,49.5454],[-55.3754,49.482],[-55.6838,49.3992],[-55.8477,49.5311],[-55.8228,49.606],[-55.9301,49.6989],[-55.8476,49.7942],[-55.7164,49.8252],[-55.5133,49.9166],[-55.6079,49.9663],[-55.7355,49.9268],[-55.9293,50.0383],[-56.0873,50.0787],[-56.1676,50.1551],[-56.3327,50.0314],[-56.4524,49.8946],[-56.5851,49.8425],[-56.7153,49.7098],[-56.8997,49.7659],[-56.7733,49.83],[-56.7287,49.9511],[-56.7518,50.0238],[-56.5217,50.2136],[-56.3974,50.4056],[-56.2415,50.5372],[-56.174,50.6921],[-56.0301,50.7651],[-55.8217,51.0142],[-55.7293,51.0932],[-55.7384,51.1984],[-55.859,51.2248],[-55.9785,51.1971],[-56.0984,51.3249],[-55.8125,51.3488],[-55.6548,51.3195],[-55.5188,51.3578],[-55.4427,51.581],[-55.4415,51.583],[-55.4264,51.6412],[-55.316,51.9379],[-55.2801,52.0167],[-55.6208,52.2178],[-55.8025,52.2964],[-55.7989,52.3821],[-55.635,52.4077],[-55.7797,52.5014],[-55.9689,52.5033],[-56.05,52.5418],[-55.9695,52.6221],[-55.7843,52.6012],[-55.7847,52.6966],[-55.935,52.6822],[-56.0702,52.7739],[-55.8036,52.8423],[-55.8825,52.9838],[-55.8735,53.0751],[-55.7527,53.1722],[-55.8586,53.371],[-55.9891,53.4122],[-56.0725,53.5853],[-56.2146,53.5719],[-56.6055,53.6677],[-56.4558,53.7784],[-56.6927,53.7572],[-56.7696,53.7201],[-56.9848,53.7271],[-57.1388,53.6276],[-57.14,53.5379],[-57.3083,53.4613],[-57.3089,53.5691],[-57.4362,53.6296],[-57.1207,53.7463],[-57.0727,53.8202],[-57.2001,53.8684],[-57.4153,54.1803],[-58.1799,54.2357],[-58.3841,54.1931],[-58.315,54.0909],[-58.3943,54.0282],[-58.5623,54.0152],[-59.0677,53.7891],[-59.0829,53.6865],[-59.368,53.6603],[-59.5908,53.5292],[-59.7622,53.5126],[-59.8609,53.5442],[-60.049,53.3455],[-60.3405,53.391],[-60.0664,53.5025],[-60.1298,53.6228],[-59.9904,53.7872],[-59.8359,53.8438],[-59.4858,53.8315],[-58.9351,54.0014],[-58.6106,54.0398],[-58.4389,54.2384],[-58.2505,54.2456],[-58.245,54.3316],[-58.0627,54.3853],[-57.8857,54.3978],[-57.7044,54.3681],[-57.4424,54.4459],[-57.3657,54.5963],[-57.5585,54.664],[-57.6433,54.6297],[-57.8433,54.7355],[-57.9458,54.8206],[-57.9734,54.9269],[-58.1637,54.8532],[-58.2177,54.7938],[-58.4464,54.7685],[-58.8989,54.8573],[-58.8981,54.9427],[-58.9975,55.0029],[-58.9537,55.128],[-59.2792,55.1953],[-59.389,55.0533],[-59.5437,55.0339],[-59.4489,55.1627],[-59.7324,55.1477],[-59.7182,55.2547],[-59.7894,55.2986],[-60.0757,55.2088],[-60.2769,55.2372],[-60.4522,55.191],[-60.4736,55.2839],[-60.2376,55.424],[-60.3342,55.4695],[-60.3983,55.6084],[-60.3282,55.7769],[-60.4815,55.7934],[-60.5837,55.6684],[-60.6507,55.8289],[-60.9313,55.8617],[-61.1058,55.8399],[-61.0819,55.937],[-61.328,56.0227],[-61.3101,56.0845],[-61.5755,56.2168],[-62.0095,56.2245],[-61.8919,56.2952],[-61.8032,56.2459],[-61.6671,56.2584],[-61.8165,56.4046],[-61.9798,56.4075],[-62.0187,56.5344],[-61.7615,56.4852],[-61.679,56.5351],[-61.7427,56.6286],[-61.6554,56.8104],[-61.6598,56.8712],[-61.5659,56.9556],[-61.3998,56.9841],[-61.3836,57.1088],[-61.4852,57.1655],[-61.7185,57.1561],[-61.9857,57.2357],[-61.8662,57.2839],[-61.8064,57.3759],[-62.0709,57.4592],[-62.3743,57.4518],[-62.2889,57.5364],[-62.1103,57.5401],[-61.9015,57.6235],[-62.0794,57.8901],[-62.3972,57.9398],[-62.3227,58.0202],[-62.439,58.1082],[-62.758,58.1189],[-62.5827,58.2272],[-62.6458,58.4105],[-62.5644,58.4659],[-62.8125,58.499],[-62.9922,58.424],[-63.1659,58.5066],[-62.9045,58.6007],[-62.8529,58.7017],[-63.0374,58.8983],[-63.1331,59.04],[-63.4479,59.1004],[-63.3642,59.2012],[-63.379,59.2747],[-63.5346,59.3414],[-63.7609,59.36],[-63.8325,59.4075],[-63.7223,59.4992],[-63.9559,59.6348],[-64.1625,59.6859],[-64.2606,59.7558],[-64.1734,59.7822],[-64.1288,59.9049],[-64.1596,60.0],[-64.4384,60.0665],[-64.415,60.271],[-64.5763,60.3283],[-64.9472,60.2696],[-65.0015,60.1235],[-65.1247,60.0621],[-65.1101,59.9617],[-65.5377,59.746],[-65.3797,59.4974],[-65.388,59.4161],[-65.5969,59.2522],[-65.7249,59.2361],[-65.6532,59.112],[-65.77,58.983],[-65.9976,58.9053],[-66.0701,58.8341],[-66.0507,58.6534],[-66.229,58.7935],[-66.4517,58.8268],[-66.4374,58.7384],[-66.6137,58.6218],[-66.6727,58.4877],[-66.8714,58.4753],[-67.5835,58.2239],[-67.7456,58.3074],[-67.852,58.3095],[-68.0261,58.5406],[-68.2871,58.5337],[-68.3948,58.8172],[-68.5847,58.8982],[-69.0013,58.8815],[-69.2515,58.904],[-69.3868,58.8729],[-69.6429,58.7072],[-69.8306,58.6775],[-70.0684,58.787],[-69.7858,58.8409],[-69.6149,58.7962],[-69.4467,58.8843],[-69.4616,58.9883],[-69.4032,59.0653],[-69.4845,59.2115],[-69.2275,59.2289],[-69.2377,59.3233],[-69.4312,59.3631],[-69.6091,59.3007],[-69.6576,59.4638],[-69.7471,59.5087],[-69.5187,59.6171],[-69.5779,59.682],[-69.585,59.8788],[-69.7143,59.9648],[-70.068,59.9617],[-69.829,60.0658],[-69.7037,60.0449],[-69.6073,60.1137],[-69.6578,60.2824],[-69.8097,60.517],[-69.6276,60.5834],[-69.6967,60.6962],[-69.3619,60.8203],[-69.3712,60.9152],[-69.5099,61.0703],[-69.6717,61.0256],[-69.6929,60.8695],[-70.0589,60.8376],[-70.1449,60.9991],[-70.1048,61.0648],[-70.267,61.0976],[-70.4161,61.0346],[-70.5789,61.0195],[-70.7315,61.0833],[-71.099,61.1187],[-71.2202,61.1624],[-71.3773,61.1441],[-71.4376,61.2239],[-71.714,61.2806],[-71.6846,61.4073],[-71.8046,61.5424],[-71.5206,61.5802],[-71.6492,61.6596],[-72.0071,61.7263],[-72.2098,61.8751],[-72.5817,61.9521],[-72.612,62.1111],[-72.8786,62.1303],[-73.3818,62.3722],[-73.5461,62.3874],[-73.6588,62.4741],[-73.8596,62.4577],[-73.9971,62.3622],[-74.2496,62.3224],[-74.3489,62.2568],[-74.9137,62.2525],[-75.3537,62.3161],[-75.5243,62.2538],[-75.6601,62.2971],[-76.4373,62.4259],[-76.7941,62.5217],[-77.1323,62.5331],[-77.5079,62.5769],[-77.8186,62.4329],[-78.0969,62.3483],[-78.1806,62.1472],[-78.0935,61.8846],[-77.9632,61.6835],[-77.8145,61.6825],[-77.6237,61.4591],[-77.8066,61.4228],[-77.7272,61.184],[-78.2259,60.8112],[-77.658,60.7649],[-77.8013,60.5955],[-77.5896,60.4976],[-77.7389,60.4304],[-77.4887,60.2005],[-77.5718,60.042],[-77.3688,60.0206],[-77.4113,59.939],[-77.3974,59.7886],[-77.5765,59.7485],[-77.4861,59.6686],[-77.8059,59.6639],[-77.7406,59.5521],[-77.8895,59.5067],[-77.8023,59.3065],[-77.9887,59.2582],[-78.1775,59.1484],[-78.1642,59.0928],[-78.3586,58.9111],[-78.579,58.8977],[-78.5021,58.7109],[-78.5476,58.643],[-78.4596,58.5681],[-78.0487,58.4232],[-78.0629,58.3825],[-77.7183,58.2754],[-77.4478,58.1646],[-77.3681,58.0894],[-77.1937,58.0234],[-76.8501,57.6684],[-76.7596,57.4593],[-76.7001,57.4358],[-76.5797,57.1893],[-76.5317,56.821],[-76.5568,56.5564],[-76.5187,56.4536],[-76.5638,56.2776],[-76.3825,56.3362],[-75.966,56.188],[-76.0738,56.1012],[-76.3843,56.1119],[-76.6217,56.1594],[-76.7187,56.0224],[-76.7898,56.0023],[-77.0022,55.8038],[-77.1659,55.6933],[-77.252,55.5782],[-77.5508,55.4005],[-77.6547,55.3689],[-77.8095,55.2584],[-78.195,55.1194],[-78.3167,55.0423],[-78.8249,54.9073],[-78.9382,54.8551],[-79.652,54.6819],[-79.5513,54.6145],[-79.398,54.2613],[-79.0531,54.0999],[-79.0735,53.9936],[-79.0642,53.716],[-78.9534,53.5816],[-79.1356,53.4908],[-78.9784,53.3495],[-78.8931,53.2209],[-78.9496,53.1862],[-78.9923,53.0171],[-78.9057,52.9164],[-78.7434,52.8487],[-78.7768,52.7004],[-78.7106,52.6798],[-78.7175,52.5383],[-78.5801,52.5309],[-78.4984,52.4683],[-78.5303,52.1983],[-78.5868,52.0972],[-78.7525,51.9562],[-78.8577,51.9382],[-78.8561,51.8017],[-78.9991,51.7395],[-78.8555,51.6209],[-78.7748,51.4773],[-78.8891,51.3953],[-79.0942,51.5318],[-79.2541,51.5338],[-79.226,51.6443],[-79.3107,51.6638],[-79.5378,51.5417],[-79.5709,51.4602],[-79.6752,51.3959],[-79.6976,51.2476],[-79.7974,51.158],[-79.8956,51.168],[-80.1191,51.2921],[-80.4373,51.3415],[-80.4444,51.4823],[-80.5145,51.5261],[-80.5627,51.6907],[-80.6625,51.7939],[-80.9076,51.9102],[-80.9898,52.0139],[-81.3409,52.0992],[-81.5181,52.2288],[-81.5361,52.4459],[-81.661,52.5085],[-81.9194,52.7028],[-81.9534,52.779],[-82.1137,52.8873],[-82.1923,52.8444],[-82.2446,52.832],[-82.2689,52.8204],[-82.2947,52.8219],[-82.3695,52.8061],[-82.477,52.7865],[-82.4925,52.7863],[-82.5054,52.7932],[-82.5246,52.7945],[-82.535,52.8016],[-82.6345,52.8056],[-82.7858,52.8325],[-82.9708,52.8807],[-83.0361,52.9342],[-82.9096,52.9305],[-82.4451,52.8982],[-82.2873,53.0541],[-82.2185,53.205],[-82.104,53.2663],[-82.1909,53.5125],[-82.1888,53.6776],[-82.1146,53.7752],[-82.1908,53.9855],[-82.3756,54.1439],[-82.4354,54.2948],[-82.3158,54.5183],[-82.2838,54.6508],[-82.1924,54.8004],[-82.2497,54.8782],[-82.2723,55.0486],[-82.3314,55.1012],[-82.481,55.1086],[-82.6671,55.1612],[-82.8706,55.1472],[-82.9758,55.2218],[-83.1812,55.1935],[-83.4632,55.211],[-83.6744,55.2698],[-83.8885,55.2937],[-84.078,55.2503],[-84.3019,55.275],[-84.4847,55.2367],[-84.7557,55.2369],[-85.1094,55.3023],[-85.2331,55.374],[-85.3415,55.3764],[-85.6377,55.5525],[-85.9431,55.6699],[-86.2779,55.714],[-86.3754,55.7647],[-86.6773,55.8382],[-86.8886,55.9125],[-87.2741,55.9515],[-87.6353,56.1011],[-87.712,56.2167],[-87.9843,56.4748],[-88.363,56.5714],[-88.654,56.6939],[-88.8563,56.8598],[-89.0297,56.8561],[-89.9703,57.0095],[-90.4558,57.195],[-90.8872,57.2652],[-91.2159,57.2335],[-91.8763,57.0728],[-92.0445,57.046],[-92.219,57.0722],[-92.479,57.0356],[-92.5525,57.0932],[-92.4348,57.2616],[-92.4603,57.4617],[-92.7196,57.7861],[-92.8491,58.1352],[-92.9754,58.2753],[-93.1104,58.4787],[-93.1429,58.6789],[-93.2104,58.7632],[-94.039,58.762],[-94.2611,58.7916],[-94.3288,58.7185],[-94.5807,58.8524],[-94.5966,58.9442],[-94.8007,59.0576],[-94.7934,59.2064],[-94.7146,59.369],[-94.7966,59.5099],[-94.8282,59.7055],[-94.7698,59.7866],[-94.8469,59.9715],[-94.7074,60.1],[-94.7384,60.1661],[-94.6393,60.3918],[-94.6906,60.4644],[-94.5532,60.5321],[-94.4156,60.7714],[-94.2274,60.8858],[-94.1727,61.0234],[-94.0831,61.0784],[-94.0308,61.2484],[-94.0847,61.3075],[-94.1717,61.3238],[-94.204,61.3627],[-94.2846,61.39],[-94.1916,61.4156],[-94.1257,61.399],[-93.9703,61.4017],[-93.979,61.4548],[-93.6565,61.6248],[-93.6198,61.8477],[-93.5503,61.9193],[-93.1231,61.8398],[-92.9845,61.852],[-93.1234,61.9963],[-93.1315,62.1757],[-92.7555,62.2339],[-92.5859,62.2116],[-92.532,62.2975],[-92.7391,62.3727],[-92.7531,62.4612],[-92.513,62.491],[-92.3199,62.5741],[-91.9516,62.5332],[-91.8893,62.636],[-92.176,62.6656],[-92.3456,62.7306],[-92.4211,62.8227],[-92.164,62.7976],[-92.0581,62.8535],[-91.6716,62.8057],[-91.3683,62.7998],[-90.9158,62.9471],[-90.8375,62.9218],[-90.6437,63.04],[-90.7541,63.2853],[-90.9814,63.4653],[-91.3845,63.5142],[-91.63,63.5855],[-91.5977,63.6347],[-91.7836,63.7212],[-92.1135,63.675],[-92.2378,63.7456],[-92.4009,63.7348],[-92.7989,63.833],[-93.0966,63.8704],[-93.3655,63.9672],[-93.3607,63.8474],[-93.5252,63.8471],[-93.7003,63.9462],[-93.9648,63.9123],[-94.1054,63.9971],[-94.0831,64.0605],[-93.6114,63.9764],[-93.4648,64.0223],[-93.339,63.9737],[-92.9878,63.9318],[-92.6294,63.8226],[-92.0972,63.7304],[-91.5478,63.7241],[-91.3896,63.6546],[-90.8509,63.5591],[-90.2313,63.6134],[-90.0616,63.7646],[-90.0954,63.8766],[-89.8232,63.9213],[-89.79,64.1369],[-89.5808,64.0312],[-89.5076,64.0723],[-89.1435,63.9518],[-89.0432,64.0299],[-88.7667,63.9828],[-88.4847,64.0466],[-88.0114,64.2228],[-88.0033,64.2952],[-87.85,64.3721],[-87.7999,64.5032],[-87.5528,64.5683],[-87.4644,64.7058],[-87.3098,64.7962],[-86.9286,65.1517],[-87.085,65.2326],[-87.2937,65.2695],[-88.2765,65.2793],[-88.5787,65.3104],[-89.0355,65.3228],[-89.134,65.4114],[-89.3578,65.5019],[-89.4262,65.5981],[-89.628,65.6928],[-90.0039,65.8085],[-89.8147,65.835],[-89.7201,65.9525],[-89.4255,65.8759],[-89.1055,65.7382],[-88.6741,65.6638],[-88.2387,65.4421],[-88.2167,65.403],[-87.8437,65.322],[-87.3736,65.3198],[-87.0464,65.4083],[-87.0976,65.4782],[-86.8457,65.5878],[-86.5285,65.6782],[-86.3979,65.8901],[-85.9893,66.0264],[-86.0066,66.1111],[-85.9065,66.1977],[-86.3177,66.2862],[-86.6202,66.318],[-86.7748,66.431],[-86.7267,66.5363],[-86.3751,66.5132],[-85.7741,66.502],[-85.4349,66.5806],[-85.3195,66.4889],[-85.2383,66.2689],[-84.8686,66.258],[-84.3718,66.162],[-84.5477,66.358],[-84.2184,66.3206],[-83.9523,66.1953],[-83.7794,66.2086],[-83.8836,66.451],[-84.1628,66.5959],[-84.1087,66.6835],[-84.383,66.7113],[-84.2856,66.7681],[-84.5058,66.8189],[-84.7208,66.9509],[-84.5007,66.9756],[-84.3959,66.9204],[-84.4063,66.8048],[-84.2767,66.7911],[-84.2838,66.7191],[-83.9945,66.6902],[-83.9306,66.5779],[-83.6423,66.5154],[-83.5343,66.4375],[-83.5426,66.3387],[-83.3141,66.3627],[-82.9869,66.4842],[-82.9897,66.5438],[-82.5679,66.568],[-82.4594,66.6759],[-82.1649,66.756],[-81.9907,66.942],[-81.7862,66.9952],[-81.4595,66.9948],[-81.3545,67.1581],[-81.3315,67.3008],[-81.1955,67.4633],[-81.3781,67.5971],[-82.083,67.908],[-82.1927,68.1181],[-82.332,68.1657],[-82.1996,68.338],[-82.4585,68.4039],[-82.1745,68.4957],[-82.3166,68.582],[-82.6754,68.6067],[-82.6422,68.7118],[-82.4108,68.6895],[-82.0339,68.8039],[-82.0156,68.6381],[-82.2235,68.5746],[-81.936,68.416],[-81.237,68.6394],[-81.2064,68.7732],[-81.3595,68.8734],[-81.4967,68.8543],[-81.6873,68.9412],[-81.2861,69.1279],[-81.3118,69.1907],[-81.6662,69.2656],[-81.9886,69.2731],[-82.6243,69.4767],[-82.5146,69.5465],[-82.559,69.6841],[-83.2807,69.7067],[-83.4595,69.6765],[-84.0124,69.7584],[-84.1201,69.818],[-84.5422,69.8643],[-84.8374,69.8475],[-85.0532,69.7879],[-85.3696,69.8505],[-85.5255,69.6467],[-85.3898,69.5784],[-85.5228,69.4881],[-85.4062,69.3196],[-85.4495,69.2596],[-85.2904,69.1441],[-84.8382,69.0805],[-84.7513,69.0384],[-85.0583,68.9614],[-85.028,68.8917],[-84.7728,68.7384],[-85.1596,68.7632],[-85.5987,68.742],[-85.7171,68.626],[-85.6996,68.4032],[-85.8455,68.2362],[-85.8679,68.0597],[-86.0459,67.9982],[-86.4056,67.7827],[-86.5107,67.6848],[-86.4363,67.5978],[-86.4926,67.3656],[-86.8543,67.411],[-86.953,67.3575],[-86.9845,67.2412],[-87.3136,67.1866],[-87.4668,67.3655],[-87.553,67.3813],[-87.9061,67.6062],[-88.1202,67.677],[-88.3919,67.9851],[-88.2691,68.1553],[-88.3774,68.2914],[-87.9107,68.2185],[-87.7864,68.3156],[-87.7786,68.4038],[-87.9372,68.5916],[-87.9487,68.7469],[-88.2177,68.9201],[-88.665,69.0535],[-88.9578,69.2422],[-89.1105,69.2765],[-89.3838,69.2226],[-89.465,69.1257],[-89.7502,68.9714],[-89.6739,68.8167],[-89.7046,68.7134],[-89.9402,68.5941],[-89.8351,68.5124],[-90.1336,68.3029],[-90.28,68.3743],[-90.5946,68.4586],[-90.4476,68.552],[-90.5074,68.6223],[-90.4302,68.882],[-90.6902,69.0318],[-90.6407,69.0811],[-91.0935,69.2385],[-91.1408,69.2937],[-90.8294,69.335],[-90.6081,69.4201],[-90.3587,69.4641],[-90.6438,69.5434],[-90.8178,69.5007],[-91.1355,69.5197],[-91.3854,69.6663],[-91.5889,69.607],[-91.8033,69.4919],[-92.0684,69.5498],[-92.4737,69.7014],[-92.542,69.7733],[-91.9407,70.0217],[-92.1858,70.0979],[-92.5069,70.0828],[-92.2599,70.2047],[-91.9415,70.1231],[-91.505,70.1574],[-91.6799,70.2541],[-91.6917,70.3566],[-92.0299,70.4248],[-92.2621,70.5579],[-92.2377,70.6254],[-92.6294,70.7122],[-92.6716,70.7804],[-92.9435,70.8326],[-92.8447,71.044],[-92.8439,71.1665],[-92.9566,71.3527],[-93.1862,71.4627],[-93.6502,71.5921],[-93.786,71.6569],[-93.7442,71.6764],[-93.6916,71.7116],[-94.5618,71.8581],[-94.3715,71.9354],[-94.5259,71.9994],[-95.1577,71.9586],[-95.2652,71.7376],[-95.4422,71.7348],[-95.5226,71.7201],[-95.523,71.7177],[-95.5188,71.715],[-95.5166,71.7108],[-95.5908,71.6882],[-95.6856,71.6342],[-95.8966,71.6065],[-95.8132,71.5099],[-95.5415,71.4922],[-95.4356,71.388],[-95.5216,71.2997],[-95.7728,71.3265],[-95.8827,71.4069],[-96.1763,71.3938],[-96.251,71.2973],[-96.4376,71.2845],[-96.3867,71.1813],[-96.5265,71.1313],[-96.3766,71.0572],[-96.5876,70.8473],[-96.5708,70.7817],[-96.0537,70.5921],[-96.4873,70.3724],[-96.5415,70.2216],[-96.4793,70.0995],[-96.0455,69.897],[-96.0315,69.8145],[-95.6947,69.7942],[-95.3627,69.6744],[-94.8016,69.5634],[-94.5502,69.6495],[-94.4908,69.5611],[-94.235,69.435],[-93.9116,69.437],[-93.5823,69.5367],[-93.4542,69.5016],[-93.6537,69.3539],[-94.0053,69.3624],[-94.2644,69.3222],[-94.3007,69.1666],[-94.1201,69.0705],[-94.5494,68.9435],[-94.6001,68.7573],[-94.2052,68.7447],[-93.9942,68.8388],[-94.0647,68.8893],[-93.8401,68.972],[-93.6601,68.9803],[-93.5637,68.8545],[-93.704,68.6808],[-93.4453,68.5664],[-93.9996,68.4594],[-94.1938,68.3634],[-94.152,68.2836],[-94.5828,68.1479],[-94.6941,68.056],[-94.8368,68.0345],[-95.3383,68.0778],[-95.5262,67.9106],[-95.4889,67.8635],[-95.6772,67.7064],[-95.4284,67.6305],[-95.2882,67.5154],[-95.3456,67.4591],[-95.2131,67.2473],[-95.3555,67.1643],[-95.5306,67.2257],[-95.5265,67.3251],[-95.6846,67.3849],[-96.0833,67.2249],[-96.1894,67.3131],[-96.0889,67.4033],[-96.4436,67.4809],[-96.1235,67.6969],[-96.183,67.8431],[-96.0496,68.0124],[-95.9602,68.2175],[-96.3287,68.1863],[-96.4343,68.2461],[-96.6842,68.2781],[-96.8931,68.2486],[-96.9661,68.3333],[-97.3064,68.507],[-97.8026,68.554],[-97.9751,68.522],[-97.8452,68.3883],[-98.1374,68.308],[-98.3277,68.3747],[-98.4655,68.3435],[-98.3958,68.2056],[-98.5382,68.1465],[-98.3763,68.0177],[-98.1771,67.9192],[-97.9749,67.97],[-97.72,67.9756],[-97.6286,68.0224],[-97.3548,67.8778],[-97.2375,67.8958],[-97.0786,67.7837],[-97.3379,67.626],[-97.6291,67.6501],[-98.0973,67.7771],[-98.1971,67.9167],[-98.5116,68.0791],[-98.7074,68.071],[-98.7061,67.9541],[-98.3861,67.7866],[-98.839,67.7697],[-99.1868,67.7102],[-99.295,67.7697],[-99.5654,67.8082],[-100.0505,67.8163],[-100.1298,67.8431],[-100.692,67.8512],[-100.943,67.7536],[-101.2057,67.7573],[-101.5172,67.6915],[-101.9643,67.7682],[-102.2826,67.7229],[-102.4229,67.7878],[-102.8402,67.8391],[-102.9238,67.9247],[-103.0875,67.9209],[-103.3502,68.0089],[-103.3594,68.0932],[-103.7684,68.0288],[-103.9337,68.0505],[-104.2081,68.0245],[-104.5188,68.0546],[-104.6461,68.1482],[-104.5585,68.2451],[-104.851,68.2413],[-105.0875,68.2785],[-105.2036,68.3892],[-105.4988,68.4272],[-105.3921,68.5757],[-105.5253,68.6756],[-105.4336,68.7368],[-105.7688,68.883],[-106.2632,68.9102],[-107.0976,68.7514],[-107.2777,68.7036],[-107.7145,68.6543],[-108.2589,68.632],[-108.3553,68.6034],[-108.5966,68.3943],[-108.6922,68.3624],[-108.7117,68.2385],[-108.3593,68.2935],[-108.3175,68.1645],[-107.9668,68.1482],[-107.7533,68.1839],[-107.8677,68.2608],[-107.8312,68.3392],[-107.2877,68.3323],[-107.117,68.2861],[-106.9656,68.3891],[-106.7572,68.4086],[-106.573,68.3134],[-106.4748,68.4917],[-106.2418,68.5779],[-105.7883,68.6131],[-105.6902,68.4416],[-106.2013,68.4002],[-106.4901,68.2454],[-107.0164,68.1144],[-107.153,68.1306],[-107.3717,68.0433],[-107.5875,68.0638],[-107.7296,68.0086],[-107.6768,67.9083],[-107.9486,67.848],[-108.0266,67.7477],[-107.5672,67.5027],[-107.6358,67.4538],[-107.5788,67.2635],[-107.3525,67.1334],[-107.4233,67.0573],[-107.1898,66.9707],[-107.4786,66.8711],[-107.7423,66.978],[-107.6548,66.7114],[-107.9442,66.7331],[-107.9728,66.8315],[-108.0997,66.8512],[-108.1326,67.0802],[-107.9577,67.0707],[-107.8617,67.1433],[-107.9935,67.285],[-108.4987,67.4942],[-108.5738,67.612],[-108.6984,67.6125],[-108.7125,67.4583],[-108.9741,67.446],[-108.9495,67.6237],[-109.0326,67.7247],[-109.4663,67.7521],[-109.6824,67.8081],[-109.9481,67.9299],[-110.0364,68.0112],[-110.4473,67.9402],[-110.9563,67.7747],[-111.1998,67.8376],[-111.6353,67.7307],[-111.7965,67.7623],[-112.2005,67.7277],[-112.5003,67.6774],[-112.9874,67.6714],[-113.138,67.7037],[-113.8501,67.6972],[-114.2476,67.7275],[-114.7068,67.8203],[-114.9895,67.793],[-115.5491,67.9219],[-115.1835,68.0116],[-115.1705,68.1875],[-114.8607,68.1514],[-114.7524,68.2064],[-114.4429,68.2639],[-114.274,68.2269],[-114.025,68.286],[-113.8913,68.3962],[-114.0423,68.4345],[-114.1006,68.5245],[-114.4336,68.6332],[-114.577,68.7368],[-114.7557,68.7479],[-114.9725,68.8693],[-115.2834,68.9044],[-115.6018,68.9815],[-116.0877,68.8951],[-116.5107,68.8642],[-116.8261,68.8843],[-116.9954,68.9405],[-117.1398,68.8974],[-117.3845,68.9643],[-117.72,68.9793],[-118.373,69.1064],[-118.593,69.2063],[-119.1836,69.2966],[-119.9539,69.3459],[-120.3734,69.4336],[-120.9393,69.6642],[-121.4077,69.7739],[-122.2208,69.8166],[-123.1291,69.7687],[-123.0939,69.6659],[-123.2089,69.4791],[-123.6645,69.353],[-124.027,69.3786],[-124.302,69.3376],[-124.4507,69.4772],[-124.0364,69.6798],[-124.5114,69.7251],[-124.3469,70.039],[-124.3827,70.1218],[-124.6763,70.069],[-125.0434,70.0501],[-124.8317,69.9691],[-124.999,69.8637],[-125.0831,69.7452],[-125.4195,69.6424],[-125.2944,69.5238],[-125.4458,69.457],[-125.3529,69.3795],[-125.501,69.3189],[-125.6919,69.3848],[-125.9165,69.389],[-126.264,69.5151],[-126.7248,69.7588],[-127.0646,70.1566],[-127.3776,70.3532],[-128.0056,70.5638],[-128.1569,70.4958],[-128.2126,70.388],[-128.0409,70.273],[-127.6698,70.1993],[-128.1367,70.1578],[-128.3771,70.1064],[-128.3122,69.9377],[-128.6153,69.8678],[-128.8405,69.7415],[-129.1507,69.6875],[-129.1725,69.8154],[-129.5939,69.8112],[-130.0907,69.7005],[-130.3405,69.6827],[-130.4591,69.5648],[-130.6533,69.4669],[-130.6493,69.4031],[-130.8524,69.353],[-131.0484,69.4259],[-131.1399,69.5276],[-131.7864,69.3712],[-131.7861,69.3138],[-132.007,69.2324],[-132.2959,69.1858],[-132.425,69.1056],[-132.8457,69.0621],[-132.8671,68.9602],[-132.778,68.8287],[-132.5251,68.896],[-132.4788,68.7937],[-132.8967,68.8404],[-133.1603,68.8103],[-133.327,68.9806],[-132.9291,69.1145],[-132.7712,69.2496],[-132.3536,69.2877],[-132.1231,69.3576],[-132.0589,69.4978],[-131.7753,69.5533],[-131.3528,69.5576],[-131.1176,69.6049],[-130.9461,69.538],[-130.5633,69.7587],[-129.5381,69.9928],[-129.4201,70.0807],[-129.6199,70.1651],[-129.8066,70.187],[-129.9445,70.0475],[-130.2609,70.0718],[-130.3457,70.1174],[-130.702,70.0657],[-130.8704,70.0805],[-131.039,69.9998],[-131.0922,69.8855],[-131.3198,69.9406],[-131.6439,69.8627],[-132.0398,69.6963],[-132.2814,69.6925],[-132.5491,69.7324],[-132.7481,69.6249],[-132.9809,69.5707],[-132.9456,69.4379],[-133.1984,69.3759],[-133.519,69.395],[-133.9364,69.2693],[-134.1928,69.2455],[-134.1962,69.1896],[-134.3498,69.1191],[-134.3688,69.0881],[-134.4943,69.0897],[-134.5921,69.0641],[-134.6393,68.9831],[-134.4157,68.7771],[-134.211,68.7269],[-133.8637,68.531],[-133.6728,68.322],[-133.7689,68.2588],[-133.7734,68.2215],[-133.7823,68.2031],[-133.824,68.1798],[-133.7914,68.1684],[-133.7944,68.1634],[-133.8094,68.1573],[-133.8098,68.1424],[-133.7976,68.1366],[-133.8048,68.1307],[-133.9114,68.0052],[-133.9681,68.0062],[-133.9767,67.9794],[-134.0265,67.9737],[-134.0286,67.9512],[-134.0829,67.9352],[-134.0303,67.9103],[-133.9987,67.8719],[-134.0256,67.8168],[-134.1946,67.7666],[-134.0972,67.5965],[-134.6524,67.7178],[-134.7729,67.8085],[-134.9641,68.0056],[-135.0914,68.0062],[-135.1305,68.018],[-135.1967,68.0654],[-135.1996,68.1437],[-135.0833,68.2268],[-135.2347,68.3331],[-135.5228,68.4155],[-135.7808,68.5934],[-135.8386,68.7347],[-136.159,68.8573],[-136.5191,68.9006],[-136.7551,68.8558],[-137.0461,68.9432],[-137.2043,68.9283],[-138.1473,69.147],[-138.3497,69.2831],[-138.6104,69.2814],[-139.1533,69.5032],[-139.5106,69.5313],[-139.9346,69.612],[-140.3688,69.589],[-141.0,69.6465],[-141.1967,69.6827],[-141.3703,69.6331],[-141.6133,69.748],[-142.2377,69.8477],[-142.3358,69.9101],[-142.7413,70.0402],[-143.235,70.1005],[-143.6565,70.0729],[-144.1186,70.071],[-144.6716,69.965],[-145.2495,69.9942],[-145.5557,70.055],[-145.83,70.1576],[-146.8482,70.1766],[-147.6785,70.1998],[-147.7905,70.2803],[-148.0275,70.2659],[-148.4951,70.3154],[-148.4972,70.3699],[-148.8439,70.3912],[-149.1788,70.4844],[-149.8665,70.5043],[-150.1108,70.4287],[-150.4833,70.3907],[-150.7097,70.3358],[-150.8913,70.1773],[-151.1809,70.3827],[-151.5724,70.4394],[-151.8804,70.4314],[-151.747,70.5323],[-151.9831,70.5645],[-152.222,70.5399],[-152.412,70.5723],[-152.4784,70.6908],[-152.2244,70.8271],[-152.6037,70.8828],[-152.7477,70.8544],[-153.1401,70.9214],[-153.5206,70.8843],[-153.9326,70.8786],[-154.1727,70.7685],[-154.3599,70.8308],[-154.6645,70.8702],[-154.566,70.9884],[-154.803,71.0848],[-155.3633,70.9968],[-155.4865,70.8703],[-155.7084,70.8349],[-156.2628,70.9182],[-155.7252,70.9835],[-155.5416,71.0615],[-155.5661,71.1628],[-155.9598,71.1847],[-156.079,71.2397],[-156.5312,71.2955],[-156.4764,71.3882],[-156.4824,71.3875],[-156.8141,71.2839],[-157.2387,71.0537],[-157.7673,70.8757],[-158.1201,70.8223],[-159.1387,70.7588],[-159.346,70.8477],[-159.6361,70.7985],[-160.0156,70.6317],[-159.7165,70.4866],[-159.8519,70.4214],[-160.1481,70.5925],[-160.8638,70.3385],[-161.3078,70.2487],[-161.6289,70.2431],[-161.8923,70.3008],[-162.1022,70.1807],[-162.455,70.0579],[-162.4555,69.9958],[-163.0098,69.7569],[-162.9287,69.7074],[-163.0944,69.5799],[-163.0242,69.5175],[-163.1436,69.3399],[-163.4994,69.1464],[-163.8925,69.0066],[-164.2498,68.9303],[-165.3341,68.8575],[-165.659,68.8449],[-166.215,68.8809],[-166.2258,68.5774],[-166.3513,68.4152],[-166.3074,68.329],[-165.8882,68.1135],[-165.379,68.0357],[-164.5261,67.7226],[-164.147,67.6373],[-163.8671,67.416],[-163.739,67.1804],[-163.6446,67.0963],[-162.9252,67.0143],[-162.7488,67.0516],[-162.6136,66.9909],[-162.2344,66.9932],[-161.8682,67.0494],[-161.623,67.0098],[-161.7806,66.8931],[-161.7982,66.8345],[-161.8527,66.8115],[-161.8183,66.798],[-161.7743,66.8035],[-161.726,66.8065],[-161.702,66.7997],[-161.6828,66.8077],[-161.6485,66.8122],[-161.6391,66.8066],[-161.6192,66.8021],[-161.5975,66.8178],[-161.5971,66.8262],[-161.5641,66.832],[-161.5563,66.8586],[-161.5319,66.863],[-161.5075,66.8598],[-161.5034,66.8656],[-161.4837,66.8637],[-161.4731,66.8715],[-161.4541,66.8706],[-161.4257,66.8761],[-161.4034,66.8848],[-161.3479,66.8908],[-161.332,66.8878],[-161.3037,66.8928],[-161.2874,66.8921],[-161.2005,66.8739],[-161.1356,66.9043],[-160.9772,66.9353],[-160.648,66.9038],[-161.0587,66.8273],[-161.0361,66.7524],[-161.2767,66.6808],[-161.296,66.6187],[-160.8372,66.6572],[-160.6641,66.5915],[-160.3222,66.6403],[-160.195,66.4843],[-159.6995,66.5088],[-159.657,66.4055],[-159.9272,66.406],[-160.0054,66.4737],[-160.2052,66.4577],[-160.2248,66.3899],[-160.5438,66.3586],[-160.7843,66.3642],[-161.1714,66.5266],[-161.5785,66.4399],[-161.9113,66.5459],[-162.066,66.6445],[-162.011,66.7798],[-162.1139,66.7967],[-162.3081,66.9391],[-162.6231,66.8574],[-162.5012,66.7343],[-162.2093,66.7006],[-162.0912,66.6048],[-161.8981,66.5278],[-161.9121,66.3518],[-161.511,66.396],[-161.1079,66.3271],[-160.9855,66.2221],[-161.5516,66.2425],[-161.8291,66.0],[-162.1343,66.0782],[-162.3803,66.0277],[-162.618,66.0387],[-162.7645,66.0938],[-163.0619,66.0648],[-163.4882,66.0834],[-163.7491,66.068],[-163.9247,66.2183],[-163.8378,66.2589],[-163.8475,66.4169],[-163.755,66.5564],[-163.9856,66.5898],[-164.5453,66.5629],[-164.89,66.4682],[-165.4338,66.4034],[-165.6949,66.339],[-165.8753,66.2401],[-165.5642,66.161],[-165.7767,66.0987],[-166.0511,66.1073],[-166.2181,66.1718],[-166.6176,66.086],[-167.0333,65.871],[-167.2763,65.893],[-167.5601,65.7852],[-167.5839,65.7088],[-167.7886,65.7082],[-168.0702,65.578],[-167.8873,65.5518],[-167.3989,65.4016],[-166.6213,65.3525],[-166.3997,65.3095],[-166.5203,65.1357],[-166.6467,65.1105],[-166.6826,64.9825],[-166.4913,64.9362],[-166.3832,64.812],[-166.4781,64.7347],[-166.3954,64.6418],[-166.1975,64.5785],[-165.4287,64.5001],[-165.0129,64.4356],[-164.7621,64.5119],[-164.646,64.5043],[-164.3375,64.5647],[-163.9928,64.5517],[-163.375,64.5809],[-163.1948,64.6466],[-162.8593,64.5017],[-162.7369,64.3585],[-162.6299,64.3866],[-162.5427,64.5318],[-162.2416,64.6171],[-162.1644,64.682],[-161.9131,64.702],[-161.6971,64.7766],[-161.3661,64.7805],[-161.1538,64.9132],[-160.8734,64.8033],[-160.7815,64.7144],[-160.8004,64.6126],[-161.0771,64.4942],[-161.3937,64.5305],[-161.4722,64.4488],[-161.264,64.4021],[-160.9728,64.2314],[-160.9526,64.0881],[-160.7826,63.8669],[-160.7639,63.7827],[-160.9084,63.653],[-161.3137,63.47],[-161.8147,63.4392],[-162.1794,63.5307],[-162.4059,63.4193],[-162.6743,63.2227],[-163.0431,63.0617],[-163.3546,63.0313],[-163.6951,63.0343],[-163.7626,63.0191],[-163.8052,62.9848],[-163.7714,62.9556],[-163.8606,62.9196],[-163.9001,62.8712],[-164.0759,62.8331],[-163.9402,62.7264],[-163.9305,62.5851],[-163.7915,62.4154],[-163.9409,62.1075],[-164.0066,62.2132],[-163.9193,62.4581],[-163.9612,62.5431],[-164.136,62.6735],[-164.531,62.7085],[-164.8613,62.5337],[-165.032,62.5402],[-165.1962,62.4753],[-165.7064,62.1223],[-165.7608,62.0383],[-165.7179,61.9273],[-165.6161,61.8541],[-166.0948,61.8147],[-166.0119,61.7214],[-166.1562,61.6395],[-166.1391,61.5055],[-165.9311,61.5523],[-165.7577,61.4794],[-165.7096,61.4115],[-165.6421,61.4019],[-165.6036,61.4075],[-165.5862,61.4046],[-165.5795,61.4287],[-165.5245,61.4282],[-165.5088,61.4329],[-165.5078,61.4209],[-165.4861,61.4197],[-165.4504,61.4252],[-165.4741,61.3981],[-165.4612,61.3772],[-165.3902,61.3489],[-165.4986,61.3268],[-165.6515,61.3202],[-165.6317,61.1782],[-165.5877,61.1028],[-165.4174,61.0765],[-165.3046,61.1799],[-165.1183,61.0772],[-165.1358,60.9225],[-164.9578,60.9467],[-164.8235,60.8991],[-164.62,60.9343],[-164.5409,60.8481],[-164.1842,60.8764],[-163.7582,60.8474],[-163.505,60.7964],[-163.4143,60.7272],[-163.5002,60.6483],[-163.787,60.5798],[-163.7815,60.7545],[-164.0297,60.7607],[-164.1033,60.6721],[-164.247,60.6522],[-164.4273,60.4797],[-164.5748,60.4535],[-164.5301,60.3927],[-164.5348,60.3823],[-164.604,60.3786],[-164.6239,60.3712],[-164.6259,60.3295],[-164.6679,60.3091],[-164.3412,60.0575],[-164.2033,60.0289],[-164.2204,59.9446],[-164.1036,59.8318],[-163.6495,59.7955],[-163.1679,59.8435],[-162.7623,59.9507],[-162.5415,59.9816],[-162.4761,60.0311],[-162.4521,60.2876],[-162.185,60.1516],[-162.2368,60.09],[-162.0485,59.85],[-161.8814,59.7027],[-161.869,59.6394],[-161.7022,59.4982],[-161.9571,59.3752],[-162.0355,59.2329],[-161.9834,59.1506],[-161.8489,59.107],[-161.6192,59.1299],[-161.5889,59.0762],[-161.8075,58.9968],[-161.7526,58.8115],[-161.6971,58.7602],[-161.9949,58.6808],[-161.6349,58.5969],[-161.3743,58.6647],[-161.2756,58.7807],[-161.0788,58.8167],[-160.9665,58.8743],[-160.8239,58.8416],[-160.6547,58.9557],[-160.3602,59.0707],[-160.2463,58.9229],[-160.0706,58.8817],[-159.9023,58.7722],[-159.7324,58.8954],[-159.4947,58.822],[-159.3054,58.6845],[-159.0555,58.4219],[-158.8052,58.4076],[-158.7477,58.4952],[-158.8822,58.7095],[-158.7751,58.7706],[-158.7643,58.8789],[-158.6148,58.9135],[-158.5442,58.7922],[-158.3473,58.7252],[-158.2144,58.6149],[-158.0775,58.6245],[-157.5549,58.7552],[-157.2962,58.8375],[-157.0808,58.8764],[-156.9978,58.8171],[-157.0797,58.7087],[-157.482,58.4778],[-157.54,58.2743],[-157.4057,58.1743],[-157.5518,58.1561],[-157.6109,58.0364],[-157.7127,57.6221],[-157.6015,57.6083],[-157.943,57.4638],[-158.0672,57.381],[-158.3824,57.2451],[-158.6264,57.0506],[-158.6974,56.9466],[-158.6515,56.8455],[-158.7787,56.7844],[-158.954,56.8436],[-159.3212,56.6721],[-159.8144,56.5456],[-160.3494,56.2837],[-160.4649,56.1028],[-160.563,56.0072],[-160.5345,55.9561],[-160.3238,55.8606],[-160.4723,55.7927],[-160.5539,55.8632],[-160.7677,55.8543],[-160.7912,55.7255],[-160.9527,55.8219],[-161.0773,55.9427],[-161.3525,55.9712],[-161.8085,55.8918],[-162.2616,55.6912],[-162.5048,55.5019],[-162.5023,55.3964],[-162.8102,55.3033],[-162.8642,55.1822],[-163.2021,55.161],[-163.3471,54.9313],[-163.3576,54.8105],[-163.2859,54.7541],[-163.3762,54.792],[-163.4223,54.9455],[-163.5612,55.0459],[-163.896,55.0364],[-164.3373,54.8954],[-164.4331,54.9326],[-164.5568,54.8476],[-164.7215,54.6538],[-164.9475,54.5755],[-164.8469,54.4195],[-164.6555,54.3889],[-164.4505,54.4209],[-164.3434,54.5211],[-164.1682,54.6057],[-163.757,54.6329],[-164.942,54.0855],[-164.9704,54.0734],[-166.7493,53.4478],[-166.6579,53.4862],[-166.5535,53.6151],[-166.2747,53.6862],[-166.337,53.7852],[-166.2143,53.9089],[-166.263,53.9702],[-166.4022,53.9596],[-166.5978,53.8469],[-166.624,54.005],[-166.7456,54.0145],[-167.0757,53.9247],[-167.1528,53.8283],[-167.0094,53.7547],[-167.1647,53.601],[-167.1581,53.4807],[-167.3274,53.4061],[-167.4596,53.4458],[-167.7101,53.3817],[-167.8556,53.3104],[-167.6227,53.2566],[-167.4554,53.321],[-167.3168,53.3315],[-167.056,53.4581],[-166.7636,53.4434],[-168.7552,52.9098],[-168.591,53.0263],[-168.4601,53.0546],[-168.27,53.2421],[-168.1206,53.2762],[-167.8404,53.389],[-167.7911,53.5211],[-168.0041,53.5655],[-168.2347,53.529],[-168.4109,53.4157],[-168.3447,53.2612],[-168.5901,53.2724],[-168.8038,53.1407],[-168.7616,53.0804],[-168.8647,53.0134],[-168.8647,52.9438],[-169.1064,52.8196],[-172.9544,52.0935],[-173.5136,52.1029],[-173.6373,52.1515],[-173.9802,52.1052],[-173.8368,52.0405],[-173.7004,52.0599],[-173.5511,52.0284],[-173.0565,52.0743],[-173.9487,51.9567],[-176.9386,51.5844],[-180.0,51.394],[-180.0,65.0382],[-179.653,65.1667],[-179.5376,65.2378],[-180.0,65.3314],[-180.0,65.3603],[-179.42,65.4421],[-179.2719,65.5274],[-179.2743,65.6303],[-179.5494,65.7054],[-179.7793,65.8899],[-179.7502,66.097],[-179.2969,66.1278],[-179.161,66.2634],[-178.9607,66.1599],[-178.7219,66.2016],[-178.6092,66.3182],[-178.4509,66.3567],[-178.4775,66.1363],[-178.6344,66.0962],[-178.662,66.016],[-178.8559,65.9045],[-178.5789,65.7342],[-178.4509,65.7425],[-178.4844,65.5428],[-178.4295,65.4664],[-177.7738,65.449],[-177.3232,65.4864],[-177.0058,65.6261],[-175.916,65.4098],[-175.8906,65.258],[-175.7334,65.134],[-175.7963,65.0803],[-175.7864,64.9455],[-175.4798,64.8752],[-175.428,64.8024],[-175.0477,64.7617],[-174.9261,64.7868],[-174.2379,64.607],[-174.0419,64.53],[-173.9925,64.4149],[-173.6521,64.3319],[-173.5378,64.3322],[-173.1145,64.2309],[-172.836,64.3],[-172.8033,64.4295],[-172.5853,64.372],[-172.3992,64.4045],[-172.4179,64.5418],[-172.5779,64.5522],[-172.8254,64.6561],[-172.7603,64.8329],[-172.2656,64.9632],[-172.088,65.097],[-172.2656,65.26],[-172.139,65.4332],[-172.3408,65.4192],[-172.4196,65.4742],[-172.3828,65.5767],[-172.6589,65.6279],[-172.597,65.6916],[-172.3895,65.6825],[-172.209,65.5849],[-171.9653,65.5207],[-171.2533,65.5241],[-171.0795,65.4693],[-170.9705,65.5542],[-171.1639,65.7029],[-170.7417,65.6086],[-170.5011,65.6523],[-170.5552,65.8462],[-170.1729,66.0044],[-169.9608,66.0443],[-169.7178,66.0058],[-169.6784,66.131],[-170.0959,66.1782],[-170.2111,66.2842],[-170.57,66.3479],[-170.6654,66.4171],[-171.0806,66.5629],[-171.3628,66.6737],[-171.4092,66.7702],[-171.6083,66.8226],[-171.6746,66.9416],[-172.2158,66.9571],[-172.6779,66.8943],[-172.9996,66.9144],[-173.2857,66.8201],[-173.3203,66.9342],[-173.2578,67.0436],[-173.549,67.0952],[-173.7109,67.0772],[-174.4565,67.0771],[-174.055,66.9743],[-173.969,66.8557],[-173.9221,66.6772],[-174.2223,66.5734],[-173.8332,66.5099],[-173.7101,66.4521],[-173.7081,66.3698],[-173.9292,66.3656],[-174.0253,66.4712],[-174.3087,66.3522],[-174.4602,66.3358],[-174.4441,66.5327],[-174.9236,66.6459],[-174.6993,66.7692],[-174.7825,66.9372],[-174.9004,67.0329],[-174.867,67.2719],[-174.7424,67.3021],[-174.9145,67.4255],[-175.0633,67.353],[-175.2379,67.4139],[-175.1527,67.5079],[-175.2602,67.651],[-175.7593,67.7848],[-175.9366,67.7418],[-175.8879,67.6324],[-176.1634,67.6303],[-176.0152,67.856],[-176.1805,67.9032],[-176.4768,67.8851],[-176.7943,67.9701],[-176.7373,68.0496],[-177.3787,68.2399],[-177.5175,68.1932],[-177.5069,68.0963],[-177.6225,68.063],[-177.7386,68.2485],[-177.9315,68.2559],[-178.0048,68.4103],[-178.7004,68.5406],[-178.6982,68.6464],[-178.9209,68.7701],[-179.3555,68.8277],[-179.488,68.924],[-179.7271,68.8921],[-180.0,68.9767],[-180.0,70.9759],[-179.5176,70.9022],[-179.1783,70.8907],[-178.7408,70.9573],[-177.9228,71.0204],[-177.5827,71.1008],[-177.4439,71.2363],[-177.7578,71.3085],[-177.9863,71.4345],[-178.2989,71.5223],[-178.9897,71.5853],[-179.286,71.5309],[-179.5743,71.5663],[-180.0,71.5316],[-180.0,90.0],[180.0,90.0],[180.0,71.5316],[179.8736,71.4725],[179.4815,71.4096],[179.1818,71.2712],[178.9483,71.226],[178.6264,71.0698],[178.786,70.8839],[178.7616,70.7825],[179.1736,70.8702],[179.6417,70.8765],[180.0,70.9759],[180.0,68.9767],[179.9997,68.977],[179.3013,69.2566],[178.7951,69.2604],[178.7608,69.405],[178.4919,69.4509],[178.0582,69.4611],[177.4788,69.591],[176.8797,69.6461],[176.2748,69.7869],[175.9514,69.7661],[175.5254,69.8624],[175.3054,69.8217],[174.436,69.8477],[174.0982,69.8792],[173.9495,69.8302],[173.4972,69.9304],[173.3121,69.8712],[173.0394,69.8443],[172.7925,69.9153],[171.9975,69.9772],[171.427,70.0519],[171.0265,70.0837],[170.5874,70.0664],[170.5245,69.907],[170.6089,69.7624],[170.2744,69.6993],[170.154,69.5945],[170.5288,69.5987],[170.9312,69.2708],[170.8892,69.1649],[171.0327,69.0962],[170.7116,68.8958],[170.6479,68.7385],[170.3305,68.8398],[170.2051,68.8056],[169.7251,68.7654],[169.4649,68.8094],[169.4021,69.0454],[169.1107,69.0857],[168.7156,69.1984],[168.3365,69.2077],[168.2297,69.3023],[168.2754,69.5498],[167.9637,69.643],[168.062,69.742],[167.759,69.772],[167.2082,69.5495],[166.9072,69.464],[166.6212,69.5006],[166.1671,69.5115],[165.7637,69.5721],[165.2541,69.5875],[164.9296,69.5593],[164.621,69.576],[164.0053,69.7534],[163.8003,69.679],[163.4938,69.6736],[163.3074,69.7053],[162.7107,69.6404],[162.5864,69.6711],[162.2127,69.6193],[162.009,69.5096],[161.8401,69.502],[161.4649,69.3484],[161.6264,69.2743],[161.44,69.202],[161.5381,69.1615],[161.5125,69.0685],[161.6594,68.8771],[161.3648,68.7906],[161.4314,68.6833],[161.3054,68.6568],[161.0944,68.5079],[160.6214,68.5118],[160.5984,68.4843],[160.5029,68.4677],[160.3685,68.5139],[159.799,68.5467],[159.483,68.5751],[159.2524,68.6308],[159.1383,68.7466],[158.6121,68.6697],[158.7765,68.4864],[158.7153,68.3397],[158.6244,68.2715],[158.7228,68.3746],[158.6249,68.4362],[158.6992,68.5262],[158.5638,68.6955],[159.2545,68.7928],[159.3766,68.7995],[159.4339,68.7894],[159.4812,68.7562],[159.5278,68.7605],[159.5182,68.7956],[159.5936,68.8036],[159.6233,68.8024],[159.6508,68.7836],[159.651,68.7544],[159.7047,68.7471],[159.7275,68.7549],[159.7414,68.7547],[159.7525,68.7343],[159.7887,68.7417],[159.8167,68.7379],[159.8169,68.7185],[159.7872,68.7018],[159.8236,68.7046],[159.8452,68.7166],[159.8678,68.7116],[159.8657,68.7031],[159.8415,68.6881],[159.844,68.6735],[159.8304,68.6733],[159.8136,68.68],[159.8066,68.6782],[159.8057,68.674],[159.8222,68.6518],[159.897,68.6558],[160.0216,68.6485],[160.0532,68.6212],[160.1574,68.6294],[160.1186,68.6557],[160.1485,68.6635],[160.1991,68.6479],[160.2491,68.6581],[160.2237,68.6833],[160.2656,68.683],[160.2768,68.6603],[160.3201,68.6517],[160.3456,68.6675],[160.6025,68.6544],[160.6321,68.6239],[160.7007,68.6194],[160.7465,68.609],[160.7784,68.6112],[160.8015,68.6311],[160.8827,68.6362],[161.0288,68.6628],[161.0486,68.6719],[161.1007,68.6678],[161.415,68.91],[161.3587,68.9776],[160.9745,69.0778],[161.0914,69.1556],[161.0017,69.433],[161.0291,69.5317],[160.9265,69.6123],[160.5418,69.6749],[160.4191,69.6643],[159.839,69.7752],[159.6764,69.8722],[159.8623,69.9784],[159.925,70.1056],[160.0921,70.265],[159.9694,70.4412],[159.582,70.692],[159.1024,70.8314],[158.5686,70.9287],[157.7681,71.0287],[157.2159,71.0655],[156.1106,71.0769],[154.3343,70.9472],[153.7054,70.8537],[152.9806,70.8173],[152.3941,70.8345],[151.9921,70.9351],[151.6756,70.967],[151.3379,70.9543],[151.2225,70.9656],[151.0553,70.9223],[150.7197,70.9049],[150.4843,70.9211],[150.4175,70.934],[150.3372,70.906],[149.9487,70.8831],[149.7012,70.9036],[149.5144,70.8605],[149.1862,70.8579],[149.0488,70.7983],[148.7807,70.7918],[148.7414,70.653],[148.2879,70.601],[148.0058,70.6213],[147.9209,70.5494],[147.7024,70.5097],[147.439,70.3307],[147.46,70.1166],[147.363,70.0454],[147.5975,70.016],[147.3825,69.6521],[147.6142,69.5884],[147.6495,69.4854],[147.6058,69.4379],[147.6613,69.3678],[147.4747,69.3624],[147.3749,69.294],[147.5169,69.2355],[147.5741,69.1946],[147.5918,69.139],[147.4553,69.1257],[147.4751,69.0972],[147.5386,69.0557],[147.443,68.9778],[147.6077,68.8772],[147.4083,68.8312],[147.3071,68.8971],[147.4366,68.9526],[147.4069,69.0099],[147.4934,69.0571],[147.4368,69.1096],[147.4422,69.1278],[147.4734,69.1362],[147.5573,69.1402],[147.4846,69.1912],[147.4893,69.2404],[147.3593,69.2711],[147.3569,69.3218],[147.6414,69.4776],[147.5316,69.5788],[147.3626,69.6536],[147.5675,69.9893],[147.3883,70.0291],[147.3513,70.05],[147.3597,70.097],[147.4336,70.1734],[147.2759,70.2113],[147.4172,70.2583],[147.4472,70.4935],[147.8507,70.6069],[148.2357,70.7904],[148.2718,70.8018],[148.3422,70.7989],[148.3711,70.8151],[148.3989,70.821],[148.4271,70.8235],[148.5121,70.8272],[148.5268,70.8846],[148.5968,70.9215],[148.8165,70.917],[148.9542,70.986],[149.1095,70.9886],[149.0625,71.0207],[149.331,71.0921],[149.2847,71.1232],[149.2899,71.133],[149.3613,71.1373],[149.3871,71.1481],[149.3493,71.1849],[149.4853,71.1996],[149.4722,71.2597],[149.5488,71.293],[149.4581,71.3505],[149.5902,71.4027],[149.737,71.3952],[149.7736,71.4407],[149.8706,71.4877],[150.0338,71.5325],[150.034,71.6308],[149.8934,71.6623],[149.5639,71.6415],[149.3299,71.6885],[148.9772,71.6671],[148.8753,71.6996],[148.9538,71.7031],[148.9994,71.6856],[149.0081,71.6903],[149.0231,71.7101],[149.0449,71.7308],[149.0905,71.7618],[149.4481,71.8923],[149.7046,71.7468],[150.0695,71.8192],[150.1205,71.8761],[149.9505,72.0129],[149.6013,72.1362],[149.3298,72.1967],[148.3818,72.3197],[147.4891,72.3256],[147.0988,72.292],[146.729,72.0969],[146.0726,71.7771],[145.8318,71.7157],[145.8046,71.7109],[145.718,71.7055],[145.5779,71.7072],[145.3779,71.6499],[145.0393,71.6676],[144.9383,71.7093],[144.9445,71.724],[144.9954,71.73],[144.9115,71.7499],[145.3736,71.8678],[145.8431,71.9397],[145.6293,72.0914],[145.78,72.1812],[146.2959,72.1304],[145.9862,71.9617],[146.2607,71.977],[146.5608,72.0933],[146.9531,72.2972],[146.5127,72.3116],[144.7689,72.2201],[144.5136,72.2353],[144.7973,72.4039],[145.2401,72.4312],[145.4583,72.3546],[145.92,72.3382],[146.5093,72.3432],[146.5481,72.4045],[145.933,72.4882],[144.4596,72.6287],[143.4574,72.6843],[142.171,72.7076],[141.7545,72.7377],[141.3281,72.8432],[140.7165,72.8701],[140.9675,72.7063],[140.8544,72.5905],[140.6599,72.4988],[140.0123,72.6071],[139.7094,72.5355],[139.2735,72.3582],[139.1495,72.2513],[139.339,72.1212],[139.6184,72.2229],[140.0453,72.223],[139.619,71.9513],[139.7498,71.8042],[139.7721,71.7183],[139.7714,71.7],[139.7784,71.6943],[139.7696,71.6918],[139.8474,71.5177],[139.174,71.4815],[139.1664,71.5775],[139.0062,71.6838],[138.6224,71.6175],[138.2836,71.6364],[138.123,71.5992],[138.0814,71.4643],[137.9354,71.3838],[138.0413,71.2904],[138.1148,71.1138],[137.8531,71.1497],[137.3448,71.4051],[137.1288,71.4175],[136.7708,71.5412],[136.2969,71.4597],[136.1278,71.3899],[136.1649,71.3421],[136.1085,71.3372],[136.083,71.3191],[136.0462,71.3225],[136.0017,71.3079],[136.0022,71.2983],[136.0725,71.2992],[136.0978,71.29],[136.0955,71.2681],[136.1623,71.2619],[136.1963,71.2451],[136.1589,71.2307],[136.1718,71.2084],[135.9793,71.1236],[136.2223,71.0507],[136.297,70.9743],[136.2376,70.7641],[135.8672,70.6656],[135.7152,70.683],[135.1832,70.6378],[135.4203,70.7232],[135.9607,70.6934],[136.0728,70.7798],[136.2097,70.7751],[136.2571,70.9742],[136.2007,71.051],[136.0028,71.0886],[135.897,71.1735],[135.9081,71.2817],[135.7943,71.2732],[135.6754,71.2818],[135.6965,71.3501],[135.2654,71.3482],[134.775,71.4105],[134.3754,71.3624],[134.0608,71.3815],[133.6678,71.4405],[133.1827,71.586],[133.1074,71.6477],[133.0137,71.6929],[133.0063,71.7088],[132.983,71.7267],[132.9566,71.7385],[132.7792,71.7647],[132.781,71.9492],[132.5533,71.8673],[132.455,71.7869],[132.3514,71.7232],[132.3243,71.7021],[132.2987,71.6805],[132.0353,71.3121],[132.024,71.2283],[131.8637,71.1704],[131.7775,71.0058],[131.6103,70.8557],[131.3224,70.7237],[131.0701,70.706],[130.8733,70.8608],[130.5833,70.8519],[130.3652,70.9007],[130.1641,71.0617],[129.8274,71.0869],[129.7187,71.2319],[129.4399,71.3201],[129.2395,71.6002],[128.9298,71.6096],[128.9788,71.7019],[129.1179,71.7028],[129.1822,71.7079],[129.2092,71.7116],[129.3064,71.7299],[129.4259,71.737],[129.3504,71.8152],[129.0906,71.7453],[128.743,71.7662],[128.5068,71.955],[128.5058,72.0395],[128.0052,72.2001],[127.7976,72.3243],[127.3195,72.3952],[126.7294,72.3965],[126.9321,72.2976],[126.9751,72.0435],[127.3652,71.9004],[127.208,71.7584],[127.2539,71.724],[127.2707,71.7174],[127.2942,71.7356],[127.3194,71.7463],[127.3346,71.7604],[127.3485,71.7596],[127.3284,71.741],[127.3043,71.7366],[127.2926,71.7241],[127.2918,71.7103],[127.2833,71.6582],[127.3554,71.5559],[127.3187,71.2446],[127.4013,71.1257],[127.6129,71.016],[127.5209,70.8831],[127.6654,70.8259],[126.9901,70.503],[125.9513,70.4927],[125.8472,70.3843],[126.2247,70.2714],[126.0135,70.0687],[125.4336,69.9065],[125.1267,69.8462],[125.0889,69.6713],[124.8833,69.5587],[124.8867,69.4572],[124.5217,69.2348],[124.3438,69.1876],[124.1069,69.0495],[124.0509,68.947],[123.8941,68.3414],[123.7366,68.2416],[123.3341,68.0673],[123.1744,67.9515],[123.1402,67.6874],[123.256,67.5397],[123.1598,67.3735],[123.4439,67.2566],[123.6054,67.11],[123.6448,67.0444],[123.5979,67.0041],[123.6422,66.9842],[123.66,66.9727],[123.6676,66.9631],[123.6076,66.9366],[123.6227,66.9245],[123.696,66.9075],[123.7015,66.9014],[123.6925,66.8947],[123.6845,66.8924],[123.67,66.8914],[123.5868,66.8856],[123.596,66.8549],[123.704,66.5543],[123.8514,66.3741],[124.0597,66.2319],[124.007,66.2042],[124.2296,65.9736],[124.3775,65.7549],[124.512,65.2565],[124.5855,65.1943],[125.035,64.9899],[125.1388,64.9057],[125.3307,64.8752],[125.5741,64.7721],[125.6404,64.7021],[125.5724,64.606],[125.9134,64.5741],[126.45,64.3998],[127.0431,64.1506],[127.5731,63.8855],[127.7228,63.8922],[127.8814,63.7258],[127.4186,63.8422],[127.2912,63.9184],[126.9328,64.0422],[126.879,64.1],[126.2748,64.4168],[126.0932,64.3947],[125.8257,64.4654],[125.7247,64.5369],[125.5222,64.5859],[125.1444,64.5876],[124.9482,64.7102],[124.8627,64.8345],[124.7202,64.8414],[124.6302,64.9626],[124.5144,64.9977],[124.2336,65.2695],[124.1256,65.3371],[124.1281,65.5103],[124.1911,65.6288],[124.1625,65.8196],[123.9177,65.95],[123.7089,66.2003],[123.6466,66.4181],[123.5268,66.4689],[123.4919,66.682],[123.3405,66.8805],[123.392,66.9637],[123.2673,67.0669],[123.2602,67.1916],[123.0347,67.3465],[123.0438,67.4288],[122.8994,67.4807],[122.9507,67.7798],[123.0669,67.8715],[122.9407,67.9687],[123.3192,68.1581],[123.6189,68.2252],[123.8147,68.3821],[123.889,68.6541],[123.993,68.8353],[123.9998,68.9655],[124.1573,69.1576],[124.6176,69.3256],[124.7346,69.4904],[124.7311,69.5744],[124.9143,69.6386],[125.0424,69.7567],[125.0573,69.8852],[125.1964,69.9801],[125.472,69.9856],[125.9697,70.1435],[125.9981,70.2685],[125.7705,70.3512],[125.7725,70.4334],[125.9315,70.5111],[126.375,70.5499],[126.796,70.5244],[127.0196,70.548],[127.5947,70.8247],[127.4428,70.8724],[127.5248,71.0524],[127.3411,71.1121],[127.2388,71.3383],[127.2803,71.5574],[127.2085,71.6831],[127.198,71.6947],[127.1573,71.7368],[127.1384,71.7699],[127.1596,71.812],[127.0608,71.9007],[126.6951,72.0543],[126.1151,72.1994],[126.1027,72.2754],[125.6968,72.3405],[125.0837,72.5504],[124.7935,72.6126],[124.3951,72.6401],[123.8447,72.7527],[123.4063,72.7258],[122.867,72.7879],[122.6695,72.8401],[122.2434,72.8787],[121.7312,72.9659],[121.0361,72.9256],[120.702,72.9685],[119.8575,73.0142],[119.7108,72.9764],[119.5797,73.0655],[119.1015,73.0885],[118.4843,73.1879],[118.3964,73.3931],[118.5974,73.4597],[119.002,73.4938],[118.6616,73.5605],[117.3027,73.5876],[116.5197,73.6714],[115.4414,73.7114],[115.1048,73.6646],[114.9277,73.599],[114.3254,73.5993],[113.527,73.5079],[113.6869,73.3986],[113.5845,73.3147],[113.1903,73.4465],[113.4696,73.6003],[113.1816,73.8645],[112.8078,73.7216],[112.1746,73.7085],[111.6705,73.7534],[111.3102,73.8596],[110.3813,74.0148],[109.9711,73.9981],[109.846,73.8712],[109.5497,73.8172],[109.6582,73.6788],[110.2985,73.6831],[110.6934,73.7932],[110.9018,73.7636],[110.7998,73.6568],[110.4833,73.6377],[110.0937,73.4901],[109.7083,73.4324],[109.1952,73.503],[109.307,73.3925],[108.6595,73.3157],[108.3079,73.2955],[107.7821,73.1535],[107.0228,73.162],[106.8513,73.1281],[106.3468,73.1857],[106.2162,73.126],[106.2226,72.978],[106.7236,72.8824],[106.6474,72.8506],[106.1705,72.904],[106.0705,72.9444],[105.5336,72.7447],[105.2758,72.7531],[104.7371,72.5878],[104.7576,72.5226],[104.3178,72.4992],[103.9147,72.401],[103.4491,72.4219],[103.1718,72.3332],[103.1437,72.2361],[102.8703,72.1846],[102.6066,72.0087],[102.1176,71.915],[101.4882,71.7579],[100.6835,71.7317],[100.6421,71.7188],[100.5469,71.7042],[100.5162,71.7006],[100.2407,71.6774],[100.1142,71.6802],[99.7255,71.5774],[99.5026,71.5487],[99.573,71.4758],[99.4351,71.3032],[99.2086,71.1833],[98.8454,71.1254],[98.6721,71.1643],[98.0609,71.1762],[98.1772,71.0331],[98.1322,70.9288],[97.9173,70.8951],[97.86,70.8094],[97.7697,70.7906],[97.4472,70.7983],[97.3285,70.8301],[96.8599,70.8588],[96.2122,70.8177],[95.6876,70.8322],[95.5901,70.8703],[95.5367,70.868],[95.5582,70.8769],[95.6116,70.8686],[95.7467,70.838],[96.1689,70.8265],[96.5686,70.8612],[96.9635,70.867],[97.296,70.8488],[97.5422,70.8028],[97.8442,70.8138],[97.8271,70.8676],[97.9363,70.911],[98.0863,70.9234],[98.1605,71.0506],[97.9965,71.074],[98.0904,71.1332],[98.0294,71.1767],[98.1074,71.1972],[98.8995,71.1534],[99.1815,71.1829],[99.3803,71.285],[99.542,71.4789],[99.4394,71.5591],[99.7366,71.5938],[100.0722,71.691],[100.2272,71.6825],[100.4099,71.7063],[100.484,71.7113],[100.5026,71.7136],[100.8898,71.8223],[101.2909,71.8114],[101.7524,71.8482],[101.9639,71.9746],[102.4436,71.9978],[102.8865,72.2289],[103.0904,72.2907],[103.071,72.3737],[103.4593,72.4655],[103.8558,72.5031],[105.057,72.7974],[105.3514,72.7919],[105.731,72.8869],[105.9234,73.0069],[105.9064,73.1063],[106.0652,73.1483],[106.124,73.2715],[106.2842,73.3206],[106.6421,73.2956],[106.8534,73.3413],[106.9559,73.4583],[107.2101,73.5365],[106.8549,73.5952],[107.7188,73.6292],[108.1794,73.662],[108.6197,73.8343],[108.7934,73.9436],[109.1884,74.0623],[109.4856,74.082],[109.9298,74.2217],[109.9526,74.3018],[110.5739,74.4867],[111.1137,74.5668],[111.4576,74.6847],[111.8043,74.6495],[112.1329,74.8632],[112.8402,74.9622],[113.4995,75.2055],[113.6475,75.2817],[113.7553,75.4513],[113.3939,75.5173],[113.2468,75.6587],[112.7795,75.5749],[112.9442,75.7423],[113.74,75.6225],[113.9252,75.8437],[113.6594,75.9133],[113.4736,76.1552],[113.2851,76.2549],[112.9948,76.121],[112.6176,76.1869],[112.8077,76.3166],[112.241,76.444],[111.9308,76.5632],[111.481,76.6725],[111.1344,76.7084],[110.3862,76.7343],[109.7834,76.6871],[109.4276,76.7519],[109.1982,76.7087],[108.6351,76.6987],[108.0885,76.7352],[108.0008,76.576],[107.6244,76.4933],[107.3997,76.528],[106.6073,76.4861],[106.8454,76.6614],[106.7979,76.7078],[107.2442,76.7991],[107.4419,76.8983],[107.3202,76.9817],[105.8177,77.0892],[104.9394,77.059],[104.4354,77.0718],[104.4603,77.1344],[105.3688,77.1929],[106.0269,77.4127],[105.9276,77.5517],[105.5192,77.5335],[104.8628,77.5966],[104.7232,77.6838],[104.247,77.7214],[103.7702,77.6343],[103.3247,77.6316],[102.9085,77.5204],[102.6439,77.4909],[102.2492,77.3248],[102.0862,77.3397],[101.3958,77.1106],[101.2693,76.9476],[100.9272,76.8566],[101.2719,76.7395],[101.1008,76.4966],[100.323,76.4511],[99.4158,76.4466],[98.9775,76.5024],[98.8749,76.4549],[99.1031,76.3322],[99.407,76.2712],[99.8893,76.091],[99.9793,75.9586],[99.6024,75.7707],[99.3608,75.7716],[99.2143,75.5249],[99.8263,75.4416],[99.8325,75.3983],[99.7926,75.3531],[99.8675,75.3395],[99.9641,75.3111],[100.0511,75.3032],[100.1156,75.2782],[100.3801,75.0696],[100.5312,75.0676],[100.6263,75.0584],[100.6389,74.8101],[101.0659,74.6592],[101.3859,74.6069],[102.3712,74.6526],[102.6898,74.6135],[103.6681,74.7122],[103.9004,74.7973],[104.2458,74.7835],[104.4409,74.838],[103.8731,74.9117],[103.8896,74.9828],[104.1518,75.017],[104.2092,75.1357],[104.5895,75.0868],[104.7276,74.9544],[105.2361,74.8541],[105.809,74.8373],[105.1888,74.7542],[104.8094,74.7934],[104.174,74.6928],[104.0507,74.6375],[103.5899,74.6298],[102.8544,74.5444],[102.023,74.5277],[101.9244,74.4729],[102.1518,74.3249],[102.0213,74.2354],[101.7464,74.2579],[101.5719,74.3297],[101.1162,74.4122],[101.0951,74.3404],[101.3408,74.0972],[101.5827,73.9668],[101.6298,73.8562],[101.0113,73.8607],[101.2473,74.0253],[101.0596,74.0994],[100.8565,74.2906],[100.099,74.3614],[100.253,74.4667],[100.6178,74.6215],[100.4092,74.7094],[100.437,74.8068],[100.2671,74.9058],[100.5853,74.9407],[100.5474,75.0088],[100.5961,75.0485],[100.4927,75.0647],[100.1006,75.0448],[100.1617,75.1812],[100.0983,75.2781],[100.0366,75.3013],[99.9347,75.3137],[99.8683,75.3366],[99.7269,75.3467],[99.8094,75.3946],[99.75,75.4484],[99.1643,75.5274],[99.3391,75.7861],[99.5238,75.7951],[99.678,75.9669],[99.8477,76.0264],[99.194,76.1478],[99.2025,76.205],[98.7198,76.2398],[98.0623,76.1363],[98.246,76.0824],[97.5376,75.9945],[96.983,75.9613],[96.5263,75.971],[95.7563,75.9024],[96.0982,76.0366],[95.8991,76.1389],[95.4448,76.1533],[94.6213,76.0774],[94.3267,76.1244],[93.9234,76.0671],[93.1803,76.0118],[93.4681,75.875],[93.1462,75.8173],[92.3994,75.7362],[91.7003,75.696],[91.3037,75.6223],[91.1538,75.6535],[89.9404,75.5433],[89.6199,75.4275],[89.2801,75.4933],[88.7686,75.3868],[88.1844,75.1227],[87.8651,75.1073],[87.1982,75.1479],[87.002,75.0864],[87.8036,75.0052],[87.3563,74.9264],[87.0577,74.8216],[87.1127,74.7601],[86.7461,74.7002],[86.1704,74.777],[85.7786,74.6432],[86.4078,74.6108],[86.5635,74.4781],[85.9689,74.3973],[86.0808,74.2871],[86.6208,74.2547],[86.7963,74.1967],[86.8318,74.0784],[87.3106,74.0717],[87.7483,73.9307],[87.8578,73.8165],[87.7231,73.7487],[87.4634,73.7276],[87.2125,73.6299],[86.79,73.576],[86.2172,73.5547],[85.8804,73.4655],[85.896,73.3411],[86.4078,73.2564],[86.4662,73.1885],[86.685,73.148],[86.7912,73.0918],[86.7967,72.9773],[86.8884,72.936],[87.1633,72.9514],[87.4369,73.0153],[87.6409,73.009],[87.9295,73.0717],[88.2914,73.1003],[88.3526,73.1647],[88.6117,73.2074],[88.8788,73.1834],[89.5947,73.2395],[90.1558,73.1798],[90.7726,73.2815],[91.0776,73.1709],[91.1774,72.9295],[91.3538,72.8322],[91.3439,72.682],[91.542,72.6408],[91.4379,72.5438],[91.1704,72.6399],[91.2298,72.8137],[91.0625,73.1634],[90.7538,73.2592],[90.2125,73.1697],[89.9496,73.1705],[89.5362,73.2286],[88.8888,73.174],[88.565,73.199],[88.3671,73.165],[88.294,73.0178],[87.8809,73.008],[87.0487,72.9271],[86.8304,72.9277],[86.7678,72.9845],[86.7297,73.0872],[86.6145,73.154],[86.2891,73.2073],[85.8132,73.3587],[85.8415,73.4816],[86.1986,73.5876],[86.6754,73.6778],[87.125,73.8573],[86.7463,73.8919],[86.1145,73.8601],[85.5623,73.7973],[85.5099,73.7154],[85.2682,73.6942],[84.7067,73.7495],[84.4361,73.7098],[83.548,73.6455],[82.3601,73.6462],[81.8131,73.6325],[81.3746,73.5738],[80.5361,73.5518],[80.6864,73.4215],[80.3765,73.2881],[80.6329,73.2598],[80.7051,73.19],[80.5628,73.0689],[80.8031,73.0302],[80.8801,72.9492],[80.8445,72.7918],[80.6959,72.7296],[80.8979,72.4238],[81.2343,72.3552],[81.8128,72.3267],[82.2492,72.2566],[82.3696,72.186],[82.2932,72.0842],[82.5912,71.9893],[82.6641,71.9172],[83.3698,71.8361],[83.4414,71.7391],[83.464,71.7196],[83.5037,71.7128],[83.5238,71.7107],[83.6723,71.6354],[83.613,71.516],[83.4546,71.4794],[83.3283,71.2946],[83.1598,71.2399],[83.2531,71.1575],[83.2125,71.0553],[83.4264,70.9962],[83.6082,70.7124],[83.8131,70.5193],[83.6519,70.3655],[83.4077,70.3008],[82.987,70.2888],[83.1801,70.1484],[83.1509,70.0782],[83.5486,70.0033],[83.7683,69.8365],[83.9878,69.7979],[84.0837,69.7111],[84.5218,69.6441],[84.8597,69.7824],[85.4607,69.7836],[85.7314,69.6785],[85.8846,69.5418],[86.1058,69.4572],[86.1642,69.3858],[85.892,69.1843],[86.0874,69.1431],[86.1377,69.0438],[85.9423,68.821],[86.2373,68.6961],[86.4095,68.5777],[86.3657,68.4321],[86.4132,68.3513],[86.6428,68.2331],[86.4335,68.0479],[86.4976,67.9234],[86.6176,67.8768],[86.2664,67.6387],[86.4732,67.4366],[86.6689,67.4095],[86.6685,67.188],[86.7682,67.1034],[86.6362,67.0716],[86.5079,67.2405],[86.5733,67.3956],[86.3827,67.426],[86.2145,67.6388],[86.3757,67.7936],[86.5246,67.8472],[86.3084,68.0109],[86.5762,68.2153],[86.2536,68.4292],[86.3133,68.5798],[86.2125,68.6718],[85.9697,68.7393],[85.8353,68.844],[85.847,68.912],[86.0336,69.0269],[86.0647,69.1097],[85.7544,69.1887],[85.7109,69.2578],[85.9645,69.3455],[86.0688,69.4471],[85.0951,69.7636],[84.6648,69.667],[84.4284,69.5744],[84.0244,69.5076],[83.9013,69.5895],[83.5466,69.6743],[83.3531,69.8158],[82.8828,69.8758],[82.7416,69.8851],[82.7132,69.9033],[82.5505,69.9183],[82.3123,69.9649],[82.1974,70.1256],[82.3558,70.1631],[82.2278,70.2693],[82.0704,70.2876],[81.9809,70.2779],[81.937,70.2365],[81.7519,70.195],[81.1291,70.324],[80.7587,70.3254],[80.8167,70.4146],[81.4918,70.2626],[81.9218,70.3557],[81.9535,70.4887],[82.2126,70.6056],[82.2141,70.6799],[82.3962,70.7275],[82.1987,70.9986],[82.3281,71.0578],[82.2512,71.248],[83.0237,71.4062],[82.9766,71.516],[83.3219,71.6651],[83.2777,71.7072],[83.2315,71.7204],[83.1784,71.7298],[82.9106,71.7714],[82.4338,71.7188],[82.4177,71.7183],[82.3813,71.7135],[82.2693,71.7029],[82.0085,71.6915],[81.7439,71.689],[81.655,71.7001],[81.6247,71.7086],[81.5537,71.7218],[81.372,71.7506],[81.2851,71.8348],[80.6825,72.0436],[80.8276,72.074],[80.0516,72.1852],[79.4947,72.349],[78.5397,72.3781],[77.8936,72.3085],[77.7369,72.1996],[77.4022,72.1059],[77.5391,72.0531],[77.9971,72.0981],[78.187,72.0188],[78.2264,71.9293],[77.7942,71.8109],[77.4586,71.8495],[76.8875,72.0532],[76.3277,71.9915],[76.0771,71.876],[76.1252,71.8081],[76.1183,71.7606],[76.1366,71.7343],[76.1676,71.7063],[76.3041,71.5633],[77.2124,71.3438],[77.6406,71.2696],[78.2659,71.2495],[78.2933,71.0631],[78.4701,71.0565],[78.4283,70.9463],[78.0447,70.9489],[77.7938,71.1268],[77.4476,71.1639],[76.9217,71.1752],[75.8332,71.2244],[75.2994,71.3313],[75.2175,71.4148],[75.5042,71.518],[75.4804,71.6483],[75.4389,71.6674],[75.3939,71.6802],[75.281,71.7184],[75.2184,71.7747],[75.2422,71.9322],[75.3569,71.942],[75.5664,72.2206],[75.7013,72.2485],[75.4925,72.4937],[75.6389,72.5415],[75.3473,72.6824],[75.4805,72.729],[74.9627,72.8725],[74.7671,72.8064],[74.943,72.6813],[75.0801,72.4073],[74.9936,72.1639],[74.8486,72.0891],[74.512,71.9952],[73.6126,71.8309],[73.4552,71.7665],[73.5094,71.7338],[73.52,71.7226],[73.5271,71.711],[73.41,71.5872],[73.0024,71.3973],[73.5378,71.2259],[73.7439,71.0265],[73.9036,70.9613],[73.9189,70.8406],[74.2497,70.6773],[74.3074,70.5324],[74.0722,70.333],[73.6755,70.1154],[73.7832,70.0597],[73.6542,69.8222],[73.5318,69.7404],[73.6598,69.5984],[73.7812,69.5478],[73.9021,69.3515],[73.7728,69.1837],[73.8743,69.077],[74.2112,69.1227],[74.5012,69.128],[74.8241,69.0734],[75.1039,69.1079],[75.4845,69.2455],[76.0246,69.2432],[76.4293,69.1231],[76.6656,69.1371],[76.8151,69.0399],[77.2062,68.9798],[77.4037,68.9105],[77.6847,68.8746],[77.7422,68.7185],[77.6965,68.6283],[77.7731,68.523],[77.9171,68.5142],[77.9541,68.3746],[78.1231,68.2357],[77.6714,68.1905],[77.49,68.0794],[77.4574,67.7648],[77.5464,67.7218],[77.9372,67.7137],[78.0655,67.6406],[78.4059,67.6698],[78.784,67.6347],[79.1896,67.5188],[79.2886,67.4671],[79.3606,67.3823],[79.5184,67.3578],[79.5514,67.199],[79.7208,67.1549],[80.1359,67.2215],[80.1939,67.1864],[80.2551,67.1972],[80.3368,67.1827],[80.3453,67.1721],[80.3818,67.1641],[80.511,67.1775],[80.5584,67.1881],[80.5787,67.1862],[80.586,67.184],[80.5997,67.1661],[80.7573,67.1305],[80.6857,67.0787],[80.5288,67.0782],[80.1971,67.1009],[80.0251,67.0371],[79.8813,67.1141],[79.5477,67.1646],[79.2992,67.2494],[79.1853,67.2925],[79.0921,67.3562],[78.8936,67.3888],[78.5627,67.5468],[78.2061,67.5594],[77.9094,67.5092],[77.7972,67.4226],[77.6318,67.3968],[77.6988,67.5787],[77.5295,67.6577],[77.0746,67.7731],[77.2956,67.8849],[77.1924,67.9536],[77.1984,68.0966],[77.3148,68.2375],[77.1238,68.2669],[77.2908,68.3643],[77.2916,68.4923],[77.0385,68.5554],[76.8388,68.6897],[76.6208,68.7763],[76.7004,68.8476],[76.5951,68.9648],[76.1881,68.9751],[75.6203,68.8958],[75.3324,68.8817],[74.684,68.7663],[74.4543,68.682],[74.4599,68.4878],[74.3154,68.361],[74.5487,68.2623],[74.808,68.0087],[74.7928,67.7694],[74.6406,67.6308],[74.1461,67.4475],[73.9119,67.2549],[73.9554,67.1996],[73.8558,66.9885],[73.6143,66.9324],[73.4987,66.8245],[72.9947,66.7156],[72.8415,66.626],[72.468,66.5921],[72.3564,66.4519],[72.4109,66.3533],[72.2473,66.2716],[71.8181,66.2385],[71.6297,66.317],[70.9954,66.3649],[70.6641,66.3351],[70.362,66.3344],[69.9163,66.3982],[69.8266,66.4528],[69.4509,66.4863],[69.1264,66.6133],[69.1401,66.7705],[68.788,66.7548],[68.5351,66.6103],[68.1881,66.4975],[67.8801,66.5234],[67.7512,66.578],[67.366,66.6465],[67.1348,66.5335],[66.901,66.5915],[66.509,66.6342],[66.5343,66.6923],[67.0145,66.681],[67.3112,66.6463],[67.5084,66.6957],[67.5152,66.7237],[67.5502,66.757],[67.4315,66.7608],[67.417,66.7881],[67.5185,66.7961],[67.5552,66.7606],[67.7499,66.7894],[67.9453,66.7609],[68.1296,66.8155],[68.6396,66.7598],[68.8024,66.788],[68.8382,66.8705],[69.1628,66.8882],[69.6573,66.8059],[69.9943,66.7925],[70.1586,66.726],[70.3157,66.7601],[70.7383,66.761],[70.882,66.8195],[71.0578,66.8095],[71.3278,66.896],[71.8037,66.9628],[72.0118,67.0589],[71.9485,67.128],[72.2236,67.2069],[72.0346,67.2587],[72.1903,67.3244],[72.4138,67.3219],[72.4082,67.4571],[72.529,67.4993],[72.5629,67.6042],[72.8675,67.6361],[73.1065,67.7227],[73.1915,67.9322],[73.0618,68.0325],[73.076,68.1987],[73.4194,68.3678],[73.5858,68.5085],[73.4859,68.5716],[72.6674,68.859],[72.4832,69.082],[72.5278,69.2318],[72.6149,69.2728],[72.4812,69.4369],[72.6346,69.5033],[72.4945,69.6408],[72.6747,69.7701],[72.6457,69.8692],[72.4977,69.9821],[72.5901,70.1311],[72.3979,70.2743],[72.7406,70.3969],[72.6827,70.57],[72.801,70.8708],[72.5712,71.0034],[72.5321,71.1479],[72.304,71.1871],[72.0375,71.2873],[71.8692,71.4176],[71.8454,71.5223],[72.1439,71.5981],[72.32,71.703],[72.3144,71.7641],[72.3039,71.8138],[72.3277,71.848],[72.4715,71.8917],[72.5658,72.048],[72.8446,72.2546],[72.6478,72.7321],[71.6166,72.8924],[70.5791,72.8874],[69.6559,72.8534],[69.7966,72.9459],[69.4052,72.9453],[69.2392,72.7828],[69.0306,72.6952],[68.8463,72.4235],[68.7431,72.1803],[68.5243,71.85],[68.4433,71.7806],[68.338,71.713],[68.3017,71.6818],[68.2484,71.6495],[68.0083,71.5384],[67.4201,71.361],[66.9408,71.2745],[66.7527,71.0984],[66.8277,70.9595],[66.6507,70.8876],[66.7082,70.7641],[67.1021,70.8289],[67.3721,70.7273],[67.2279,70.5225],[67.4018,70.4255],[67.5482,70.4133],[67.7423,70.2749],[67.4416,70.3003],[67.2184,70.374],[67.1244,70.2246],[67.3503,70.0534],[67.2311,69.9854],[66.8808,69.9489],[66.8082,69.7371],[66.8978,69.612],[67.1376,69.6596],[67.6569,69.5807],[67.8133,69.5006],[68.1313,69.5135],[68.0315,69.3267],[68.1338,69.2091],[68.4908,68.9664],[68.6672,68.9133],[69.0194,68.896],[69.0395,68.7812],[68.8251,68.528],[68.6636,68.423],[68.5035,68.2407],[68.2693,68.2082],[68.2647,68.3132],[68.1463,68.3971],[67.7842,68.4552],[67.6973,68.5357],[67.1785,68.7019],[67.0529,68.7937],[66.3413,68.9367],[66.0579,69.029],[65.7165,69.071],[65.6794,69.132],[65.2299,69.2029],[64.945,69.1986],[64.7036,69.3791],[64.1991,69.5186],[63.1492,69.6784],[62.7538,69.7159],[62.0024,69.7371],[61.7174,69.7709],[61.5472,69.7487],[60.8854,69.8533],[60.7232,69.8053],[60.7301,69.6585],[60.3263,69.6589],[60.2,69.5991],[60.3138,69.4433],[60.9622,69.0558],[61.001,68.8981],[60.8057,68.8678],[60.5124,68.7072],[60.1758,68.6767],[59.9457,68.6979],[59.8043,68.6225],[59.9808,68.4628],[59.8732,68.3633],[59.6685,68.3187],[59.1263,68.3994],[59.1746,68.5148],[59.0209,68.5712],[59.1885,68.6674],[59.451,68.6703],[59.3834,68.8021],[59.1679,68.8834],[58.9593,68.909],[58.8775,68.9766],[58.0638,68.8262],[58.0374,68.7573],[57.6591,68.7297],[57.4747,68.5798],[57.3125,68.527],[57.0669,68.5201],[56.7378,68.5629],[56.6111,68.6202],[56.422,68.5819],[55.9872,68.6418],[55.5981,68.5469],[55.3902,68.5474],[54.9873,68.4108],[54.8613,68.3148],[54.9506,68.2571],[54.8842,68.1563],[54.7417,68.1549],[54.5415,68.2788],[54.2441,68.2218],[54.1751,68.0938],[53.7089,67.8704],[52.9062,67.6308],[52.6313,67.6495],[52.4244,67.5739],[52.1134,67.5808],[52.2833,67.4322],[52.1325,67.2933],[52.298,67.1475],[52.6081,67.0317],[52.4064,67.0147],[52.4137,66.7007],[52.5343,66.6069],[52.4722,66.5415],[52.5644,66.4028],[52.589,66.1982],[52.5274,66.1097],[52.609,66.0125],[52.4298,65.9664],[52.4963,66.1395],[52.4583,66.3006],[52.3578,66.4828],[52.4552,66.6024],[52.3064,66.7465],[52.3204,66.9002],[52.1684,66.9276],[52.1376,67.0049],[52.1562,67.0365],[52.1759,67.0541],[52.1309,67.0645],[52.1046,67.0791],[51.9766,67.0957],[52.0088,67.115],[52.0261,67.1174],[52.0339,67.1147],[52.1309,67.0995],[52.1587,67.1219],[52.1454,67.1979],[51.9174,67.3156],[51.7886,67.4336],[51.9355,67.5507],[52.621,67.7386],[53.1303,67.8341],[53.1383,67.9475],[52.8524,67.8473],[52.7108,67.918],[52.9842,67.992],[53.022,68.0931],[53.166,68.1475],[53.2,68.2725],[53.4539,68.365],[53.7504,68.3479],[53.9437,68.407],[53.8813,68.5399],[53.7556,68.5863],[53.8731,68.7952],[53.7488,68.9114],[53.4665,68.9022],[52.302,68.6021],[52.535,68.5696],[52.7383,68.4848],[52.6857,68.4127],[52.3045,68.3127],[52.1641,68.3545],[52.2956,68.4488],[52.153,68.5122],[51.5595,68.4859],[51.2952,68.3806],[50.6193,68.286],[49.8706,68.0324],[49.1505,67.8481],[48.7994,67.842],[48.6762,67.6726],[48.3449,67.6658],[47.8396,67.5824],[47.9409,67.466],[47.7784,67.3361],[47.7435,67.0045],[47.5879,66.92],[47.3656,66.9122],[47.0791,66.8573],[46.6577,66.8149],[46.5664,66.8603],[46.0176,66.8277],[45.7876,66.9139],[45.5215,67.1758],[45.1213,67.2564],[44.9186,67.3372],[44.9882,67.4941],[45.3084,67.5742],[45.358,67.7123],[45.4918,67.7449],[45.8808,67.759],[46.3322,67.8181],[46.6924,67.8081],[46.5241,68.0462],[46.5156,68.1352],[46.1948,68.2431],[45.9023,68.4157],[45.9282,68.4492],[45.5263,68.5186],[44.9737,68.5499],[44.0194,68.5375],[43.4299,68.6693],[43.271,68.6568],[43.5615,68.5226],[44.03,68.3766],[44.2097,68.295],[44.2282,68.1961],[44.1487,68.0001],[44.2381,67.8812],[44.035,67.6025],[43.8066,67.3453],[43.777,67.1966],[44.1796,67.1307],[44.4004,66.994],[44.4978,66.8329],[44.3661,66.7847],[44.4582,66.675],[44.3794,66.5001],[44.1174,66.3082],[44.0706,66.1899],[43.7127,66.1902],[43.607,66.2927],[43.3708,66.3309],[43.2647,66.4137],[42.7626,66.3916],[42.2947,66.5121],[42.105,66.486],[41.9727,66.3658],[41.5958,66.1509],[41.3466,66.0636],[40.7751,65.9911],[40.4846,65.8118],[40.1748,65.6937],[39.8765,65.6271],[39.7065,65.4755],[39.7253,65.3354],[39.8408,65.2815],[40.1472,65.0563],[40.3916,64.9236],[40.423,64.7849],[40.6687,64.6766],[40.5301,64.5658],[40.7064,64.4822],[40.9587,64.4358],[41.083,64.355],[41.8115,64.3137],[41.923,64.2237],[41.9201,64.1273],[41.4365,64.32],[40.9086,64.3558],[40.8329,64.441],[40.5867,64.5119],[40.1836,64.5461],[40.0123,64.6201],[39.6636,64.5528],[39.5076,64.5556],[39.278,64.6467],[38.8947,64.7368],[38.4149,64.7913],[38.3706,64.8421],[38.1304,64.8429],[37.7007,64.9634],[37.6791,65.029],[37.1744,65.15],[37.0183,65.1699],[36.8624,65.1027],[36.8306,64.9772],[36.5269,64.8363],[36.544,64.7149],[36.6963,64.7091],[36.92,64.526],[37.1398,64.3884],[37.344,64.3421],[37.6559,64.4248],[38.007,64.2917],[37.8908,64.2127],[38.0578,64.0626],[38.0109,63.9347],[38.1988,63.8804],[38.247,63.8448],[38.3206,63.8262],[38.3517,63.8138],[38.4109,63.8292],[38.4743,63.8305],[38.5181,63.8082],[38.5097,63.788],[38.5659,63.7278],[38.5938,63.6817],[38.8026,63.7179],[38.8367,63.7159],[38.9519,63.6809],[39.0565,63.6317],[38.9804,63.5823],[38.8969,63.579],[38.8028,63.6032],[38.5709,63.6877],[38.5245,63.7577],[38.5086,63.7854],[38.5117,63.8094],[38.4161,63.8278],[38.3876,63.8187],[38.3327,63.8097],[37.9978,63.923],[37.6305,63.8787],[37.6143,63.8157],[37.4314,63.7829],[37.2521,63.8143],[37.2179,63.8754],[36.6849,63.9055],[36.2495,64.005],[36.1564,64.1499],[35.8992,64.2362],[35.8054,64.3282],[35.6268,64.3466],[35.4039,64.287],[34.9898,64.4702],[34.7733,64.525],[34.9672,64.6081],[34.7816,64.7311],[34.9469,64.8286],[34.7763,64.9465],[34.7838,65.0789],[34.531,65.2535],[34.4917,65.3223],[34.3149,65.3655],[34.6444,65.4879],[34.7928,65.5819],[34.7214,65.6442],[34.8569,65.866],[34.6981,65.8933],[34.6657,65.9881],[34.5128,66.0797],[33.9436,66.2216],[33.5121,66.3023],[33.5589,66.4432],[33.369,66.4601],[33.0942,66.5849],[33.1371,66.6439],[32.8529,66.7134],[32.4934,66.8965],[32.5326,67.0068],[32.3266,67.0423],[32.2595,67.1249],[32.6787,67.111],[32.9499,66.9101],[33.5061,66.7168],[33.6912,66.8057],[33.926,66.6856],[34.3618,66.6603],[34.4544,66.5433],[34.9018,66.5937],[35.2173,66.4679],[35.5512,66.3842],[35.9493,66.3511],[36.5188,66.2761],[36.9256,66.271],[37.344,66.2043],[37.563,66.1361],[37.9254,66.0838],[38.2752,66.058],[38.7535,66.071],[39.1104,66.1016],[39.4807,66.1838],[39.9978,66.2542],[40.282,66.3743],[40.5527,66.4487],[40.594,66.5081],[41.0781,66.7377],[41.2407,66.8523],[41.3413,66.9847],[41.3022,67.1377],[41.3526,67.1924],[41.0766,67.2529],[41.1175,67.4142],[40.9685,67.4621],[41.0292,67.6445],[40.8881,67.7309],[40.6583,67.8009],[40.5246,67.7352],[40.294,67.8379],[40.3764,67.8859],[40.0057,67.9854],[39.7454,68.1568],[39.8663,68.0312],[39.5766,68.0382],[38.671,68.3593],[38.495,68.3494],[38.1003,68.4848],[37.7243,68.669],[37.2017,68.829],[36.8352,68.9198],[36.2878,69.0968],[35.298,69.2503],[35.0488,69.2145],[33.9396,69.3138],[33.5601,69.2939],[33.5007,69.3992],[33.1826,69.4039],[32.9762,69.4548],[32.4963,69.4844],[32.3742,69.5637],[32.4733,69.6092],[32.8218,69.5681],[33.0867,69.6407],[33.1068,69.7347],[32.5174,69.7933],[32.3911,69.8649],[31.9462,69.9528],[31.9761,69.8475],[31.7776,69.8318],[31.7004,69.7053],[31.4782,69.6732],[30.9892,69.7836],[30.4267,69.8138],[29.8734,69.7385],[29.7589,69.8863],[29.6076,69.9792],[28.9066,70.0731],[28.913,70.1459],[30.0053,70.0678],[30.3624,70.1386],[30.5222,70.242],[31.0633,70.2892],[30.9674,70.4409],[30.7428,70.4676],[30.0912,70.7065],[29.7301,70.7364],[29.4519,70.7024],[29.292,70.7491],[29.2068,70.8563],[28.9692,70.886],[28.727,70.8433],[28.5187,70.7308],[28.4108,70.5174],[28.1746,70.584],[28.2869,70.7186],[28.1405,70.7333],[28.5097,70.9139],[28.5446,70.9802],[28.188,71.0093],[28.0388,71.0871],[27.842,71.0344],[27.509,71.0904],[27.2791,71.0448],[27.1222,70.9549],[27.3478,70.8949],[27.258,70.7512],[26.9634,70.589],[27.0299,70.4809],[26.582,70.4834],[26.6841,70.7491],[26.6636,70.8576],[26.5312,70.9421],[26.0424,70.7226],[25.9768,70.6087],[25.3835,70.328],[25.4774,70.2673],[25.2248,70.0911],[24.9144,70.0843],[24.9469,70.2321],[25.1758,70.2949],[25.0929,70.3665],[25.2326,70.4569],[25.2498,70.5898],[25.7562,70.7899],[25.7872,70.8971],[25.5974,70.9041],[25.433,70.9622],[25.3274,70.827],[25.1126,70.9323],[24.9129,70.8794],[24.7645,70.9623],[24.5351,70.9667],[24.2419,70.778],[24.3132,70.6885],[24.1042,70.5543],[23.5795,70.3894],[23.2075,70.2004],[23.3801,70.1175],[23.364,70.0207],[23.1341,69.9664],[22.9754,70.0439],[22.9282,70.2049],[22.6138,70.2228],[21.9499,70.3295],[21.7888,70.2663],[21.4187,70.2733],[21.1885,70.2182],[21.8399,70.0143],[21.9084,69.8745],[21.6001,69.9067],[21.4451,70.0109],[21.2429,70.0098],[21.1882,69.8955],[20.4864,69.7473],[20.5295,69.7089],[20.3238,69.4584],[20.2224,69.5762],[20.3966,69.8879],[20.2872,69.9775],[19.9587,69.7821],[19.6539,69.6609],[19.6806,69.8175],[19.0936,69.7336],[18.9416,69.5673],[18.4567,69.5128],[18.455,69.4557],[18.7215,69.3482],[18.6141,69.2976],[18.3548,69.4103],[18.1661,69.3843],[17.9859,69.2756],[18.0525,69.1817],[17.7878,69.116],[17.4754,68.9899],[17.4578,68.8933],[17.6099,68.8907],[17.3223,68.7834],[17.2615,68.7365],[16.9565,68.7134],[16.6178,68.6441],[16.4499,68.5071],[16.5116,68.4463],[16.8597,68.4681],[17.2441,68.3932],[16.9104,68.3456],[16.7639,68.4196],[16.2741,68.375],[16.2248,68.2786],[16.355,68.2254],[16.2819,68.1179],[16.3573,68.0278],[16.0663,68.0504],[16.1378,68.1679],[15.9625,68.2228],[15.7249,68.1602],[15.3889,68.1329],[15.2841,68.0645],[15.3866,68.0009],[15.5897,68.0449],[15.7354,67.97],[15.2748,67.886],[15.0006,67.9059],[14.7467,67.8191],[14.9507,67.6658],[15.4218,67.8151],[15.0804,67.5934],[14.9308,67.576],[14.6514,67.4769],[14.6321,67.3854],[14.3953,67.2887],[14.7181,67.2616],[15.1594,67.3297],[15.094,67.2359],[14.3525,67.2091],[14.3162,67.0697],[14.1017,67.0586],[13.7402,66.9481],[13.573,66.7099],[13.3057,66.672],[13.1875,66.5668],[12.9903,66.5165],[13.1581,66.4117],[13.0075,66.3311],[13.1919,66.2777],[12.6728,66.0661],[12.9542,66.0487],[12.9459,66.0011],[12.6818,65.9293],[12.5819,65.7667],[12.3484,65.6278],[12.2037,65.418],[12.085,65.3046],[12.2013,65.2135],[11.8606,65.1168],[11.7302,65.0045],[11.395,64.9171],[11.2871,64.8055],[11.4852,64.808],[11.3471,64.5605],[11.4073,64.4473],[11.2337,64.4538],[11.0751,64.5601],[10.8984,64.4967],[10.7772,64.509],[10.4556,64.3524],[10.4473,64.2985],[10.2025,64.2032],[9.9399,63.9132],[9.6325,63.8264],[9.575,63.6811],[9.8156,63.6844],[9.8064,63.6274],[9.9875,63.4873],[10.2325,63.5557],[10.4105,63.5688],[10.6211,63.6705],[10.9254,63.7343],[11.2044,63.919],[11.4481,63.8034],[11.1895,63.7115],[10.9533,63.7008],[10.8449,63.639],[10.7526,63.5101],[10.8455,63.436],[10.381,63.4323],[10.2308,63.4539],[10.0575,63.384],[9.8098,63.5157],[9.7479,63.6472],[9.2188,63.5175],[9.087,63.4412],[8.652,63.3909],[8.536,63.3001],[8.6278,63.189],[8.5637,63.1344],[8.2773,63.1495],[7.9809,63.0894],[8.0371,62.9675],[7.6868,62.9692],[7.486,62.9075],[7.3032,63.0111],[6.9462,62.9335],[7.0106,62.8238],[6.9817,62.7242],[7.4532,62.7705],[7.5012,62.6871],[7.3591,62.6077],[7.0862,62.6511],[6.7702,62.6556],[6.2578,62.5846],[6.4533,62.402],[6.2225,62.3557],[5.98,62.2697],[5.882,62.2022],[5.5637,62.1679],[5.4872,62.0435],[5.1988,62.2123],[5.0929,62.1859],[5.3542,62.0375],[5.3092,61.8272],[5.1557,61.809],[4.9682,61.7248],[5.1028,61.6401],[5.3354,61.5521],[5.1673,61.5243],[4.9766,61.4217],[5.0795,61.3221],[4.9791,61.2847],[5.1035,61.1676],[5.4179,61.073],[5.6116,61.1435],[5.8918,61.1299],[5.4059,61.0238],[5.0857,61.0723],[5.0338,61.0001],[4.9233,61.0],[-0.8833,61.0],[-6.2638,62.3458],[-13.5006,65.0834],[-13.6517,65.1229],[-13.5731,65.2725],[-13.767,65.3086],[-13.6489,65.3876],[-13.6162,65.4991],[-13.8597,65.6106],[-14.0173,65.5825],[-14.2259,65.6252],[-14.3971,65.7132],[-14.6941,65.7507],[-14.8251,65.8073],[-14.6044,65.9628],[-15.0933,66.0451],[-15.065,66.1392],[-14.9366,66.1886],[-15.1319,66.2664],[-15.3355,66.2582],[-15.3555,66.1586],[-15.7056,66.2311],[-15.6987,66.3964],[-15.9327,66.4165],[-15.9551,66.5157],[-16.1076,66.5345],[-16.3098,66.4868],[-16.5699,66.4804],[-16.4669,66.3051],[-16.4822,66.2041],[-16.7167,66.1388],[-16.9504,66.1221],[-17.0303,66.2064],[-17.2229,66.1901],[-17.4143,65.9921],[-17.6303,65.9824],[-17.9312,66.1473],[-18.2588,66.1749],[-18.3233,66.1153],[-18.327,65.9449],[-18.5267,65.9713],[-18.5451,66.0864],[-18.8233,66.1988],[-19.0612,66.1534],[-19.1403,66.0843],[-19.3586,66.0782],[-19.4647,65.9406],[-19.3612,65.8355],[-19.4043,65.7372],[-19.6634,65.7676],[-19.7059,65.8631],[-19.8285,65.9041],[-20.0413,66.0792],[-20.1511,66.1226],[-20.4207,66.0813],[-20.4265,66.0199],[-20.2651,65.7422],[-20.3316,65.6164],[-20.5247,65.4933],[-20.7035,65.6831],[-20.9417,65.5744],[-20.9912,65.4822],[-21.1845,65.393],[-21.2781,65.4828],[-21.296,65.5949],[-21.3996,65.6318],[-21.4224,65.7604],[-21.2868,65.8326],[-21.3146,65.9969],[-21.4965,66.0487],[-21.6992,66.0502],[-21.7401,66.1814],[-21.9745,66.27],[-22.2058,66.261],[-22.2707,66.3746],[-22.5765,66.4654],[-23.1343,66.4336],[-29.4294,68.2286],[-29.0083,68.3665],[-28.3106,68.4387],[-28.0319,68.4993],[-27.7877,68.4911],[-27.085,68.6095],[-27.0363,68.708],[-26.658,68.6855],[-26.3703,68.7198],[-26.3415,68.8064],[-25.6819,68.8907],[-25.414,69.0249],[-25.0496,69.1039],[-24.9928,69.2006],[-24.6,69.2577],[-24.3217,69.4334],[-23.7756,69.5177],[-23.5532,69.6327],[-23.5985,69.725],[-22.8925,69.8245],[-23.0705,69.9229],[-22.3653,69.9811],[-22.0949,70.0914],[-22.2334,70.132],[-22.5721,70.0963],[-23.0029,70.0935],[-23.5149,70.1191],[-24.4058,70.2246],[-25.2735,70.4115],[-26.1992,70.2199],[-26.4356,70.1984],[-26.8592,70.2478],[-27.1359,70.164],[-27.2733,69.9705],[-27.4641,69.9746],[-27.5282,70.0591],[-27.8217,70.0952],[-27.3826,70.1759],[-27.2605,70.2424],[-26.9201,70.3159],[-26.5378,70.3022],[-26.2981,70.3808],[-26.4635,70.4552],[-26.7262,70.4728],[-27.5753,70.4126],[-28.1478,70.3527],[-28.4832,70.4514],[-28.7457,70.4422],[-28.9019,70.3911],[-29.1169,70.4366],[-28.6751,70.5022],[-28.3577,70.5159],[-27.9941,70.6807],[-27.8701,70.8361],[-28.0859,70.9058],[-28.0302,70.9677],[-27.6908,70.9203],[-27.9293,71.1219],[-27.8029,71.1295],[-27.5065,70.9176],[-26.7751,70.9223],[-26.4812,70.9545],[-26.2356,71.0385],[-26.0106,71.0587],[-25.5806,71.1692],[-25.4123,71.3218],[-25.7505,71.4665],[-26.4595,71.4896],[-26.7018,71.4617],[-27.3626,71.5683],[-27.3858,71.6803],[-27.4214,71.6975],[-27.4692,71.7004],[-27.6212,71.7362],[-27.6452,71.7354],[-27.6612,71.7459],[-27.8389,71.8019],[-28.0463,71.8732],[-28.3913,71.8981],[-28.4133,71.9648],[-27.9182,71.9331],[-27.6692,71.8292],[-27.5446,71.7864],[-27.33,71.7367],[-27.2964,71.7217],[-27.2415,71.7035],[-27.0246,71.5722],[-26.6921,71.5219],[-26.1132,71.5781],[-25.6135,71.5274],[-25.1586,71.3092],[-24.6566,71.3136],[-24.597,71.2125],[-24.3074,71.0897],[-24.2096,70.9975],[-24.2284,70.8961],[-24.066,70.676],[-23.9761,70.6276],[-23.3483,70.4549],[-22.7805,70.4386],[-22.614,70.4551],[-22.5745,70.5747],[-22.6524,70.7185],[-22.4732,70.7428],[-22.3941,70.4646],[-21.969,70.4982],[-21.98,70.4147],[-21.6354,70.4483],[-21.4822,70.5375],[-21.6526,70.6102],[-21.5945,70.7269],[-21.7929,70.8702],[-21.6786,70.9408],[-21.759,71.089],[-21.6611,71.1949],[-21.8151,71.3765],[-21.7236,71.4401],[-22.1029,71.4986],[-22.3718,71.3454],[-22.5712,71.4628],[-22.5226,71.5603],[-22.1286,71.6049],[-22.0666,71.6764],[-22.148,71.7073],[-22.1729,71.7115],[-22.183,71.7229],[-22.157,71.7428],[-22.2134,71.7588],[-22.3193,71.7312],[-22.3169,71.7203],[-22.3227,71.7077],[-22.3017,71.6846],[-22.3711,71.6734],[-22.4229,71.6164],[-22.6622,71.6079],[-22.8103,71.7074],[-23.0178,71.6187],[-23.1491,71.6599],[-23.1334,71.6759],[-23.0614,71.703],[-23.0331,71.7188],[-22.9979,71.7389],[-22.8241,71.782],[-22.8251,71.8644],[-22.5249,71.9103],[-23.0101,72.0171],[-23.1102,72.065],[-23.6112,72.1483],[-23.7079,72.2141],[-24.3847,72.3369],[-24.5568,72.4164],[-25.1517,72.4358],[-24.6593,72.5166],[-24.7523,72.6632],[-25.235,72.7924],[-25.5543,72.8336],[-25.6503,72.8923],[-25.1663,72.9262],[-24.9949,73.0048],[-25.1546,73.076],[-25.7001,73.1169],[-25.8994,73.1817],[-26.4833,73.1798],[-26.4358,73.2823],[-27.0631,73.3444],[-27.411,73.4642],[-27.1946,73.4957],[-26.9816,73.3793],[-26.7766,73.3302],[-26.4701,73.3494],[-26.1736,73.2389],[-25.7473,73.2559],[-25.4582,73.3493],[-25.3926,73.4511],[-24.7236,73.4986],[-24.3958,73.5526],[-24.5036,73.7072],[-24.2985,73.7803],[-24.0012,73.7761],[-24.0886,73.675],[-23.9856,73.5874],[-23.4096,73.4211],[-22.9637,73.331],[-22.2092,73.2482],[-22.0862,73.3054],[-21.3031,73.4514],[-20.5045,73.4563],[-20.5184,73.7644],[-20.2966,73.7909],[-20.304,73.8872],[-20.6029,73.8784],[-21.1147,73.939],[-21.7287,74.061],[-21.9994,73.9861],[-22.4347,74.0577],[-22.1786,74.1052],[-22.0795,74.22],[-21.4081,74.1346],[-21.2997,74.0964],[-20.7724,74.1144],[-20.1841,74.1672],[-20.3489,74.2403],[-20.6362,74.4649],[-20.3708,74.4433],[-20.2257,74.301],[-19.5171,74.2439],[-19.1769,74.3479],[-18.9727,74.4803],[-19.2799,74.5257],[-19.3099,74.6622],[-19.4614,74.6796],[-19.8266,74.5841],[-20.2164,74.6791],[-20.6276,74.6707],[-20.7293,75.1117],[-20.5771,75.1897],[-21.3279,75.3548],[-21.135,75.3952],[-20.6319,75.2885],[-20.321,75.3323],[-19.9646,75.2858],[-20.0419,75.211],[-19.8942,75.1463],[-19.6054,75.1296],[-19.3537,75.3008],[-19.3754,75.5388],[-19.5897,75.6746],[-19.5304,75.7579],[-19.9635,75.9397],[-20.3886,75.9778],[-20.0669,76.0607],[-19.7588,76.0635],[-19.9041,76.2352],[-20.5399,76.2163],[-20.942,76.301],[-21.5185,76.2208],[-21.7108,76.2459],[-21.5779,76.3896],[-21.8617,76.5991],[-22.3448,76.6205],[-22.7202,76.705],[-22.3058,76.7523],[-22.1504,76.8829],[-21.7375,76.6422],[-21.0872,76.7634],[-20.5387,76.8955],[-19.8649,76.924],[-19.3526,76.8187],[-18.3931,76.7623],[-18.2848,76.819],[-18.1712,77.0295],[-18.2073,77.2014],[-18.3404,77.2596],[-18.8278,77.3009],[-19.4657,77.2826],[-19.8233,77.3482],[-20.2782,77.3309],[-20.2835,77.5541],[-20.7668,77.6241],[-19.9379,77.6658],[-19.2114,77.5168],[-18.8973,77.5586],[-19.2614,77.724],[-19.7298,77.7449],[-20.9224,77.9301],[-21.2912,77.742],[-21.2738,77.5968],[-21.5436,77.5233],[-21.9588,77.5472],[-21.5499,77.9665],[-21.1015,78.0799],[-21.2672,78.1214],[-21.3054,78.244],[-20.909,78.5395],[-21.0937,78.6791],[-21.0586,78.7824],[-20.8273,78.81],[-19.9587,79.0677],[-19.537,79.0887],[-19.528,79.1748],[-19.1273,79.2717],[-19.5329,79.2889],[-19.6911,79.4164],[-19.3055,79.5499],[-19.4413,79.6191],[-19.1271,79.7318],[-17.9889,79.7019],[-17.4597,79.8763],[-17.194,80.0194],[-17.5731,80.0797],[-18.6129,80.0321],[-18.9205,80.0532],[-19.648,79.9697],[-20.245,79.7821],[-20.5118,79.855],[-20.1519,79.9575],[-19.9546,80.1069],[-19.3976,80.2556],[-18.0472,80.16],[-16.7981,80.1694],[-16.328,80.2281],[-16.4149,80.3235],[-15.6767,80.4146],[-16.9385,80.5465],[-17.353,80.4933],[-18.0264,80.4826],[-18.2232,80.5535],[-17.0627,80.6578],[-16.0887,80.6063],[-15.468,80.6152],[-15.0767,80.7307],[-14.38,80.7431],[-14.105,80.8043],[-14.427,80.9255],[-14.2296,80.9768],[-13.5797,80.9613],[-13.0441,81.0807],[-11.516,81.3171],[-11.7499,81.5197],[-13.6672,81.753],[-14.9517,81.7066],[-15.4956,81.7521],[-15.9386,81.6566],[-16.6743,81.6278],[-17.2474,81.3854],[-17.7872,81.399],[-18.4442,81.4906],[-19.2941,81.426],[-19.1852,81.6168],[-19.7875,81.5408],[-20.5864,81.3785],[-20.7083,81.2794],[-21.318,81.1813],[-22.0303,80.9864],[-22.8928,80.8906],[-22.8531,80.8099],[-23.2327,80.6766],[-23.5576,80.6835],[-23.1343,80.8225],[-23.2749,80.8842],[-22.5828,81.0572],[-21.6388,81.3245],[-21.3149,81.4614],[-21.0277,81.7071],[-20.9986,81.9125],[-21.2762,82.0531],[-22.8811,82.0226],[-23.2782,81.9535],[-23.3249,81.7139],[-24.1538,81.6877],[-24.667,81.608],[-25.9646,81.4983],[-26.3873,81.568],[-25.4444,81.6644],[-24.6303,81.7803],[-24.5781,81.9955],[-27.5782,82.0321],[-28.8241,81.9906],[-31.4076,81.8176],[-32.6247,81.6456],[-32.617,81.8422],[-31.742,81.9369],[-29.2125,82.1435],[-27.6312,82.1953],[-25.304,82.1496],[-24.416,82.1495],[-22.7886,82.2985],[-22.1756,82.2737],[-21.3896,82.317],[-19.7856,82.5861],[-20.8617,82.7807],[-22.7204,82.8701],[-23.6512,82.9579],[-24.4785,82.9619],[-24.1162,83.0554],[-24.8349,83.2528],[-26.51,83.1481],[-28.1512,83.1409],[-29.9209,83.1789],[-30.5904,83.1624],[-31.85,83.0319],[-34.0513,82.9568],[-32.6664,83.0809],[-32.3316,83.0798],[-31.0333,83.2042],[-29.6896,83.235],[-27.7759,83.2015],[-26.8533,83.2232],[-25.9302,83.2936],[-25.5527,83.4176],[-27.148,83.5457],[-28.8492,83.5689],[-31.2425,83.6576],[-31.844,83.6127],[-33.3681,83.6609],[-35.0895,83.6105],[-35.6008,83.6275],[-37.6665,83.5619],[-38.082,83.4854],[-39.7244,83.445],[-39.6714,83.2502],[-39.3502,83.1914],[-38.7104,83.1923],[-37.9909,83.1418],[-39.4341,83.0584],[-39.8153,82.9491],[-40.7973,82.9225],[-41.346,82.9366],[-41.5533,82.9887],[-43.1919,83.2402],[-43.9873,83.2278],[-44.4638,83.0799],[-45.1176,83.113],[-46.2554,83.0574],[-45.7914,82.9607],[-45.4534,82.7981],[-44.7444,82.7774],[-43.0465,82.7996],[-42.416,82.7826],[-41.2024,82.6622],[-40.7107,82.6674],[-40.3787,82.5725],[-40.7051,82.4954],[-41.1686,82.5085],[-41.8675,82.6506],[-43.2898,82.719],[-44.9197,82.6988],[-46.3949,82.7144],[-46.098,82.6148],[-45.2946,82.4822],[-45.0,82.3769],[-44.524,82.317],[-44.4896,82.2151],[-45.3639,82.169],[-45.6263,82.092],[-45.41,81.9541],[-45.882,81.8154],[-46.9196,81.8185],[-46.9409,81.8914],[-47.4644,82.0064],[-48.2938,82.0809],[-48.9235,82.2016],[-49.6041,82.2815],[-50.1407,82.4236],[-50.8584,82.4609],[-51.7672,82.4557],[-51.4995,82.0897],[-50.751,81.9013],[-51.2813,81.8309],[-52.0692,81.865],[-52.7977,81.8563],[-53.5788,81.9793],[-53.8803,81.9612],[-53.8889,81.784],[-54.4145,81.8255],[-54.4396,82.074],[-54.8709,82.2823],[-55.2247,82.3374],[-57.2332,82.1979],[-59.3109,82.1022],[-60.288,81.9835],[-59.2436,81.8569],[-58.8184,81.6482],[-59.3797,81.6695],[-59.6656,81.8496],[-60.8545,81.9068],[-61.7486,81.8006],[-61.9543,81.7326],[-61.3371,81.5197],[-61.8628,81.3399],[-61.5517,81.1844],[-62.2618,81.1365],[-63.4953,81.2],[-64.0636,81.1195],[-64.2546,81.0442],[-64.908,80.9754],[-64.9261,80.9019],[-65.308,80.7596],[-65.7605,80.7176],[-66.6625,80.5134],[-66.7981,80.454],[-67.4712,80.3488],[-67.4605,80.1876],[-66.9721,80.0556],[-66.2996,80.0898],[-65.8139,80.0096],[-65.2004,80.0808],[-64.6108,80.054],[-64.6185,79.9871],[-64.3007,79.8946],[-65.0187,79.8162],[-64.9763,79.7213],[-64.6586,79.7031],[-64.5536,79.5981],[-65.058,79.4399],[-65.1275,79.3572],[-65.4395,79.3084],[-65.9788,79.1131],[-66.5814,79.1357],[-67.3848,79.127],[-68.561,79.0391],[-69.1153,78.9418],[-68.8569,78.8898],[-69.289,78.8034],[-69.7878,78.8018],[-70.0976,78.7378],[-70.6171,78.6935],[-70.7109,78.6101],[-71.1711,78.6362],[-71.6983,78.5586],[-72.4219,78.5229],[-72.8153,78.1422],[-72.2994,78.0012],[-72.2211,77.9394],[-71.5881,77.8579],[-71.0767,77.7609],[-70.6227,77.7846],[-70.4432,77.6711],[-69.4585,77.6932],[-70.2762,77.5719],[-69.1579,77.4578],[-68.6275,77.5068],[-67.7034,77.5134],[-67.1636,77.5894],[-67.1012,77.6628],[-66.7663,77.6871],[-66.2248,77.6212],[-66.0326,77.4469],[-66.4557,77.4413],[-66.6811,77.3562],[-67.4901,77.3897],[-68.4429,77.3651],[-69.0123,77.2898],[-68.9749,77.2517],[-70.1631,77.2427],[-70.8108,77.2025],[-71.1525,77.1339],[-71.3613,77.0123],[-70.8261,76.9302],[-70.8439,76.8636],[-70.5983,76.7961],[-69.9854,76.7695],[-69.2572,76.6807],[-68.6125,76.6616],[-68.1772,76.6898],[-68.0004,76.5802],[-68.7102,76.5888],[-69.0419,76.4799],[-69.5348,76.4422],[-69.6198,76.3732],[-69.0268,76.2778],[-68.9026,76.2136],[-68.3807,76.0769],[-67.4658,76.0293],[-66.8252,75.9581],[-66.9949,76.1336],[-67.2485,76.1977],[-66.8466,76.2638],[-66.5141,76.1008],[-66.3271,76.1989],[-65.7804,76.2745],[-65.6454,76.0335],[-65.3176,76.0302],[-64.8416,76.1838],[-64.1727,76.3023],[-64.0939,76.1538],[-63.6632,76.1792],[-63.396,76.3812],[-62.8063,76.3062],[-62.8267,76.2574],[-62.2171,76.2674],[-62.0785,76.2219],[-61.5381,76.1708],[-60.9086,76.1643],[-60.7771,76.0238],[-60.4209,76.0621],[-60.0657,76.0222],[-59.9916,75.9287],[-59.6393,75.923],[-59.7961,75.8272],[-59.1466,75.8722],[-59.1847,75.7871],[-59.0172,75.7086],[-58.6753,75.737],[-58.3274,75.5654],[-58.1218,75.52],[-58.2065,75.4364],[-58.5555,75.4021],[-58.2019,75.2023],[-58.1168,75.103],[-57.8136,75.0183],[-57.5998,75.0083],[-57.2941,74.9045],[-57.0496,74.9191],[-56.7907,74.8112],[-57.0423,74.7339],[-56.5895,74.5922],[-56.1326,74.4897],[-56.1044,74.3701],[-56.6825,74.1975],[-57.1221,74.1655],[-57.0337,74.1086],[-56.5463,74.159],[-56.3471,74.0521],[-55.6459,73.8951],[-55.8786,73.8092],[-55.7922,73.7321],[-56.0256,73.6445],[-55.604,73.5798],[-55.4171,73.4489],[-55.23,73.3914],[-55.437,73.2573],[-55.1703,73.2415],[-55.4705,73.0714],[-54.5286,72.9568],[-54.373,72.8444],[-54.7305,72.7509],[-54.7688,72.5194],[-54.8917,72.4754],[-55.4776,72.5194],[-55.6289,72.4526],[-55.4947,72.3889],[-54.915,72.3825],[-54.9395,72.2305],[-55.5804,72.0286],[-55.2331,71.9276],[-55.405,71.812],[-55.7425,71.7539],[-55.7934,71.734],[-55.8299,71.7083],[-55.8605,71.6929],[-55.8554,71.6827],[-55.6674,71.6415],[-55.5098,71.4708],[-55.156,71.3904],[-54.9886,71.4399],[-54.7961,71.3575],[-54.3957,71.3706],[-53.9094,71.4446],[-53.8738,71.5759],[-54.0751,71.6223],[-53.9432,71.663],[-53.7298,71.6511],[-53.7259,71.7058],[-53.7338,71.7133],[-53.7454,71.7188],[-53.75,71.7245],[-53.4803,71.7967],[-53.3938,71.8554],[-52.989,71.863],[-53.0188,71.9138],[-52.792,72.0131],[-52.7012,71.9929],[-52.9058,71.8974],[-52.9135,71.8249],[-53.0713,71.7932],[-53.2582,71.7185],[-53.2391,71.712],[-53.1883,71.7037],[-52.7029,71.682],[-52.5933,71.6403],[-52.1509,71.6192],[-52.6878,71.5239],[-52.9874,71.4302],[-52.6377,71.3784],[-52.2621,71.3983],[-52.2392,71.2868],[-52.0246,71.2454],[-51.7624,71.3496],[-51.5165,71.3094],[-51.5403,71.2468],[-51.8772,71.2495],[-52.2317,71.1213],[-51.8319,71.0735],[-51.951,71.022],[-51.6168,70.9309],[-51.3115,70.9044],[-50.658,70.7419],[-51.1067,70.7158],[-51.0216,70.6056],[-50.8234,70.5661],[-51.0603,70.4327],[-50.6648,70.424],[-50.7341,70.3246],[-51.8266,70.4848],[-52.1464,70.6058],[-52.6529,70.7394],[-52.9227,70.7674],[-53.3339,70.7539],[-54.1266,70.8311],[-54.5793,70.719],[-54.5598,70.6612],[-54.2902,70.5585],[-54.059,70.4191],[-53.1339,70.332],[-52.6737,70.2189],[-52.3879,70.0732],[-52.037,70.0245],[-51.5636,70.002],[-51.1057,70.0721],[-51.0071,69.9635],[-50.3633,70.0521],[-50.6127,69.9213],[-50.3111,69.8623],[-50.3258,69.754],[-50.6261,69.7815],[-50.8447,69.7002],[-50.8095,69.5643],[-50.8974,69.3567],[-51.1322,69.1981],[-50.6659,69.1289],[-50.3442,68.9362],[-50.5389,68.9423],[-50.5498,69.0269],[-50.7917,69.1281],[-51.0799,69.1046],[-51.1077,68.8554],[-51.3013,68.7444],[-50.995,68.7225],[-51.0288,68.5774],[-51.8447,68.5085],[-52.0243,68.6127],[-52.2366,68.647],[-52.5982,68.5273],[-52.6324,68.4576],[-53.0746,68.326],[-52.7571,68.216],[-52.569,68.2551],[-52.4794,68.1684],[-52.0599,68.2324],[-51.6707,68.2659],[-51.1408,68.0937],[-50.5584,67.9845],[-50.6305,67.9131],[-51.1696,68.0575],[-51.8609,68.0332],[-52.5115,68.1603],[-52.8187,68.1564],[-53.1597,68.2009],[-53.4976,68.1446],[-53.028,68.0788],[-53.26,68.0062],[-53.292,67.9209],[-53.4467,67.8326],[-53.7342,67.7928],[-53.7952,67.7432],[-53.6532,67.6391],[-53.7657,67.5886],[-53.6689,67.4792],[-53.2392,67.6134],[-53.023,67.7465],[-52.3686,67.814],[-52.1977,67.7706],[-51.8397,67.7368],[-51.6835,67.689],[-51.3913,67.7466],[-50.8122,67.7607],[-51.7139,67.6309],[-52.0857,67.7169],[-52.5502,67.7682],[-52.9841,67.7302],[-53.1036,67.6372],[-53.4028,67.5178],[-53.7215,67.4475],[-53.8648,67.3348],[-53.869,67.2289],[-53.7605,67.1944],[-53.9504,67.1015],[-53.6612,66.9197],[-53.2167,66.9303],[-52.8661,66.9065],[-52.8702,66.7459],[-53.0075,66.6769],[-53.2234,66.7059],[-53.466,66.6493],[-53.4013,66.5397],[-53.6265,66.508],[-53.6934,66.3436],[-53.6113,66.1882],[-53.6652,66.0997],[-53.3341,66.0986],[-52.8067,66.263],[-52.7156,66.3418],[-52.4226,66.4454],[-52.1409,66.5099],[-51.9827,66.6522],[-51.8514,66.6752],[-51.5264,66.8096],[-50.9667,66.9662],[-51.0336,66.8709],[-51.2703,66.8418],[-51.5817,66.7107],[-51.9093,66.6272],[-52.0517,66.507],[-52.4061,66.4204],[-52.6982,66.3199],[-52.7482,66.259],[-52.9989,66.1637],[-53.4388,66.0499],[-53.4889,65.9538],[-53.3106,65.9426],[-53.1867,65.8385],[-53.0604,65.8376],[-53.2231,65.6663],[-52.8791,65.6886],[-52.722,65.615],[-52.7992,65.5405],[-52.623,65.493],[-52.5226,65.4034],[-52.5724,65.3088],[-52.2909,65.2008],[-52.2723,65.0793],[-52.0894,64.9688],[-51.9995,64.7237],[-52.1569,64.5325],[-52.1017,64.4695],[-52.1708,64.2505],[-52.0396,64.1006],[-51.8822,64.1599],[-51.4325,64.524],[-51.4296,64.6102],[-51.0632,64.6141],[-50.7289,64.7512],[-50.3104,64.7255],[-50.8832,64.616],[-50.7695,64.5771],[-50.6063,64.4386],[-50.9103,64.4061],[-51.0685,64.2431],[-51.2504,64.1692],[-51.4019,64.2186],[-51.7105,64.1951],[-51.571,64.0828],[-51.4519,64.074],[-50.8066,64.1723],[-50.8681,64.096],[-51.1268,64.0925],[-51.5573,64.0449],[-51.4167,63.9599],[-51.3896,63.8399],[-51.5616,63.7365],[-51.4953,63.5749],[-51.2879,63.5383],[-51.1265,63.4072],[-51.0597,63.1782],[-50.8786,63.1348],[-50.772,63.188],[-50.5871,63.0914],[-50.6066,62.9725],[-50.4197,62.9293],[-50.3821,62.869],[-50.1601,62.7482],[-50.1201,62.6313],[-50.269,62.5829],[-50.3157,62.4848],[-50.2024,62.3951],[-49.8084,62.2669],[-49.5372,62.2436],[-49.599,62.17],[-49.4564,62.1354],[-49.6869,62.0186],[-49.4798,62.0],[-49.3451,61.943],[-49.4276,61.8341],[-49.1751,61.7669],[-49.0448,61.6248],[-49.2401,61.5974],[-48.9468,61.4543],[-48.732,61.4915],[-48.7107,61.3996],[-48.4621,61.3622],[-48.6288,61.2268],[-48.2163,61.1391],[-48.0887,61.074],[-47.8332,61.0476],[-47.9572,60.8886],[-47.8062,60.8142],[-47.4477,60.8131],[-47.2163,60.8925],[-47.0422,60.8148],[-46.8674,60.7869],[-46.5647,60.897],[-46.5677,61.0019],[-46.1156,60.9632],[-46.01,60.9003],[-46.2064,60.8098],[-46.1531,60.7112],[-45.9031,60.7648],[-45.7035,60.761],[-45.491,60.868],[-45.3545,60.9802],[-45.2634,60.8955],[-45.7273,60.7321],[-45.793,60.62],[-45.6658,60.5123],[-45.4062,60.538],[-45.2542,60.4311],[-44.9602,60.4713],[-44.889,60.436],[-44.9635,60.3124],[-45.2098,60.1857],[-45.0832,60.0902],[-44.9724,60.0847],[-44.8163,59.9998],[-44.6125,59.9722],[-44.4747,60.1324],[-44.4334,60.1514],[-44.3126,60.1377],[-44.1731,60.2667],[-44.0732,60.1815],[-43.6772,60.1389],[-43.6749,60.119],[-44.0268,60.1635],[-43.9864,60.0659],[-43.7925,59.9533],[-43.8063,59.931]],[[123.6925,66.8955],[123.6263,66.9221],[123.6056,66.9319],[123.6105,66.9449],[123.6589,66.9706],[123.6277,66.9876],[123.5968,66.9994],[123.5843,67.0429],[123.5484,67.0295],[123.5193,66.8808],[123.5739,66.8777],[123.5816,66.8858],[123.641,66.8908],[123.67,66.8914],[123.6925,66.8955]],[[-122.4798,76.1271],[-122.5948,75.9457],[-122.4281,75.9295],[-121.8515,76.0503],[-121.4673,75.9878],[-120.9302,76.0109],[-121.018,76.1524],[-120.7275,76.1291],[-120.6603,76.0064],[-120.4366,76.011],[-120.4775,75.8361],[-120.2462,75.8224],[-119.7115,75.8951],[-119.4942,76.0542],[-119.7736,76.1238],[-119.581,76.2214],[-119.287,76.1378],[-118.9414,76.1634],[-118.897,76.2702],[-118.5328,76.3375],[-118.6745,76.4606],[-118.3052,76.5729],[-118.4452,76.6793],[-118.2814,76.7852],[-117.9261,76.686],[-118.0125,76.4118],[-117.7985,76.3251],[-117.2889,76.2623],[-116.9388,76.3473],[-117.0349,76.5477],[-116.4956,76.5698],[-116.0527,76.6249],[-115.9162,76.7266],[-115.9382,76.9004],[-115.7237,76.9464],[-116.238,77.0439],[-116.3273,77.1121],[-116.0809,77.1961],[-115.5072,77.2758],[-115.4421,77.3503],[-116.066,77.5077],[-116.5931,77.5476],[-117.1287,77.461],[-117.2192,77.2911],[-117.8632,77.3931],[-118.0838,77.3602],[-118.6697,77.3659],[-119.1993,77.3185],[-119.4858,77.159],[-119.7481,77.1181],[-120.3334,76.82],[-121.184,76.6247],[-121.5247,76.4514],[-122.3365,76.4068],[-122.625,76.3474],[-122.8221,76.2357],[-122.9055,76.1735],[-122.4798,76.1271]],[[-114.2949,77.7112],[-113.7347,77.7591],[-113.5706,77.812],[-113.7186,77.898],[-114.2362,77.9834],[-114.3489,78.0795],[-115.0962,77.9598],[-114.8908,77.8693],[-114.2949,77.7112]],[[-112.1656,78.3748],[-111.7878,78.2782],[-111.4566,78.2711],[-111.1548,78.3932],[-110.843,78.3223],[-110.3692,78.2766],[-110.0,78.3283],[-109.3711,78.321],[-109.2157,78.4831],[-109.3602,78.5587],[-110.4027,78.7666],[-111.2585,78.6731],[-111.7061,78.5558],[-112.2859,78.5495],[-113.094,78.4303],[-113.2932,78.3483],[-113.183,78.2739],[-112.1656,78.3748]],[[-105.613,79.0339],[-104.9104,79.0546],[-104.4339,78.9533],[-104.1017,78.9828],[-103.8199,78.899],[-104.1618,78.8205],[-103.361,78.7478],[-103.5366,78.5075],[-104.0212,78.5182],[-104.7282,78.5842],[-105.0057,78.5089],[-104.7244,78.3359],[-104.4318,78.2656],[-103.9135,78.248],[-103.8216,78.2964],[-103.0754,78.3681],[-102.5705,78.2394],[-102.1675,78.295],[-101.0063,78.1954],[-100.762,77.9714],[-100.2181,77.8142],[-99.3167,77.8312],[-99.0554,77.8889],[-99.052,78.0824],[-99.5455,78.2934],[-99.7976,78.3143],[-99.5135,78.5966],[-99.9727,78.6585],[-99.8833,78.7058],[-100.3033,78.7876],[-101.2083,78.8055],[-100.9575,78.9408],[-101.2586,78.9678],[-101.6003,79.0641],[-101.9536,79.0898],[-102.669,78.9854],[-102.6291,79.1021],[-103.121,79.2897],[-103.9699,79.3752],[-105.152,79.3],[-105.4359,79.3373],[-105.4512,79.3352],[-105.6501,79.168],[-105.613,79.0339]],[[-99.3246,79.8554],[-99.3463,79.7638],[-98.7939,79.7116],[-98.6239,79.7907],[-98.7043,79.9682],[-99.0714,80.135],[-99.74,80.1497],[-100.0322,80.0931],[-100.1597,79.8979],[-99.3246,79.8554]],[[-93.1501,81.0888],[-93.8178,81.1034],[-93.8916,81.0424],[-95.2258,81.0093],[-95.4793,80.8088],[-94.684,80.7257],[-94.5255,80.6027],[-95.7207,80.5759],[-96.0459,80.4886],[-96.031,80.3851],[-96.5111,80.292],[-95.3308,80.1186],[-95.6475,80.0421],[-96.2183,80.1286],[-96.6807,80.1466],[-96.6122,79.9012],[-95.9018,79.6533],[-95.2224,79.6429],[-94.9264,79.5882],[-95.6914,79.5399],[-95.7434,79.4113],[-95.3712,79.3857],[-95.0464,79.2696],[-94.4918,79.3442],[-94.3865,79.4306],[-93.667,79.3412],[-93.0646,79.37],[-92.7069,79.4361],[-92.1098,79.3424],[-92.5059,79.308],[-92.7874,79.1682],[-93.3733,79.1634],[-93.4722,79.1044],[-94.2977,78.9866],[-93.8218,78.7725],[-93.2891,78.5832],[-92.7062,78.6263],[-92.2065,78.5736],[-92.927,78.4209],[-92.4831,78.3088],[-92.2033,78.3049],[-91.6449,78.1872],[-91.0234,78.1446],[-90.3405,78.1423],[-90.3333,78.2801],[-89.4598,78.1737],[-89.8247,78.4086],[-89.3682,78.3319],[-89.1663,78.2102],[-88.8028,78.155],[-88.5311,78.4013],[-88.0182,78.4777],[-87.8724,78.5868],[-87.5246,78.6629],[-87.3074,78.8059],[-86.4987,79.059],[-85.2803,79.1825],[-84.8844,79.2663],[-85.0285,79.3671],[-85.3758,79.4571],[-85.5201,79.5783],[-86.582,79.6629],[-87.1739,79.5793],[-86.9361,79.918],[-87.2518,80.0771],[-87.6889,80.0831],[-87.5549,80.1751],[-87.6051,80.4048],[-88.3877,80.4356],[-88.6683,80.2797],[-88.2399,80.193],[-88.7612,80.1246],[-89.0906,80.2122],[-88.9931,80.4534],[-89.3771,80.5404],[-89.9654,80.5289],[-90.7479,80.561],[-90.6658,80.7045],[-91.1295,80.773],[-92.0389,81.2217],[-93.0881,81.3559],[-93.5216,81.3781],[-94.0649,81.365],[-94.2664,81.231],[-93.0627,81.1885],[-93.1501,81.0888]],[[-90.9201,81.6202],[-90.2623,81.6815],[-89.8148,81.6276],[-90.8203,81.4385],[-90.4173,81.365],[-88.889,81.5385],[-88.8501,81.4902],[-89.8469,81.3012],[-90.2786,81.1714],[-90.1976,81.0794],[-89.8239,81.0143],[-89.2563,81.0167],[-88.1861,81.0678],[-87.4521,81.0603],[-86.4289,81.1184],[-85.8953,81.226],[-84.9515,81.3053],[-85.8956,81.0885],[-86.705,80.9979],[-87.6169,80.9825],[-87.9737,81.0077],[-88.637,80.9828],[-89.4128,80.9132],[-89.2789,80.8522],[-88.1361,80.6801],[-87.1982,80.6277],[-87.0403,80.7183],[-86.5725,80.8213],[-86.1186,80.9678],[-85.5593,80.9732],[-86.5959,80.6788],[-86.6898,80.5935],[-86.036,80.5289],[-84.4978,80.5112],[-83.7713,80.5469],[-83.3559,80.6804],[-82.8073,80.5411],[-81.6247,80.5988],[-80.9361,80.6553],[-79.4654,80.8486],[-79.2208,81.057],[-78.8133,81.103],[-78.2493,81.2989],[-76.9554,81.4411],[-76.8854,81.397],[-77.9447,81.2556],[-78.471,81.0749],[-78.9567,80.9795],[-78.853,80.8513],[-77.9081,80.9073],[-76.6473,80.893],[-76.7748,80.8358],[-77.8761,80.8202],[-79.3058,80.7077],[-79.0824,80.6183],[-78.5215,80.5682],[-80.1957,80.5297],[-80.4575,80.461],[-83.1873,80.3278],[-82.1636,80.0239],[-81.7272,79.9648],[-81.5112,79.7159],[-80.4469,79.621],[-80.7465,79.5802],[-81.6985,79.6593],[-81.9675,79.7188],[-82.0799,79.8511],[-83.2396,80.112],[-83.6656,80.2339],[-84.0894,80.2706],[-85.3369,80.2693],[-86.0406,80.3331],[-86.494,80.2947],[-86.6227,80.1237],[-86.4691,80.0133],[-86.4571,79.7797],[-85.1392,79.6462],[-84.8577,79.477],[-84.4916,79.4152],[-84.3193,79.2002],[-84.7784,79.0692],[-84.1956,78.9636],[-83.6305,78.937],[-82.8735,78.9346],[-83.2053,78.8037],[-84.5613,78.8519],[-85.0845,78.9216],[-85.6689,78.8472],[-86.628,78.8012],[-86.8453,78.7438],[-87.1184,78.5496],[-87.5095,78.402],[-87.5188,78.1463],[-87.0726,78.1036],[-86.66,78.1268],[-86.1336,78.0564],[-85.4192,78.1104],[-85.0046,78.0618],[-85.6882,77.9319],[-85.2863,77.7977],[-85.2904,77.6714],[-84.9138,77.5995],[-84.7649,77.5209],[-83.9547,77.4987],[-83.5024,77.5778],[-83.1366,77.7914],[-82.7261,77.9495],[-82.521,77.9577],[-82.9795,77.6806],[-83.4073,77.5094],[-83.8298,77.4447],[-83.6598,77.3921],[-85.4107,77.394],[-85.7952,77.5104],[-85.8742,77.6325],[-86.1842,77.7954],[-86.8318,77.8854],[-87.3038,77.8999],[-88.1672,77.7944],[-88.2266,77.6576],[-87.6215,77.4887],[-87.7268,77.3627],[-87.3438,77.3326],[-87.1574,77.2397],[-87.4862,77.1064],[-87.8613,77.1415],[-88.4728,77.0977],[-88.7472,76.9958],[-89.5232,76.8497],[-89.4055,76.6747],[-89.6641,76.5717],[-89.2292,76.4345],[-88.9021,76.4059],[-88.7249,76.5946],[-88.3327,76.5145],[-88.301,76.3821],[-87.6028,76.366],[-87.4138,76.4147],[-86.7106,76.3437],[-86.3508,76.3804],[-85.7714,76.3538],[-85.2474,76.2815],[-84.3896,76.3171],[-84.9398,76.4114],[-84.2013,76.4532],[-83.9241,76.4934],[-83.693,76.4232],[-83.2993,76.4088],[-83.1329,76.4675],[-82.7846,76.3809],[-82.2646,76.3935],[-82.0932,76.5156],[-81.8051,76.4714],[-81.188,76.5013],[-80.7593,76.4188],[-80.9641,76.2715],[-81.0391,76.1317],[-80.0847,76.2247],[-79.596,76.3091],[-79.3362,76.3056],[-79.1856,76.4051],[-78.9042,76.4819],[-78.6146,76.5484],[-78.4441,76.4495],[-77.8982,76.6553],[-77.7186,76.8161],[-77.9023,76.9491],[-78.1901,77.0215],[-78.5968,76.9232],[-79.4093,76.9298],[-79.0974,77.057],[-79.1102,77.1888],[-79.6492,77.2468],[-80.0548,77.2002],[-81.0875,77.2875],[-81.8002,77.1658],[-81.816,77.2821],[-81.1401,77.3294],[-81.7891,77.4394],[-81.5874,77.5165],[-81.2946,77.4256],[-80.742,77.329],[-79.9949,77.2736],[-79.6216,77.3159],[-79.0759,77.3005],[-78.819,77.3832],[-78.4834,77.366],[-78.0443,77.4639],[-77.7243,77.6026],[-78.0486,77.6824],[-77.9811,77.8082],[-78.4022,77.9099],[-78.0616,77.9614],[-77.0914,77.9351],[-76.8699,77.8952],[-76.2507,78.0177],[-75.9276,77.9769],[-75.6639,78.028],[-75.5724,78.1259],[-76.5223,78.1541],[-76.7642,78.2316],[-76.1839,78.2418],[-75.4768,78.2123],[-75.0771,78.3631],[-75.7848,78.5005],[-75.0289,78.5297],[-74.6818,78.5984],[-74.708,78.817],[-75.2458,78.8903],[-76.1299,78.8786],[-75.6876,78.9696],[-77.2215,79.0609],[-76.0684,79.1056],[-77.0583,79.1818],[-76.1388,79.2013],[-75.5967,79.0706],[-74.6525,79.0135],[-74.3858,79.052],[-74.7188,79.2385],[-76.0204,79.2426],[-76.758,79.2817],[-76.9378,79.3581],[-76.1377,79.3366],[-75.9375,79.4157],[-74.8868,79.377],[-74.6617,79.4378],[-74.0199,79.4376],[-73.7232,79.4945],[-73.1279,79.5321],[-73.1324,79.6357],[-73.3636,79.7399],[-73.9912,79.7914],[-74.7086,79.7896],[-74.2322,79.8876],[-73.8187,79.8253],[-73.0251,79.8203],[-72.9191,79.7023],[-72.2624,79.6497],[-71.4637,79.7219],[-70.9902,79.8158],[-70.9049,79.9771],[-70.4804,80.0468],[-70.7564,80.1293],[-70.6622,80.2005],[-70.1052,80.1888],[-69.7699,80.3465],[-69.3543,80.3953],[-69.1442,80.5214],[-68.6728,80.6658],[-67.836,80.845],[-66.5354,81.0605],[-66.0846,81.2133],[-65.5874,81.2381],[-64.695,81.3797],[-64.4235,81.4858],[-65.0339,81.5297],[-68.1474,81.2774],[-69.2713,81.2046],[-66.6379,81.5066],[-67.0691,81.5627],[-66.5753,81.6245],[-65.8119,81.6273],[-65.6367,81.7012],[-64.775,81.7463],[-64.3536,81.7167],[-62.182,82.0276],[-61.1947,82.2185],[-61.1233,82.3715],[-61.4363,82.4498],[-61.7167,82.4893],[-63.0817,82.5254],[-62.9572,82.5796],[-63.6319,82.6749],[-63.5665,82.8347],[-64.2875,82.7858],[-65.1905,82.888],[-66.9784,82.7189],[-67.4355,82.6487],[-68.3269,82.687],[-67.0074,82.7907],[-66.3424,82.8972],[-69.4695,83.0402],[-70.1954,83.1108],[-71.2226,83.0559],[-71.5324,83.0992],[-72.6534,83.0924],[-73.5601,82.9461],[-74.4938,83.032],[-75.9949,83.0568],[-77.3763,83.0103],[-76.6656,82.8777],[-76.2452,82.7001],[-76.5694,82.6677],[-77.0722,82.8554],[-77.8176,82.9305],[-78.0323,82.8648],[-78.964,82.8892],[-79.2853,82.9557],[-80.1078,82.9299],[-79.9804,82.8077],[-81.5325,82.8108],[-80.5213,82.5435],[-81.4563,82.6382],[-82.1423,82.6699],[-82.5096,82.4976],[-82.6059,82.3519],[-81.5088,82.1883],[-82.9889,82.2194],[-83.6642,82.3509],[-84.5346,82.3874],[-85.1757,82.4818],[-85.5049,82.4084],[-85.3875,82.2889],[-85.608,82.2339],[-86.859,82.2116],[-86.6387,82.1208],[-86.8699,82.0492],[-88.0333,82.1034],[-88.9328,82.0108],[-89.1538,81.8632],[-90.0187,81.9027],[-91.4093,81.7679],[-91.6952,81.7018],[-91.8165,81.6139],[-90.9201,81.6202]],[[-86.1573,65.286],[-86.1272,65.102],[-86.2161,64.98],[-86.1441,64.9223],[-86.3979,64.5835],[-86.3503,64.3981],[-86.3738,64.2865],[-86.1785,64.1364],[-86.4686,64.0202],[-86.9019,63.9168],[-87.2244,63.7177],[-87.2132,63.6155],[-87.1214,63.5439],[-86.9237,63.5434],[-86.5431,63.6477],[-86.2604,63.629],[-86.0059,63.6715],[-85.623,63.6653],[-85.6051,63.4932],[-85.6643,63.399],[-85.6149,63.1788],[-85.504,63.1072],[-85.2094,63.1098],[-84.8653,63.1979],[-84.4591,63.3711],[-84.4365,63.4847],[-84.2449,63.6119],[-84.1138,63.5924],[-83.5843,63.8299],[-83.6626,64.0007],[-83.5366,64.0978],[-83.3865,64.1012],[-83.1094,64.1699],[-82.9593,64.1059],[-83.1582,63.993],[-83.0639,63.9383],[-82.8811,63.978],[-82.5407,63.9503],[-82.3335,63.8557],[-82.5268,63.7386],[-82.4153,63.6705],[-82.2043,63.6796],[-81.5229,63.5706],[-81.0449,63.4454],[-80.9516,63.4523],[-80.9324,63.5099],[-80.5731,63.6328],[-80.5007,63.7106],[-80.1813,63.7425],[-80.1729,63.7858],[-80.5014,63.8569],[-80.6059,63.9998],[-80.8927,64.1089],[-81.0757,64.0212],[-81.3938,64.0604],[-81.8696,63.9802],[-81.9953,64.0445],[-81.7111,64.0823],[-81.6071,64.2023],[-81.7314,64.2684],[-81.7457,64.4895],[-82.0557,64.6714],[-82.3647,64.7647],[-82.4834,64.7354],[-82.7703,64.8051],[-82.8284,64.8543],[-83.3028,65.0046],[-83.3814,65.1338],[-84.0101,65.1837],[-84.2026,65.2556],[-84.1506,65.3281],[-84.3446,65.3794],[-84.5249,65.4814],[-84.8585,65.206],[-85.0594,65.4572],[-85.2532,65.5149],[-85.059,65.5735],[-85.1814,65.803],[-85.4917,65.8165],[-85.5053,65.9234],[-85.8692,65.7943],[-85.9959,65.7052],[-86.1573,65.286]],[[-77.2092,64.2842],[-76.8226,64.2361],[-76.3635,64.3478],[-75.9791,64.4079],[-75.7938,64.4583],[-75.81,64.6048],[-75.2651,64.475],[-75.1635,64.4854],[-74.9429,64.409],[-74.5832,64.4071],[-74.6228,64.496],[-74.294,64.6253],[-74.1523,64.5772],[-73.9714,64.361],[-73.899,64.458],[-73.6713,64.4625],[-73.6582,64.3616],[-73.4171,64.3663],[-73.3368,64.2578],[-73.1827,64.2816],[-72.8989,64.1577],[-72.9535,64.0595],[-72.7353,64.0046],[-72.487,63.8155],[-72.1614,63.741],[-71.9489,63.6461],[-71.7144,63.7045],[-71.5447,63.5977],[-71.2824,63.5272],[-71.7755,63.3644],[-71.6821,63.1717],[-71.4064,63.045],[-70.9675,62.9892],[-70.8368,62.9034],[-70.459,62.8672],[-70.1412,62.743],[-69.9068,62.7896],[-69.5519,62.7717],[-69.4525,62.5678],[-69.3311,62.5715],[-69.2213,62.4478],[-68.7818,62.3453],[-68.6145,62.2657],[-68.1449,62.2269],[-67.7578,62.1638],[-67.2899,62.1319],[-67.0649,62.0413],[-66.7025,62.0117],[-66.6105,61.9436],[-66.2642,61.8628],[-65.9493,61.8771],[-66.0645,62.0264],[-66.0401,62.1472],[-66.2044,62.3495],[-66.4593,62.4671],[-66.7127,62.6607],[-66.9484,62.669],[-67.0211,62.7693],[-67.5194,63.0247],[-67.6481,63.0328],[-67.8866,63.147],[-68.1647,63.2222],[-68.464,63.4394],[-68.7583,63.5693],[-68.9534,63.7516],[-68.7194,63.7273],[-68.6396,63.7623],[-68.4202,63.7094],[-68.3114,63.6346],[-68.1428,63.6124],[-67.93,63.5338],[-67.7023,63.3758],[-67.6216,63.4101],[-67.791,63.5759],[-67.6741,63.6581],[-67.4999,63.4866],[-67.2505,63.3448],[-66.9724,63.2514],[-66.7927,63.1523],[-66.6909,63.0511],[-66.4874,63.0788],[-66.0799,62.9387],[-65.8581,62.9405],[-65.6386,62.8972],[-65.5504,62.8088],[-65.3005,62.8399],[-65.3092,62.692],[-65.1772,62.5599],[-64.9725,62.5276],[-64.8495,62.5532],[-64.9433,62.7216],[-65.1782,62.9],[-65.0777,62.9468],[-64.9087,62.9045],[-64.764,62.9562],[-64.76,63.1332],[-64.8837,63.1411],[-64.8795,63.2761],[-64.9553,63.3878],[-65.0258,63.4031],[-65.0135,63.4817],[-65.0614,63.5156],[-65.0627,63.5668],[-64.9234,63.5701],[-64.8443,63.5473],[-64.7935,63.4169],[-64.6656,63.2622],[-64.4784,63.2613],[-64.5108,63.6871],[-64.6592,63.7432],[-64.8896,63.7717],[-64.9418,63.8217],[-64.6878,64.0208],[-64.9232,64.0131],[-65.387,64.2397],[-65.1958,64.2936],[-65.0361,64.4329],[-65.1281,64.5097],[-65.6928,64.4979],[-65.6869,64.5929],[-65.5553,64.6408],[-65.5292,64.7222],[-65.6872,64.8482],[-65.8283,64.8845],[-66.0517,64.8349],[-66.1819,64.8881],[-66.4755,64.9284],[-66.4561,64.9857],[-66.8364,65.095],[-67.0754,65.2209],[-67.1325,65.3171],[-67.0534,65.4517],[-67.4158,65.4904],[-67.2593,65.5881],[-67.3038,65.664],[-67.5437,65.6688],[-67.8526,65.6313],[-67.8838,65.6992],[-68.1306,65.8673],[-67.948,65.9152],[-67.8107,65.8784],[-67.2193,65.9602],[-67.1532,66.02],[-67.7599,66.2546],[-67.7161,66.303],[-67.8746,66.4553],[-67.6799,66.4444],[-67.416,66.2958],[-67.1117,66.3134],[-67.1595,66.4862],[-66.8635,66.5667],[-66.6978,66.4041],[-66.8454,66.3259],[-66.3785,66.2122],[-66.1448,66.1329],[-65.9025,66.0944],[-65.9523,65.9688],[-65.5065,65.9697],[-64.8328,66.1015],[-64.8543,66.0233],[-65.3334,65.9175],[-65.4958,65.7515],[-65.1542,65.5384],[-65.1566,65.4306],[-64.8602,65.2565],[-64.577,65.1326],[-64.4485,65.191],[-64.263,65.1053],[-63.8992,65.0928],[-63.8416,64.9771],[-63.5588,64.8898],[-63.3925,65.0319],[-63.4227,65.1355],[-63.3514,65.2698],[-63.4332,65.3719],[-63.3425,65.4402],[-63.3687,65.6244],[-63.1535,65.6456],[-62.6207,65.607],[-62.582,65.762],[-62.2836,65.8003],[-62.4125,65.9649],[-62.178,66.0044],[-62.1488,66.1409],[-62.4651,66.1732],[-62.3151,66.2972],[-62.4749,66.4196],[-62.2116,66.4089],[-62.1867,66.3127],[-61.8981,66.2773],[-61.75,66.3256],[-61.5217,66.3333],[-61.5831,66.5323],[-61.3525,66.5606],[-61.2896,66.6766],[-61.4669,66.7468],[-61.72,66.932],[-61.9046,66.9715],[-62.017,67.0535],[-62.2857,67.003],[-62.4228,66.9206],[-62.5647,66.9528],[-63.0665,66.9358],[-63.2143,66.9644],[-63.2853,67.1092],[-63.074,67.1441],[-62.9536,67.2183],[-63.0743,67.3292],[-63.2886,67.3024],[-63.4472,67.228],[-63.8663,67.2375],[-64.0318,67.3107],[-63.9505,67.4124],[-64.1242,67.4885],[-64.0778,67.6044],[-64.5184,67.8114],[-64.7787,67.7763],[-65.0551,67.8394],[-64.9301,67.9298],[-64.725,67.9818],[-65.0873,68.0426],[-65.1931,67.9522],[-65.6337,68.001],[-65.7784,67.8626],[-66.1891,68.0086],[-66.3118,68.1217],[-66.5283,68.1496],[-66.841,68.1181],[-66.7613,68.238],[-67.0176,68.2895],[-67.1044,68.4239],[-67.3483,68.5055],[-67.4898,68.488],[-67.741,68.5435],[-68.1327,68.5361],[-68.3972,68.638],[-68.0687,68.6846],[-68.5588,68.7505],[-68.4851,68.8414],[-68.1297,68.8349],[-68.006,68.999],[-67.7164,69.0221],[-68.1814,69.1463],[-68.1981,69.3178],[-67.715,69.1853],[-67.2587,69.1728],[-67.136,69.1972],[-66.7746,69.1424],[-66.6619,69.242],[-66.7638,69.3301],[-67.2187,69.4667],[-67.7866,69.4895],[-67.9994,69.4675],[-68.5749,69.5881],[-68.3152,69.6318],[-68.0986,69.7661],[-67.7864,69.7821],[-67.4111,69.719],[-67.1546,69.7555],[-67.2592,70.0001],[-67.4206,70.1131],[-67.8604,70.2766],[-68.1248,70.3227],[-68.3295,70.2306],[-68.4471,70.0719],[-68.6516,69.9512],[-68.8813,70.0196],[-68.6418,70.1575],[-68.8314,70.2133],[-69.6524,70.1445],[-69.3945,70.26],[-68.8908,70.2982],[-68.5251,70.3832],[-68.2884,70.5203],[-68.3949,70.5887],[-69.4439,70.7921],[-69.7786,70.7178],[-69.8957,70.8811],[-70.3509,70.7874],[-70.722,70.6819],[-70.7154,70.8417],[-70.5232,70.9226],[-70.6315,71.0671],[-70.7798,71.1215],[-71.1951,71.0174],[-71.2892,70.9054],[-71.698,70.8543],[-71.9282,70.7926],[-72.1786,70.7791],[-72.3487,70.8826],[-72.0914,71.0769],[-71.8808,71.1139],[-71.5271,71.0624],[-71.144,71.2504],[-71.3019,71.3802],[-71.5603,71.4989],[-72.5574,71.6596],[-72.7574,71.4411],[-72.9859,71.409],[-72.9405,71.3276],[-73.0476,71.289],[-73.3253,71.349],[-73.5622,71.5444],[-73.8015,71.6598],[-73.7262,71.6909],[-73.661,71.7027],[-73.6348,71.7115],[-73.6161,71.72],[-73.7573,71.7768],[-74.2761,71.7306],[-74.2963,71.7192],[-74.3292,71.6853],[-74.5339,71.6483],[-74.6641,71.6924],[-74.9349,71.6516],[-74.8934,71.7019],[-74.842,71.7253],[-74.8349,71.7349],[-74.231,71.8287],[-74.1175,71.9631],[-74.2452,72.077],[-75.0121,72.1268],[-74.9247,72.2583],[-75.1853,72.4629],[-75.1615,72.4954],[-75.8069,72.5899],[-76.0047,72.5804],[-76.6531,72.6419],[-76.9334,72.7491],[-77.5863,72.7608],[-78.2978,72.6212],[-78.5469,72.5127],[-78.5269,72.3526],[-78.9321,72.278],[-79.2951,72.402],[-79.473,72.3115],[-79.7545,72.4167],[-80.0073,72.4006],[-80.4566,72.1516],[-80.3762,72.0438],[-80.7752,72.0217],[-80.7466,72.1069],[-80.8949,72.1873],[-80.4675,72.4578],[-80.9277,72.4605],[-80.2377,72.7302],[-80.6316,72.9287],[-80.5097,73.0872],[-80.6205,73.1662],[-81.1842,73.2586],[-81.1461,73.3876],[-81.2851,73.5938],[-81.6033,73.7323],[-82.2994,73.7216],[-82.8526,73.7345],[-83.9909,73.5031],[-84.7666,73.3901],[-85.1202,73.3149],[-85.173,73.2259],[-84.6559,73.1285],[-85.3758,73.142],[-85.6037,72.9651],[-85.7112,72.6497],[-85.5109,72.4595],[-85.3348,72.4091],[-85.0111,72.4048],[-84.7835,72.3603],[-85.0189,72.2544],[-85.4728,72.267],[-85.6062,72.0536],[-85.971,71.9846],[-85.5533,71.9019],[-85.5112,71.7789],[-85.4363,71.7485],[-85.3534,71.7094],[-85.259,71.6736],[-84.9796,71.655],[-84.7236,71.6847],[-84.5202,71.4663],[-84.7588,71.4119],[-84.8139,71.0645],[-84.7743,70.9358],[-84.9606,70.9347],[-84.8532,71.1724],[-85.0365,71.1951],[-85.4783,71.1815],[-84.9207,71.351],[-84.9101,71.4232],[-85.4016,71.4954],[-85.6757,71.6042],[-85.7108,71.6388],[-85.8244,71.6732],[-85.8807,71.6999],[-85.9366,71.7343],[-86.0223,71.7563],[-86.0074,71.7665],[-86.1135,71.7925],[-86.4036,72.0221],[-86.434,72.2736],[-86.2502,72.3872],[-86.2649,72.4504],[-86.7015,72.66],[-86.7,72.8369],[-86.2843,73.0774],[-86.1519,73.2407],[-85.9297,73.3649],[-85.1696,73.6134],[-84.838,73.7468],[-84.9886,73.7924],[-86.1411,73.8566],[-86.6404,73.8497],[-87.4517,73.7624],[-88.0037,73.6523],[-88.6316,73.442],[-89.1536,73.1842],[-89.3341,72.9895],[-89.3075,72.8784],[-89.5292,72.7849],[-89.4756,72.681],[-89.7345,72.6183],[-89.77,72.4903],[-89.9305,72.4244],[-89.9486,72.2572],[-89.7647,72.1297],[-90.002,72.0661],[-90.097,71.9167],[-89.8018,71.7661],[-89.8268,71.7219],[-89.8704,71.7119],[-89.8565,71.6986],[-89.8571,71.6876],[-89.9703,71.6525],[-89.9893,71.4589],[-89.8455,71.3421],[-89.6472,71.3093],[-89.1107,71.2914],[-88.5806,71.2422],[-88.081,71.2178],[-87.9204,71.2709],[-87.7516,71.138],[-87.3855,71.0686],[-87.3537,70.9532],[-88.0539,70.9359],[-88.2881,70.9515],[-88.475,71.0338],[-88.7404,71.0471],[-89.3465,71.009],[-89.4167,70.9092],[-89.326,70.8002],[-88.9873,70.6665],[-88.7837,70.497],[-88.1377,70.3939],[-88.2183,70.3298],[-87.8565,70.2428],[-87.5084,70.3321],[-86.9889,70.2852],[-86.5818,70.363],[-86.563,70.2413],[-86.3014,70.1289],[-85.7163,70.0009],[-85.3535,70.0373],[-85.3169,70.1096],[-84.6575,70.0062],[-84.4256,70.0071],[-83.6443,69.9591],[-83.0713,70.0185],[-82.6414,69.887],[-82.3832,69.8743],[-82.2924,69.8112],[-81.7755,69.8839],[-81.7513,69.9772],[-81.4557,69.9268],[-81.0455,69.7593],[-80.7629,69.7836],[-81.303,70.0386],[-81.6694,70.0792],[-81.7358,70.1367],[-80.491,70.0375],[-80.285,69.9946],[-79.8194,69.9562],[-79.73,69.8698],[-79.4077,69.8973],[-78.7989,69.8986],[-78.6545,69.9744],[-78.7461,70.1721],[-78.9596,70.3297],[-79.1084,70.3079],[-79.588,70.4078],[-79.4466,70.4978],[-79.1579,70.422],[-79.0422,70.4665],[-78.7531,70.4386],[-78.6595,70.3485],[-78.3496,70.2043],[-77.978,70.25],[-77.772,70.2397],[-77.6429,70.1679],[-77.6945,70.0001],[-77.6795,69.8214],[-77.4383,69.8673],[-76.9231,69.8103],[-76.8979,69.747],[-77.1319,69.6224],[-76.7186,69.5622],[-76.4087,69.4565],[-76.18,69.4277],[-75.7594,69.3134],[-75.5883,69.2387],[-75.5959,69.0784],[-75.762,69.0871],[-76.0032,69.0051],[-76.3488,69.0612],[-76.6079,69.0275],[-76.6617,68.9457],[-76.5241,68.8645],[-76.6877,68.7212],[-76.5286,68.6734],[-76.3327,68.6907],[-75.9564,68.8147],[-75.3553,68.9511],[-75.1177,68.8894],[-75.0142,68.9645],[-74.7052,68.8845],[-74.8822,68.8191],[-74.4934,68.6517],[-74.3758,68.5507],[-73.9944,68.5017],[-73.8888,68.5643],[-74.1903,68.7335],[-73.8269,68.6937],[-73.7122,68.6241],[-73.8704,68.4945],[-73.7832,68.4264],[-73.8059,68.324],[-73.0398,68.2176],[-72.8611,68.0246],[-72.682,67.9284],[-72.7074,67.8221],[-72.4604,67.7174],[-71.9743,67.7404],[-71.6147,67.6828],[-71.6882,67.5791],[-71.5057,67.4994],[-71.2942,67.4665],[-71.1641,67.2833],[-71.3719,67.3293],[-71.4363,67.474],[-71.6681,67.4629],[-71.8387,67.5139],[-72.2583,67.5752],[-72.4609,67.5156],[-72.2496,67.2513],[-72.4073,67.092],[-72.6292,67.0917],[-72.8356,67.0225],[-73.0293,66.7802],[-72.9252,66.7265],[-72.4842,66.6848],[-72.1382,66.6917],[-71.592,66.6149],[-71.35,66.6613],[-71.2683,66.8102],[-70.9689,67.025],[-70.6341,66.903],[-70.547,66.7697],[-70.2961,66.7048],[-69.9713,66.7028],[-69.3313,66.5428],[-69.6958,66.4528],[-69.3245,66.4038],[-69.3298,66.3158],[-69.5153,66.2875],[-69.7913,66.187],[-70.0108,66.2533],[-70.2575,66.1771],[-70.4502,66.2057],[-70.5645,66.2823],[-70.7627,66.1525],[-71.1281,65.9597],[-71.3309,65.9572],[-71.1201,66.2256],[-71.3351,66.5545],[-71.6445,66.579],[-72.1727,66.6788],[-72.5962,66.6702],[-73.0524,66.7283],[-73.3814,66.6449],[-73.4402,66.573],[-73.9581,66.3549],[-74.465,66.1796],[-74.4466,66.0543],[-73.9982,65.811],[-73.7423,65.7352],[-73.7568,65.6661],[-73.5665,65.5219],[-73.6873,65.4791],[-73.8608,65.541],[-74.3374,65.4754],[-74.3646,65.4054],[-74.6222,65.3401],[-74.7118,65.4338],[-75.1123,65.3646],[-75.1228,65.271],[-75.4913,65.2861],[-75.6159,65.3413],[-75.8988,65.2638],[-75.7548,65.2296],[-75.7018,65.1799],[-75.5431,65.1554],[-75.344,64.9929],[-75.453,64.8457],[-75.5859,64.8558],[-75.5898,64.9503],[-75.4001,65.0219],[-75.582,65.1284],[-75.7308,65.1539],[-75.7513,65.2195],[-76.6636,65.4025],[-77.0838,65.4068],[-77.2639,65.4709],[-77.4223,65.46],[-77.511,65.3208],[-77.3039,65.1962],[-77.497,65.1305],[-77.6236,65.1409],[-77.9803,65.0347],[-78.146,64.9498],[-78.08,64.8439],[-78.1953,64.6467],[-78.0266,64.4448],[-77.7816,64.3448],[-77.5817,64.3587],[-77.2092,64.2842]],[[-54.6567,69.5665],[-54.1325,69.5517],[-53.866,69.4652],[-54.2227,69.4531],[-54.2815,69.4045],[-53.848,69.2628],[-53.5268,69.2491],[-52.9989,69.3486],[-52.2951,69.4462],[-52.0948,69.506],[-51.8488,69.6418],[-52.03,69.8097],[-52.5153,69.8653],[-52.8944,70.0162],[-53.3065,70.2054],[-53.5055,70.2455],[-54.3699,70.33],[-54.8255,70.2144],[-54.8298,70.1021],[-54.6305,69.9994],[-54.8485,69.9418],[-54.9782,69.7114],[-54.6567,69.5665]],[[-44.4378,59.9544],[-44.2334,60.0184],[-44.3211,60.1244],[-44.4172,60.1366],[-44.4704,60.0931],[-44.5108,60.0129],[-44.4378,59.9544]],[[-44.1662,60.0157],[-44.379,59.8995],[-44.3032,59.8558],[-44.118,59.904],[-44.0007,59.9806],[-44.1662,60.0157]],[[-64.1903,59.7406],[-64.1018,59.6941],[-63.9445,59.7601],[-64.0551,59.8319],[-64.1903,59.7406]],[[-61.9088,57.7798],[-61.6895,57.7102],[-61.6552,57.7847],[-61.8066,57.8449],[-61.9088,57.7798]],[[-61.9042,57.5879],[-62.0513,57.5424],[-61.9704,57.4551],[-61.863,57.4618],[-61.7851,57.55],[-61.9042,57.5879]],[[-61.3735,56.7773],[-61.4668,56.8139],[-61.3467,56.9251],[-61.4662,56.9497],[-61.6343,56.8615],[-61.6691,56.6699],[-61.5727,56.6939],[-61.4082,56.6013],[-61.3735,56.7773]],[[-61.0887,56.1838],[-61.2433,56.1033],[-61.2002,56.0408],[-60.9898,56.0173],[-60.9562,56.098],[-61.0887,56.1838]],[[-54.1652,49.749],[-54.2658,49.7254],[-54.3023,49.5731],[-54.1167,49.6085],[-54.0406,49.6679],[-54.1652,49.749]],[[-53.5783,48.0833],[-53.5258,48.1964],[-53.8553,48.0889],[-53.5783,48.0833]],[[-79.8469,56.0268],[-80.0202,55.9067],[-79.8018,55.8982],[-79.549,56.1198],[-79.4622,56.1019],[-79.6,55.8962],[-79.4622,55.8751],[-79.3499,55.9769],[-79.2255,56.168],[-79.096,56.2161],[-79.0264,56.4213],[-79.1817,56.54],[-79.284,56.5746],[-79.3295,56.3711],[-79.3947,56.2236],[-79.7133,56.1616],[-79.8469,56.0268]],[[-78.6509,56.2663],[-78.6656,56.4336],[-78.767,56.4154],[-78.8916,56.1944],[-78.669,56.1708],[-78.6509,56.2663]],[[-80.0317,56.3129],[-80.0516,56.1753],[-79.704,56.295],[-80.0317,56.3129]],[[-81.9452,52.9599],[-81.1951,52.8063],[-81.0548,52.7492],[-80.6971,52.6987],[-80.6719,52.7658],[-80.8259,53.0112],[-80.9699,53.1207],[-81.1212,53.1931],[-81.2612,53.2088],[-81.6216,53.2028],[-81.8201,53.1756],[-81.9589,53.1157],[-82.0502,53.0079],[-81.9452,52.9599]],[[-82.9699,52.8818],[-82.7874,52.8336],[-82.6354,52.807],[-82.5386,52.8042],[-82.523,52.7955],[-82.5069,52.7947],[-82.4935,52.7879],[-82.4729,52.789],[-82.4598,52.7959],[-82.4155,52.7983],[-82.2284,52.8364],[-82.191,52.8612],[-82.1709,52.8859],[-82.2851,52.9553],[-82.447,52.8962],[-82.6482,52.8968],[-83.0222,52.9278],[-82.9699,52.8818]],[[-79.2824,52.0787],[-79.3597,52.0954],[-79.6514,51.9781],[-79.6017,51.9067],[-79.3218,51.9602],[-79.2824,52.0787]],[[-93.9558,61.2884],[-93.8444,61.3752],[-93.9852,61.397],[-94.1385,61.3972],[-94.1729,61.3272],[-93.9558,61.2884]],[[-79.6071,62.4124],[-79.9424,62.368],[-80.212,62.1375],[-80.269,61.9959],[-80.1982,61.7957],[-80.0307,61.7359],[-79.8523,61.5757],[-79.6778,61.6095],[-79.2591,62.2383],[-79.4717,62.3834],[-79.6071,62.4124]],[[-82.1489,62.602],[-81.9565,62.7099],[-81.8669,62.9131],[-82.2453,62.9904],[-82.431,62.9294],[-82.7289,62.9382],[-83.0098,62.8455],[-83.2151,62.9249],[-83.3957,62.904],[-83.539,62.8305],[-83.5827,62.6897],[-83.7471,62.565],[-83.9413,62.4848],[-83.9629,62.4307],[-83.7462,62.2958],[-83.7333,62.2018],[-83.3082,62.2524],[-83.1357,62.1666],[-82.8007,62.2794],[-82.3542,62.5563],[-82.1489,62.602]],[[-94.0611,64.0521],[-94.0983,64.0004],[-93.9554,63.9239],[-93.7433,63.9644],[-94.0611,64.0521]],[[-64.6589,60.4916],[-64.8356,60.4861],[-64.7784,60.3856],[-64.5759,60.3352],[-64.4322,60.3959],[-64.6589,60.4916]],[[-64.702,61.6463],[-65.0058,61.6939],[-65.4461,61.6472],[-65.4688,61.6157],[-65.3429,61.5258],[-64.9667,61.3501],[-64.8266,61.3364],[-64.6582,61.4841],[-64.6209,61.5916],[-64.702,61.6463]],[[-67.8292,60.4497],[-67.964,60.5444],[-67.996,60.5855],[-68.237,60.5827],[-68.4355,60.2658],[-68.3299,60.1982],[-67.9578,60.3289],[-67.8292,60.4497]],[[-69.1853,59.1475],[-69.3476,59.1275],[-69.2875,59.0495],[-69.1163,59.0506],[-69.1853,59.1475]],[[-70.3886,62.5225],[-70.1738,62.5932],[-70.5131,62.7803],[-70.7824,62.8419],[-70.8446,62.7559],[-70.7089,62.5526],[-70.3886,62.5225]],[[-78.0887,63.1524],[-77.9063,63.0892],[-77.5507,63.1731],[-77.4912,63.2538],[-77.6741,63.4229],[-78.1492,63.4858],[-78.5204,63.4337],[-78.0887,63.1524]],[[-77.3585,63.6818],[-77.4091,63.5952],[-77.2011,63.5163],[-77.0257,63.4171],[-76.7041,63.3628],[-76.5847,63.4599],[-76.6699,63.5554],[-77.0273,63.6771],[-77.3585,63.6818]],[[-77.9415,64.018],[-77.9626,63.9712],[-77.7088,63.9213],[-77.6328,64.0397],[-77.9415,64.018]],[[-46.3473,60.8253],[-46.2674,60.9316],[-46.676,60.7987],[-46.6096,60.7636],[-46.3473,60.8253]],[[-47.8925,60.6554],[-47.7658,60.728],[-47.7686,60.7967],[-47.9714,60.8286],[-48.1719,60.7929],[-48.0694,60.6786],[-47.8925,60.6554]],[[-64.8401,61.8096],[-65.1319,61.9375],[-65.2377,61.8726],[-65.1322,61.7818],[-64.9582,61.7273],[-64.8401,61.8096]],[[-64.8945,62.4157],[-64.6926,62.376],[-64.5415,62.3704],[-64.3543,62.4604],[-64.4476,62.5402],[-64.7331,62.5627],[-64.9291,62.4737],[-64.8945,62.4157]],[[-64.905,63.7956],[-64.5134,63.7191],[-64.4576,63.6607],[-64.6879,63.9026],[-64.905,63.7956]],[[-51.1643,64.2457],[-50.8549,64.5337],[-50.9949,64.5523],[-51.1718,64.4001],[-51.2633,64.2073],[-51.1643,64.2457]],[[-65.4279,64.6659],[-65.6268,64.584],[-65.5127,64.538],[-65.1732,64.6266],[-65.4279,64.6659]],[[-53.0464,65.5245],[-52.8869,65.5575],[-52.9903,65.6481],[-53.2343,65.576],[-53.0464,65.5245]],[[-63.8212,67.2832],[-63.4434,67.2674],[-63.4526,67.3339],[-63.698,67.3501],[-63.8212,67.2832]],[[-52.8661,68.4468],[-53.0557,68.4816],[-53.2346,68.4209],[-53.1261,68.3686],[-52.8661,68.4468]],[[-52.2079,68.7115],[-52.6285,68.7039],[-53.1015,68.6352],[-53.0647,68.5743],[-52.7548,68.6255],[-52.3214,68.6355],[-52.2079,68.7115]],[[-51.8634,68.1345],[-52.0361,68.2159],[-52.3193,68.1698],[-52.2175,68.1128],[-51.8634,68.1345]],[[-51.2402,69.8349],[-51.3473,69.699],[-51.234,69.5241],[-51.1062,69.5156],[-50.9606,69.5606],[-50.9837,69.7349],[-50.6922,69.8679],[-51.0158,69.9175],[-51.4603,69.919],[-51.2402,69.8349]],[[-68.0791,69.6712],[-68.3135,69.5878],[-67.9844,69.5251],[-67.8479,69.6121],[-68.0791,69.6712]],[[-64.8806,63.5306],[-64.9515,63.559],[-65.047,63.5283],[-64.9313,63.4243],[-64.8464,63.3799],[-64.8806,63.5306]],[[-45.3745,60.1729],[-45.191,60.2474],[-45.137,60.3486],[-45.372,60.3686],[-45.3745,60.1729]],[[-124.3609,74.0218],[-124.1879,73.8788],[-123.8178,73.8248],[-123.8407,73.7063],[-124.055,73.6663],[-123.9899,73.5926],[-124.1303,73.4933],[-124.3079,73.4859],[-124.5061,73.2626],[-124.8639,73.0853],[-124.5507,72.9992],[-124.4765,72.9287],[-125.0489,72.8449],[-124.9436,72.5772],[-125.309,72.4887],[-125.6788,72.2404],[-125.6745,72.0855],[-125.822,71.9581],[-125.2664,71.9852],[-125.1417,71.9228],[-124.6129,71.7946],[-124.2558,71.7516],[-124.1798,71.7347],[-124.1325,71.7165],[-124.0435,71.6943],[-123.9758,71.6721],[-123.7773,71.53],[-123.6295,71.4989],[-123.4252,71.2171],[-123.0994,71.0788],[-122.7873,71.0863],[-122.4673,71.2175],[-122.0676,71.289],[-121.7024,71.4748],[-121.4725,71.4018],[-121.2558,71.3904],[-120.7424,71.4685],[-120.4668,71.5677],[-120.3686,71.6987],[-120.372,71.7065],[-120.3875,71.717],[-120.4432,71.7389],[-120.3841,71.8916],[-120.4417,71.9464],[-120.1698,72.0896],[-120.1063,72.239],[-119.7746,72.2289],[-119.311,72.3799],[-119.1572,72.6227],[-118.7084,72.7484],[-118.5291,72.7582],[-118.0228,72.8847],[-117.4542,73.0518],[-117.2316,73.0614],[-116.4855,73.2555],[-115.796,73.3423],[-115.4053,73.4617],[-115.3116,73.5329],[-115.5756,73.6555],[-115.7816,73.6919],[-116.6728,74.0177],[-117.3839,74.2243],[-118.1585,74.2796],[-118.7754,74.2106],[-119.5064,74.2156],[-120.1002,74.2772],[-120.9636,74.451],[-121.1129,74.5259],[-121.5572,74.5602],[-122.2952,74.477],[-123.9658,74.4093],[-124.7695,74.3445],[-124.7703,74.3428],[-124.5639,74.2873],[-124.4016,74.1488],[-124.3609,74.0218]],[[-135.0055,69.1155],[-134.6973,69.0125],[-134.6176,69.0674],[-134.5113,69.0995],[-134.381,69.1008],[-134.3064,69.145],[-134.2705,69.2153],[-133.8823,69.4111],[-133.9596,69.4961],[-134.2569,69.5599],[-134.2289,69.6566],[-134.4961,69.565],[-134.4336,69.4608],[-134.7761,69.4199],[-134.9493,69.3562],[-135.0055,69.1155]],[[-134.5196,68.863],[-134.615,68.8263],[-134.4017,68.6767],[-134.2665,68.7259],[-134.4524,68.7882],[-134.5196,68.863]],[[-134.3863,67.9373],[-134.2363,67.862],[-134.1893,67.7907],[-134.0068,67.8641],[-134.0866,67.9321],[-134.0815,67.939],[-134.0332,67.9535],[-134.0381,67.9731],[-133.9773,67.9862],[-133.9784,68.008],[-133.9138,68.0085],[-133.8763,68.0933],[-133.8439,68.1237],[-133.8057,68.1356],[-133.8188,68.1464],[-133.8141,68.1572],[-133.7966,68.1649],[-133.8284,68.1799],[-133.7861,68.2031],[-133.7836,68.2312],[-133.8292,68.2704],[-133.6776,68.3225],[-133.9799,68.5582],[-133.8859,68.4],[-134.2167,68.1959],[-134.432,68.18],[-134.3699,68.0744],[-134.3863,67.9373]],[[-134.9064,68.2595],[-134.9583,68.2672],[-134.9782,68.2638],[-135.0325,68.2432],[-134.9843,68.2235],[-135.0056,68.2123],[-135.0787,68.2238],[-135.1947,68.1423],[-135.1197,68.0152],[-134.9598,68.0065],[-134.7717,67.81],[-134.5592,67.7216],[-134.4696,67.9441],[-134.6117,68.1318],[-134.7844,68.2189],[-134.8026,68.2651],[-134.9064,68.2595]],[[-134.4266,68.3062],[-134.425,68.3085],[-134.4189,68.3097],[-134.4452,68.3173],[-134.4585,68.3164],[-134.5171,68.3227],[-134.5141,68.3296],[-134.4877,68.3369],[-134.5223,68.3443],[-134.524,68.3467],[-134.5191,68.3505],[-134.508,68.3529],[-134.512,68.3567],[-134.5271,68.3566],[-134.5341,68.3645],[-134.5168,68.3831],[-134.5599,68.372],[-134.5777,68.3837],[-134.6808,68.4973],[-134.9509,68.5748],[-135.2314,68.6117],[-135.1677,68.5263],[-135.3326,68.5064],[-135.3329,68.4962],[-135.376,68.4864],[-135.4134,68.4662],[-135.3709,68.4223],[-135.4196,68.3864],[-135.2175,68.3345],[-135.0428,68.2463],[-134.9825,68.2647],[-134.9653,68.2679],[-134.9431,68.2677],[-134.8992,68.2626],[-134.8497,68.2706],[-134.7546,68.2597],[-134.573,68.13],[-134.3932,68.252],[-134.4408,68.2727],[-134.4437,68.2808],[-134.4231,68.2995],[-134.4266,68.3062]],[[-135.393,68.5186],[-135.4707,68.5487],[-135.5293,68.5987],[-135.3856,68.6132],[-135.4982,68.7237],[-135.6583,68.6417],[-135.4778,68.4392],[-135.3869,68.4153],[-135.4149,68.4667],[-135.3759,68.4874],[-135.3369,68.4961],[-135.3343,68.505],[-135.393,68.5186]],[[-135.4158,69.3167],[-135.6195,69.3218],[-135.5795,69.2087],[-135.3392,69.1927],[-135.2379,69.1097],[-135.0165,69.1614],[-135.4158,69.3167]],[[-135.1992,69.2421],[-134.9846,69.2631],[-135.1423,69.4482],[-135.321,69.4122],[-135.1992,69.2421]],[[-135.2554,68.9317],[-135.1965,68.9263],[-134.98,68.8765],[-134.8599,68.9766],[-135.047,69.036],[-135.4541,69.0976],[-135.3925,69.0108],[-135.4867,68.934],[-135.393,68.9166],[-135.2554,68.9317]],[[-134.647,68.8007],[-134.861,68.7693],[-134.8663,68.6773],[-134.6995,68.6452],[-134.524,68.7575],[-134.647,68.8007]],[[-134.1741,68.6054],[-134.2401,68.6247],[-134.3114,68.5881],[-134.6502,68.6637],[-134.7952,68.5706],[-134.3021,68.4327],[-134.1741,68.6054]],[[-134.5139,68.3854],[-134.5256,68.3574],[-134.511,68.3577],[-134.5026,68.3548],[-134.5214,68.3461],[-134.5158,68.3439],[-134.491,68.3424],[-134.4852,68.3387],[-134.4886,68.3349],[-134.506,68.3315],[-134.5142,68.3232],[-134.4655,68.3208],[-134.4452,68.3183],[-134.4343,68.3148],[-134.401,68.313],[-134.3961,68.3096],[-134.4234,68.3077],[-134.4186,68.2998],[-134.4226,68.2929],[-134.2664,68.3067],[-134.1094,68.4112],[-134.5123,68.4471],[-134.554,68.4075],[-134.5139,68.3854]],[[-135.2391,68.9277],[-135.5675,68.8796],[-135.3938,68.7654],[-134.9788,68.7317],[-134.855,68.7835],[-134.973,68.8587],[-135.1803,68.8785],[-135.2391,68.9277]],[[-135.453,68.991],[-135.8185,68.9741],[-135.6343,68.8934],[-135.453,68.991]],[[-80.7932,73.7344],[-80.8866,73.609],[-80.8762,73.3425],[-80.7523,73.2773],[-80.2199,73.2516],[-80.107,73.1784],[-80.1507,73.0666],[-79.9944,72.8749],[-79.5472,72.7561],[-79.1401,72.7537],[-78.4214,72.8809],[-77.6798,72.9028],[-76.9559,72.839],[-76.4985,72.8165],[-76.1072,72.8611],[-76.2716,72.9508],[-76.323,73.0668],[-76.6173,73.1701],[-76.5734,73.2285],[-76.937,73.3322],[-77.214,73.5161],[-78.1636,73.6698],[-78.9398,73.6629],[-79.5185,73.6365],[-79.6054,73.6654],[-80.4245,73.7661],[-80.7932,73.7344]],[[-82.2825,75.838],[-82.9467,75.7531],[-83.4023,75.7424],[-83.9901,75.8233],[-84.3424,75.7043],[-84.6604,75.6438],[-85.0745,75.6623],[-85.2476,75.5828],[-85.6591,75.5794],[-86.1299,75.5187],[-85.8129,75.4222],[-86.3884,75.4186],[-86.9682,75.5097],[-87.1393,75.5856],[-87.4159,75.6022],[-88.1866,75.5272],[-88.7464,75.6757],[-88.8913,75.6195],[-88.7422,75.4689],[-89.1184,75.4871],[-89.2456,75.6285],[-89.1647,75.7502],[-89.9319,75.9691],[-90.7893,75.9887],[-90.2283,76.0698],[-91.1017,76.1611],[-90.2864,76.1808],[-89.7858,76.1623],[-89.3035,76.1942],[-89.2926,76.3001],[-89.7653,76.3239],[-90.4782,76.465],[-90.6361,76.5749],[-91.1524,76.6706],[-91.913,76.6722],[-92.1156,76.6249],[-92.6813,76.593],[-93.1048,76.5984],[-93.185,76.6788],[-93.6531,76.9121],[-93.8954,76.9378],[-94.2536,76.891],[-94.7597,76.9715],[-95.1595,76.9936],[-95.4071,77.0581],[-96.2852,77.0449],[-96.4695,76.9715],[-96.787,76.9841],[-96.894,76.704],[-96.4799,76.6923],[-95.9941,76.5211],[-96.0156,76.4404],[-95.7787,76.397],[-95.1235,76.362],[-95.0654,76.2198],[-94.7603,76.2889],[-94.1343,76.2633],[-93.6257,76.2967],[-93.1627,76.3691],[-92.9626,76.2406],[-92.6509,76.1275],[-92.536,75.963],[-92.1393,75.8807],[-92.1141,75.7275],[-91.9952,75.5946],[-92.24,75.5412],[-92.4437,75.4152],[-92.5041,75.2171],[-92.1309,75.1349],[-92.2383,75.0306],[-92.0388,74.9611],[-92.0748,74.7968],[-91.5898,74.6528],[-91.1119,74.6409],[-90.7667,74.7083],[-90.6176,74.6196],[-89.9861,74.5325],[-89.2723,74.5747],[-89.0749,74.7173],[-88.4143,74.7415],[-88.5504,74.6293],[-88.5514,74.5011],[-87.7375,74.4578],[-86.6223,74.4663],[-85.6101,74.4951],[-85.2323,74.4881],[-84.2618,74.5051],[-83.4886,74.5734],[-83.3127,74.7805],[-82.9421,74.5625],[-81.7868,74.4702],[-81.1168,74.5871],[-80.5792,74.564],[-80.2121,74.6003],[-80.2897,74.7681],[-80.2211,74.8375],[-80.4943,74.8971],[-80.3063,74.9486],[-80.276,75.0613],[-79.9665,75.0908],[-79.6302,75.1802],[-79.4411,75.2772],[-79.4793,75.3762],[-79.7107,75.4706],[-79.9363,75.4771],[-80.1342,75.5945],[-80.5199,75.6552],[-81.0319,75.6225],[-81.2873,75.6504],[-81.0985,75.7661],[-82.2825,75.838]],[[-79.1504,75.9723],[-78.7963,76.088],[-79.0872,76.1168],[-79.2924,76.0076],[-79.5667,75.9435],[-79.4324,75.804],[-79.1504,75.9723]],[[-72.4501,67.5451],[-72.2918,67.5803],[-72.1337,67.5798],[-71.977,67.5408],[-71.8508,67.5996],[-72.092,67.6969],[-72.2908,67.7246],[-72.5528,67.6572],[-72.4501,67.5451]],[[-74.9606,68.198],[-75.123,68.244],[-75.4739,68.275],[-75.9282,68.3495],[-76.0734,68.3],[-76.2632,68.3395],[-76.6079,68.2807],[-76.992,68.0759],[-77.1819,67.8833],[-77.2922,67.7086],[-77.2158,67.4371],[-76.9894,67.2405],[-76.6805,67.2065],[-76.2217,67.2441],[-75.7473,67.2606],[-75.3495,67.3615],[-75.102,67.5061],[-75.0365,67.5927],[-75.0332,67.8208],[-75.1151,67.9627],[-75.0087,68.0315],[-74.9606,68.198]],[[-79.068,68.1767],[-78.8076,68.2774],[-78.9636,68.3629],[-79.1413,68.3708],[-79.193,68.2393],[-79.068,68.1767]],[[-75.4191,68.5338],[-75.2397,68.4361],[-75.0081,68.3806],[-74.8202,68.3253],[-74.7043,68.3993],[-75.0284,68.6921],[-75.2619,68.7308],[-75.4191,68.5338]],[[-78.5594,68.634],[-78.9356,68.5074],[-78.8297,68.4356],[-78.4591,68.5695],[-78.5594,68.634]],[[-74.3728,68.3845],[-74.2483,68.2635],[-74.068,68.3464],[-74.3355,68.4706],[-74.3728,68.3845]],[[-74.2749,67.7529],[-73.9947,67.7753],[-73.54,67.7388],[-73.3299,67.8422],[-73.3894,67.9575],[-73.5091,68.0181],[-73.8694,68.0329],[-74.2638,68.0789],[-74.2688,68.166],[-74.4758,68.0654],[-74.7289,68.0926],[-74.7724,67.9291],[-74.5864,67.8132],[-74.2749,67.7529]],[[-78.5895,69.3911],[-78.9545,69.1078],[-79.221,69.0872],[-79.3879,68.9053],[-79.2031,68.8409],[-78.8155,68.9149],[-78.7166,69.0131],[-78.2077,69.3006],[-78.2739,69.3758],[-78.5895,69.3911]],[[-79.4541,69.809],[-79.6777,69.8183],[-79.8798,69.743],[-80.1776,69.8041],[-80.7086,69.7444],[-80.7413,69.6667],[-80.4437,69.6629],[-80.3364,69.5769],[-79.9962,69.498],[-80.0289,69.5992],[-79.6396,69.613],[-79.3405,69.6986],[-79.4541,69.809]],[[-77.9414,69.646],[-78.186,69.7552],[-78.3762,69.661],[-78.5388,69.6447],[-78.6369,69.5192],[-78.4934,69.4919],[-77.9414,69.646]],[[-76.8623,69.1849],[-76.8657,69.2416],[-76.6597,69.3184],[-76.6415,69.3974],[-76.9617,69.4102],[-77.1154,69.4555],[-77.3329,69.4191],[-77.3716,69.2574],[-77.2764,69.1533],[-77.098,69.1198],[-76.8623,69.1849]],[[-86.7461,69.9735],[-86.4805,69.9925],[-86.5913,70.1177],[-87.375,70.1025],[-87.1327,70.0009],[-86.7461,69.9735]],[[-93.5772,72.5954],[-93.851,72.7093],[-94.3183,72.7315],[-94.2824,72.7773],[-93.5848,72.7822],[-93.1818,72.8051],[-93.0739,72.7746],[-92.3683,72.711],[-92.0247,72.7669],[-91.8333,72.8559],[-90.9156,73.5061],[-90.5053,73.689],[-90.1724,73.9128],[-90.3911,73.9174],[-90.8532,73.994],[-91.5286,74.0308],[-92.0724,73.9839],[-92.5723,74.0998],[-93.0123,74.1526],[-93.4897,74.1788],[-93.7534,74.1473],[-94.7605,74.0972],[-95.3024,73.9881],[-95.3303,73.9167],[-94.9385,73.7494],[-95.1316,73.7036],[-95.3869,73.778],[-95.6605,73.7293],[-95.6095,73.5447],[-95.6672,72.8055],[-95.6058,72.7192],[-95.3487,72.6466],[-95.188,72.4194],[-95.2082,71.9966],[-94.8091,71.9993],[-94.102,72.0558],[-93.8192,72.3152],[-93.6368,72.3394],[-93.4539,72.4404],[-93.5772,72.5954]],[[-96.4664,72.6623],[-97.0064,72.743],[-97.2539,72.8523],[-97.2161,72.9399],[-97.5966,73.0263],[-97.9173,73.0461],[-98.4199,72.9565],[-98.4722,73.0242],[-98.2103,73.0814],[-97.8446,73.2707],[-97.6713,73.322],[-97.1601,73.3598],[-97.1712,73.448],[-97.6633,73.4746],[-97.6155,73.5482],[-97.2272,73.5573],[-96.9571,73.6369],[-96.9357,73.7339],[-97.1797,73.8526],[-97.7547,73.9157],[-97.9418,73.8503],[-98.3397,73.7976],[-99.1355,73.7481],[-99.7028,73.8475],[-99.9612,73.9514],[-100.543,73.8656],[-101.1242,73.7353],[-100.5216,73.5751],[-101.2001,73.6086],[-101.5712,73.4843],[-100.9556,73.2782],[-100.5643,73.2872],[-100.314,73.3901],[-100.1587,73.2998],[-100.5058,73.2344],[-100.5865,73.1426],[-100.2881,73.1342],[-100.0165,72.9427],[-100.3252,72.8757],[-100.3837,72.7532],[-100.6861,72.767],[-100.8387,72.6953],[-101.3428,72.7309],[-101.4869,72.8783],[-101.6778,72.914],[-101.7774,73.0116],[-102.1159,73.0903],[-102.5087,73.0283],[-102.7363,72.785],[-102.5934,72.6568],[-102.2229,72.5416],[-101.9802,72.5066],[-101.8046,72.3164],[-101.4525,72.2567],[-101.1665,72.3246],[-101.0054,72.1968],[-100.6082,72.1855],[-100.3266,71.995],[-100.0608,71.8744],[-99.8364,71.8502],[-99.6733,71.7661],[-99.6559,71.7292],[-99.6153,71.7072],[-99.5992,71.7051],[-99.5434,71.6166],[-99.3578,71.5813],[-99.2174,71.3535],[-99.0081,71.3918],[-98.8167,71.3026],[-98.5503,71.2937],[-98.195,71.422],[-98.0578,71.5278],[-98.3684,71.6513],[-97.7786,71.6575],[-97.4856,71.6167],[-97.0742,71.7042],[-97.0495,71.7169],[-97.0312,71.7408],[-96.9196,71.8075],[-96.5267,71.8367],[-96.4755,71.9645],[-96.4742,72.1518],[-96.5574,72.2776],[-96.681,72.3075],[-96.2742,72.4132],[-96.4664,72.6623]],[[-112.1044,70.2818],[-112.4636,70.2499],[-112.5233,70.1993],[-112.9689,70.2345],[-113.2531,70.2829],[-113.6199,70.2688],[-114.1252,70.3167],[-114.5541,70.3191],[-114.8924,70.2873],[-115.9388,70.2326],[-116.9714,70.124],[-117.3591,70.0403],[-117.2584,69.7904],[-117.1399,69.7253],[-116.5998,69.5661],[-116.6187,69.4612],[-115.9364,69.298],[-115.0274,69.2647],[-114.181,69.282],[-113.6375,69.2098],[-113.6758,69.1187],[-113.5131,69.0448],[-113.6567,68.8146],[-113.4173,68.6944],[-113.421,68.6459],[-113.0146,68.5201],[-112.7528,68.4707],[-112.5843,68.5126],[-112.333,68.5019],[-112.0975,68.5369],[-111.5415,68.5538],[-111.3382,68.5994],[-110.9449,68.5529],[-110.5234,68.634],[-110.3925,68.6102],[-109.6347,68.6455],[-109.381,68.7001],[-108.9662,68.7386],[-108.6385,68.8397],[-108.5266,68.9437],[-108.142,68.9357],[-107.495,68.9835],[-107.2728,69.0434],[-107.1088,69.1611],[-106.9161,69.2249],[-106.9441,69.3613],[-106.73,69.3897],[-106.5662,69.4983],[-106.2739,69.4012],[-105.8187,69.4912],[-105.2109,69.4378],[-104.8739,69.4294],[-104.4961,69.4884],[-104.4301,69.4073],[-104.708,69.3709],[-105.4325,69.4013],[-105.6685,69.3716],[-106.3161,69.3898],[-106.245,69.2875],[-106.3788,69.1787],[-105.9431,69.155],[-105.7125,69.1816],[-105.3746,69.1076],[-104.8765,69.0607],[-105.2227,68.9495],[-105.122,68.8961],[-104.529,68.8635],[-104.4197,68.9431],[-104.0427,68.8553],[-103.4909,68.8121],[-103.1115,68.8439],[-102.8699,68.8081],[-102.0974,68.9947],[-101.7741,69.009],[-101.7217,69.1643],[-102.0719,69.3541],[-101.9165,69.417],[-102.115,69.4968],[-102.4236,69.499],[-102.566,69.4262],[-102.8478,69.3759],[-102.9701,69.4082],[-103.0449,69.5333],[-103.3458,69.5843],[-103.2628,69.6832],[-102.9006,69.5537],[-102.5252,69.5525],[-102.4903,69.6665],[-102.5718,69.7395],[-102.2173,69.8614],[-101.9829,69.8076],[-101.9256,69.745],[-101.6555,69.7083],[-101.4332,69.796],[-101.2647,69.6677],[-100.9247,69.6818],[-100.8522,69.8109],[-100.9113,70.0448],[-100.9986,70.1998],[-101.5244,70.1393],[-101.6399,70.2364],[-101.8651,70.2628],[-102.4817,70.4644],[-102.8202,70.5428],[-102.8042,70.6028],[-103.1162,70.6665],[-103.1464,70.5539],[-103.5262,70.5992],[-103.5986,70.6712],[-103.9748,70.7615],[-104.0515,70.9164],[-104.477,71.0291],[-104.6255,71.1311],[-104.4225,71.2346],[-104.4528,71.3517],[-104.2661,71.3931],[-104.3611,71.5075],[-104.3081,71.6032],[-104.396,71.6483],[-104.426,71.6856],[-104.4795,71.6926],[-104.4865,71.701],[-104.4808,71.7278],[-104.5233,71.7659],[-104.7836,71.8584],[-104.7894,71.9724],[-105.1246,72.3679],[-105.3772,72.8751],[-106.0788,73.0563],[-106.6761,73.2343],[-106.8533,73.3141],[-107.1816,73.1996],[-107.6075,73.3244],[-108.0293,73.3481],[-108.262,73.1236],[-108.1296,73.0195],[-107.9186,72.6165],[-107.9109,72.4863],[-107.7234,72.3319],[-107.7264,72.1535],[-107.5945,72.0187],[-107.2513,71.897],[-107.5179,71.7896],[-107.619,71.7394],[-107.615,71.7206],[-107.647,71.714],[-107.6746,71.7048],[-107.8578,71.6326],[-107.9536,71.671],[-107.9744,71.6962],[-108.0,71.7194],[-108.0385,71.7284],[-108.2838,71.8128],[-108.1748,71.9646],[-108.3951,72.0086],[-108.3661,72.1606],[-108.4877,72.1773],[-108.6473,72.3496],[-108.5835,72.5518],[-108.981,72.5676],[-109.1183,72.7634],[-109.6737,72.86],[-109.6394,72.9363],[-110.3928,73.012],[-110.7134,72.9868],[-110.4552,72.837],[-110.0526,72.7642],[-110.2057,72.6757],[-109.8971,72.5977],[-109.7861,72.4983],[-110.0142,72.4402],[-110.167,72.5059],[-110.7321,72.5641],[-111.1203,72.3508],[-111.439,72.4073],[-111.4445,72.5098],[-111.1829,72.6245],[-111.2193,72.7283],[-112.0246,72.8931],[-112.9857,73.0106],[-113.2319,72.9888],[-113.6035,72.7752],[-113.5102,72.7017],[-113.8476,72.6427],[-114.0484,72.6533],[-114.3487,72.5614],[-114.3484,72.7445],[-114.0021,72.8086],[-114.0268,72.9693],[-113.939,73.1585],[-114.1964,73.3245],[-114.4547,73.3741],[-114.7742,73.3401],[-115.4127,73.2236],[-116.5538,73.0592],[-116.7942,72.9881],[-117.3151,72.9266],[-117.832,72.7129],[-118.154,72.6444],[-118.4604,72.5261],[-118.5422,72.3949],[-118.1696,72.3535],[-118.0842,72.2426],[-118.4462,72.1893],[-118.659,72.1188],[-119.0521,71.9198],[-119.1208,71.764],[-119.0734,71.6666],[-118.4855,71.6598],[-118.2994,71.5865],[-117.9979,71.5549],[-118.3057,71.4724],[-118.2491,71.3991],[-117.8014,71.3739],[-116.8108,71.4381],[-116.2923,71.5093],[-115.7003,71.5624],[-116.2389,71.37],[-117.0564,71.2447],[-117.8108,71.168],[-118.3622,71.0337],[-118.4156,70.9781],[-118.0532,70.8023],[-117.6549,70.7085],[-117.5531,70.6045],[-117.1612,70.6205],[-116.7208,70.6052],[-116.5214,70.6381],[-116.1735,70.5929],[-115.0224,70.603],[-114.133,70.6764],[-113.8125,70.7159],[-113.5567,70.6483],[-113.2249,70.6528],[-112.8958,70.5652],[-112.0789,70.495],[-111.9691,70.3844],[-111.4792,70.3544],[-111.4778,70.2721],[-112.1044,70.2818]],[[-104.914,73.1043],[-104.6612,73.2296],[-104.5134,73.3514],[-104.4452,73.5484],[-104.5091,73.5973],[-105.022,73.7149],[-105.498,73.7711],[-105.6795,73.7361],[-106.4867,73.7179],[-106.6671,73.6765],[-107.0098,73.4877],[-106.389,73.38],[-105.8482,73.1489],[-105.7401,73.0553],[-105.2098,72.8845],[-104.97,73.0143],[-104.914,73.1043]],[[-100.6533,70.5642],[-100.4737,70.5098],[-100.2634,70.5799],[-100.5458,70.6818],[-100.6533,70.5642]],[[-97.7215,68.6616],[-97.5835,68.5849],[-97.1508,68.518],[-96.8537,68.5277],[-96.5298,68.4535],[-96.2588,68.4781],[-95.7616,68.7471],[-95.4738,68.7091],[-95.2356,68.8086],[-95.2399,68.8997],[-95.6465,68.837],[-95.8241,68.8815],[-95.8186,68.9842],[-95.9565,69.0606],[-95.918,69.1605],[-96.2969,69.3625],[-97.0768,69.5864],[-97.1343,69.6649],[-97.6639,69.8159],[-97.8525,69.8922],[-98.2929,69.7247],[-98.3558,69.5755],[-98.5356,69.5926],[-98.5859,69.4481],[-98.3911,69.3695],[-98.6447,69.2929],[-98.7095,69.1863],[-99.0457,69.1402],[-99.4622,69.1222],[-99.5306,69.0092],[-99.372,68.8869],[-99.1348,68.8446],[-98.9875,68.9256],[-98.8209,68.9023],[-98.8249,68.8417],[-98.515,68.7584],[-98.2749,68.7736],[-98.1016,68.6938],[-97.7215,68.6616]],[[-100.6095,68.7864],[-100.3269,68.7465],[-100.165,68.818],[-100.1324,68.9205],[-100.4835,69.0501],[-100.5604,69.0062],[-100.6095,68.7864]],[[-101.8487,68.5789],[-101.6774,68.6692],[-101.6777,68.7492],[-101.8995,68.8275],[-102.3351,68.7019],[-102.0945,68.6143],[-101.8487,68.5789]],[[-105.0702,68.5563],[-104.8454,68.4464],[-104.5601,68.3963],[-104.4118,68.4969],[-104.597,68.569],[-104.9443,68.5954],[-105.0702,68.5563]],[[-95.5779,69.6116],[-95.7435,69.6312],[-95.9539,69.5157],[-95.9203,69.3764],[-95.37,69.4042],[-95.3232,69.5158],[-95.5779,69.6116]],[[-96.1087,69.3516],[-96.0789,69.544],[-96.3791,69.5817],[-96.627,69.5556],[-96.5433,69.4852],[-96.1087,69.3516]],[[-97.7344,74.1264],[-98.4577,74.045],[-98.7745,74.0368],[-99.1406,73.9498],[-99.2094,73.8502],[-98.3548,73.8536],[-97.7686,73.9887],[-97.6191,74.0772],[-97.7344,74.1264]],[[-97.0981,73.1063],[-97.0404,72.9633],[-96.6447,72.9483],[-96.5628,73.0872],[-96.8683,73.19],[-97.0981,73.1063]],[[-96.6666,72.8876],[-96.8786,72.8539],[-96.9844,72.7694],[-96.7135,72.7288],[-96.6006,72.7873],[-96.6666,72.8876]],[[-110.2905,74.8518],[-109.5305,74.862],[-109.3464,74.9483],[-108.5746,75.0496],[-108.3877,74.9202],[-107.9313,74.9547],[-107.8911,75.0047],[-107.1828,74.913],[-106.0044,75.0514],[-105.8654,75.1467],[-105.8456,75.2842],[-105.622,75.3686],[-105.6152,75.5366],[-105.4545,75.561],[-105.3518,75.6815],[-105.4259,75.8537],[-105.6326,75.9576],[-105.9415,76.0195],[-106.5419,76.0704],[-106.8992,75.9386],[-107.165,75.9132],[-107.7429,75.916],[-107.6103,75.9974],[-107.7999,76.0618],[-108.4026,76.0598],[-108.3508,76.179],[-108.0769,76.2301],[-108.531,76.5756],[-108.4299,76.7507],[-109.1158,76.8273],[-109.416,76.7468],[-109.5274,76.6285],[-110.1132,76.4504],[-110.3912,76.4304],[-110.365,76.313],[-109.7633,76.2379],[-109.269,76.1058],[-109.5844,75.9645],[-110.0363,75.9018],[-109.9212,75.8543],[-108.9416,75.7151],[-108.7927,75.6132],[-108.9161,75.4803],[-110.4467,75.5772],[-111.1876,75.5282],[-111.4,75.624],[-111.3155,75.7169],[-112.0134,76.0082],[-112.3931,76.0432],[-112.6811,76.2004],[-112.978,76.2726],[-113.2657,76.271],[-113.6896,76.205],[-113.9639,76.2052],[-114.1233,76.3075],[-114.1685,76.4775],[-114.7631,76.5192],[-115.5594,76.4393],[-115.877,76.3604],[-115.8695,76.2604],[-116.6071,76.1224],[-116.6947,75.8973],[-116.1366,75.8743],[-115.9921,75.8164],[-116.8088,75.8049],[-117.185,75.6474],[-117.2136,75.5806],[-116.4224,75.5651],[-115.6386,75.6522],[-115.6572,75.5725],[-115.9994,75.49],[-117.1477,75.4867],[-117.5574,75.3542],[-117.6494,75.2439],[-117.3087,75.1755],[-116.673,75.1192],[-116.557,75.188],[-116.2093,75.0583],[-115.6727,74.9705],[-115.2105,75.0749],[-115.0341,74.9637],[-114.4588,75.0605],[-114.1072,75.2576],[-113.9159,75.1796],[-113.9116,75.0532],[-113.2427,75.0804],[-112.7663,75.126],[-111.9139,75.1395],[-111.3633,75.179],[-111.2893,75.0836],[-111.682,74.9925],[-112.1056,75.0095],[-112.8477,74.9828],[-113.3045,74.862],[-114.0844,74.7868],[-114.4359,74.6968],[-114.1259,74.5543],[-113.5243,74.4278],[-112.8519,74.4035],[-112.387,74.4227],[-111.6785,74.4999],[-110.5641,74.7121],[-110.6156,74.8],[-110.2905,74.8518]],[[-117.4751,76.1031],[-117.784,76.1166],[-118.1933,75.9785],[-118.5869,75.9263],[-119.3762,75.5995],[-118.5447,75.5079],[-118.3585,75.5555],[-117.9656,75.7373],[-117.8202,75.869],[-117.5485,75.9907],[-117.4751,76.1031]],[[-114.8429,76.7642],[-114.024,76.7069],[-113.6107,76.7138],[-113.4703,76.8304],[-113.7267,76.8901],[-114.6549,76.8644],[-114.8429,76.7642]],[[-100.9986,76.7261],[-101.3653,76.5561],[-100.4977,76.6866],[-100.4897,76.764],[-100.9986,76.7261]],[[-100.4608,75.1872],[-100.3689,75.0318],[-100.0877,74.9892],[-99.5296,74.9773],[-98.9519,75.0045],[-98.6545,74.9902],[-97.9503,75.0345],[-97.8084,75.203],[-98.0589,75.3239],[-97.9684,75.4779],[-97.4184,75.6135],[-97.8442,75.7666],[-97.5993,75.8502],[-97.5925,76.066],[-97.4965,76.2023],[-97.7908,76.3113],[-97.6741,76.4899],[-98.0757,76.529],[-98.5016,76.685],[-98.9998,76.6087],[-98.886,76.4857],[-99.2446,76.4437],[-99.557,76.6233],[-100.2189,76.6451],[-100.9871,76.5018],[-100.7231,76.3829],[-100.3653,76.3853],[-100.4345,76.2171],[-100.1627,76.1912],[-100.0694,76.0388],[-100.6303,76.0938],[-100.5995,76.136],[-101.0067,76.2425],[-101.2814,76.4141],[-101.84,76.4545],[-102.0852,76.3447],[-102.0366,76.2139],[-101.6564,75.9763],[-101.8382,75.9096],[-102.3443,75.8366],[-102.2513,75.742],[-102.5697,75.716],[-102.7657,75.5487],[-101.9827,75.5511],[-101.3376,75.6034],[-101.1232,75.5944],[-100.5538,75.647],[-99.8033,75.6548],[-100.0265,75.5587],[-100.0149,75.4562],[-100.6067,75.4373],[-100.3327,75.3011],[-100.4608,75.1872]],[[-103.0701,75.9019],[-103.2276,75.7483],[-102.8605,75.7549],[-102.5538,75.781],[-102.4378,75.8748],[-102.035,75.9298],[-102.1566,75.9974],[-103.0701,75.9019]],[[-103.9383,75.9457],[-103.649,75.8977],[-103.2218,75.9231],[-102.2733,76.0302],[-102.3845,76.0967],[-102.8416,76.0753],[-103.9383,75.9457]],[[-104.2517,76.2268],[-104.4722,76.1614],[-104.3618,76.0945],[-103.8454,76.0435],[-103.2219,76.0518],[-102.6641,76.1184],[-102.5052,76.2147],[-102.7322,76.3211],[-104.2517,76.2268]],[[-104.2638,76.6792],[-104.6763,76.5601],[-104.3695,76.461],[-104.3262,76.3281],[-103.6844,76.3118],[-103.1833,76.3613],[-103.0335,76.4595],[-103.5912,76.5348],[-104.0041,76.6699],[-104.2638,76.6792]],[[-94.5008,75.989],[-94.8283,75.9507],[-94.8128,75.7999],[-94.6526,75.7501],[-94.2744,75.7882],[-94.5008,75.989]],[[-96.1171,75.4628],[-95.9081,75.5769],[-96.3969,75.6437],[-96.3898,75.5838],[-97.0127,75.5035],[-96.9086,75.4159],[-96.5086,75.4594],[-96.1171,75.4628]],[[-95.8183,74.8267],[-95.2725,74.808],[-95.0547,74.7537],[-95.0767,74.6827],[-94.5008,74.6281],[-93.723,74.6427],[-93.4857,74.6753],[-93.4157,74.9696],[-93.5396,75.0515],[-93.4783,75.2635],[-94.3079,75.5901],[-94.9264,75.6399],[-95.7666,75.5177],[-96.1014,75.2929],[-96.3671,75.2214],[-96.5903,75.0807],[-95.8183,74.8267]],[[-95.8351,74.5803],[-95.4872,74.5043],[-95.2346,74.5089],[-95.4978,74.6478],[-95.8351,74.5803]],[[-104.4924,75.4168],[-104.6801,75.3285],[-104.9146,75.1276],[-104.4301,75.0324],[-104.1685,75.0372],[-103.849,75.062],[-103.5824,75.1651],[-103.9617,75.408],[-104.2126,75.445],[-104.4924,75.4168]],[[-105.7113,77.7575],[-106.1093,77.737],[-105.6906,77.5194],[-105.7679,77.4658],[-105.5251,77.3066],[-104.8883,77.1357],[-104.4541,77.1401],[-104.4022,77.2809],[-104.9557,77.4956],[-105.2026,77.6302],[-105.7113,77.7575]],[[-110.1168,77.7866],[-110.6527,77.77],[-110.9144,77.8665],[-109.719,77.9507],[-109.5573,78.0787],[-109.9925,78.1177],[-111.2511,78.0936],[-112.522,77.9956],[-113.2031,77.901],[-113.3114,77.8465],[-113.161,77.6468],[-113.2033,77.5322],[-112.921,77.4685],[-112.5786,77.463],[-112.4675,77.3771],[-112.0285,77.3275],[-111.3387,77.4049],[-110.9227,77.4096],[-110.4345,77.4656],[-110.0578,77.5732],[-110.1168,77.7866]],[[-101.25,77.8544],[-101.7535,77.9089],[-102.4514,77.8795],[-102.494,77.7853],[-102.0804,77.6881],[-100.9045,77.756],[-101.25,77.8544]],[[-94.9039,78.1166],[-95.2371,78.2192],[-94.8458,78.3454],[-95.0798,78.4406],[-95.5395,78.5138],[-95.9709,78.48],[-96.2846,78.5273],[-96.5184,78.6824],[-97.5113,78.8024],[-98.0193,78.8208],[-98.311,78.7803],[-98.347,78.6504],[-98.0982,78.5323],[-98.3495,78.4501],[-97.7722,78.2237],[-97.4353,78.2114],[-96.8804,78.1342],[-97.0206,78.0726],[-97.6776,78.091],[-97.7151,78.0178],[-97.0037,77.9113],[-97.1305,77.804],[-96.8474,77.7883],[-96.4711,77.9058],[-96.1568,77.8682],[-95.3163,77.9697],[-95.1081,77.95],[-94.9039,78.1166]],[[-94.8534,77.4897],[-94.1443,77.4501],[-93.5737,77.4432],[-93.3813,77.6284],[-93.0813,77.6658],[-93.2451,77.7382],[-93.6755,77.7796],[-94.34,77.7554],[-94.706,77.7929],[-95.4227,77.7573],[-95.4761,77.813],[-96.2607,77.6899],[-96.283,77.5986],[-95.8244,77.4643],[-95.2516,77.462],[-94.8534,77.4897]],[[-89.8982,77.2317],[-89.6565,77.3109],[-89.7382,77.4663],[-90.2078,77.6117],[-90.8533,77.6569],[-91.2021,77.6115],[-91.199,77.387],[-91.0149,77.3165],[-90.3301,77.1959],[-89.8982,77.2317]],[[-89.8747,76.6155],[-89.7024,76.7414],[-89.9943,76.842],[-90.4386,76.8055],[-90.5875,76.7267],[-90.082,76.4832],[-89.8004,76.5348],[-89.8747,76.6155]],[[-86.0108,78.9133],[-85.2807,78.9841],[-85.2468,79.0556],[-85.8363,79.0698],[-86.1317,79.0182],[-86.0108,78.9133]],[[-102.7656,78.2125],[-102.9902,78.2737],[-103.3121,78.1478],[-103.1625,78.1226],[-102.7656,78.2125]],[[-108.1185,67.5462],[-107.9009,67.5484],[-107.978,67.6639],[-108.1024,67.6641],[-108.1185,67.5462]],[[-90.3391,69.4296],[-90.4952,69.3313],[-90.2462,69.2642],[-90.2025,69.3886],[-90.3391,69.4296]],[[-90.6377,69.3802],[-90.7716,69.3454],[-90.6805,69.232],[-90.4452,69.2344],[-90.6377,69.3802]],[[-86.4481,67.7806],[-86.3512,67.9594],[-86.4101,68.2035],[-86.6634,68.3055],[-86.8852,68.1761],[-86.9479,67.9335],[-86.8112,67.7739],[-86.592,67.7245],[-86.4481,67.7806]],[[-83.8327,65.662],[-83.5391,65.6579],[-83.3207,65.6147],[-83.2373,65.7234],[-83.4704,65.7229],[-83.6602,65.7791],[-83.6406,65.906],[-83.9942,66.0386],[-84.4376,66.1422],[-84.4221,66.0342],[-84.1684,65.9233],[-84.0675,65.7971],[-83.8327,65.662]],[[-85.0802,65.7331],[-84.8794,65.6696],[-84.7286,65.5417],[-84.6102,65.5811],[-84.5549,65.6188],[-84.642,65.769],[-84.914,66.0176],[-85.1591,65.9881],[-85.0802,65.7331]],[[-52.0621,70.8686],[-51.6729,70.841],[-51.8907,70.9594],[-52.0621,70.8686]],[[-53.4107,71.1223],[-53.6195,71.3023],[-53.8516,71.2329],[-53.974,71.1047],[-53.6346,71.0291],[-53.4107,71.1223]],[[-53.1715,71.3353],[-53.1256,71.2114],[-52.9725,71.1529],[-52.6273,71.1648],[-52.5618,71.2401],[-52.3405,71.2763],[-52.4457,71.3441],[-52.9537,71.383],[-53.1715,71.3353]],[[-52.859,71.6217],[-52.8949,71.6622],[-53.3256,71.6853],[-53.4611,71.5809],[-53.222,71.5381],[-52.859,71.6217]],[[-72.9939,71.5628],[-72.7432,71.5367],[-72.7533,71.6618],[-72.9787,71.6381],[-72.9939,71.5628]],[[-73.1308,71.5653],[-73.3531,71.5282],[-73.2577,71.3604],[-73.0202,71.3437],[-73.042,71.403],[-72.8277,71.4367],[-73.1308,71.5653]],[[-55.6845,72.2094],[-55.4596,72.158],[-55.0963,72.2711],[-55.2865,72.3312],[-55.5271,72.2682],[-55.6845,72.2094]],[[-55.1307,72.8521],[-55.815,72.6463],[-55.5449,72.6045],[-55.0176,72.7995],[-55.1307,72.8521]],[[-55.7136,72.7824],[-56.1846,72.7045],[-56.0322,72.6487],[-55.732,72.6825],[-55.7136,72.7824]],[[-55.9215,73.8479],[-56.5998,73.9277],[-56.5934,73.8082],[-56.2297,73.7875],[-55.9215,73.8479]],[[-79.8622,74.8119],[-79.3636,74.8796],[-79.5863,75.0187],[-79.7515,75.0274],[-80.338,74.9249],[-80.3004,74.8736],[-79.8622,74.8119]],[[-71.3451,77.3555],[-71.918,77.4375],[-72.3084,77.4541],[-72.3537,77.3641],[-71.885,77.3076],[-71.3451,77.3555]],[[-70.069,77.3953],[-70.7091,77.4662],[-71.2314,77.4548],[-71.0582,77.3752],[-70.069,77.3953]],[[-72.0239,71.0419],[-72.1037,70.8154],[-71.4161,70.926],[-71.5494,71.0171],[-71.8568,71.0692],[-72.0239,71.0419]],[[-54.2377,82.2004],[-54.0418,82.0662],[-53.2664,81.9835],[-52.4991,81.9],[-52.1119,81.9244],[-52.7713,82.0853],[-53.3724,82.1696],[-53.8564,82.2952],[-54.2377,82.2004]],[[-47.271,82.608],[-48.3146,82.576],[-47.7567,82.319],[-47.2897,82.2049],[-46.1391,82.0316],[-45.111,82.2342],[-45.6075,82.4273],[-46.8485,82.5884],[-47.271,82.608]],[[-46.7046,82.7833],[-45.6648,82.7936],[-45.7679,82.9139],[-46.7715,83.0135],[-47.2897,82.9954],[-47.5324,82.8938],[-46.7046,82.7833]],[[-41.423,83.239],[-40.5209,83.2713],[-41.4146,83.3427],[-41.423,83.239]],[[-40.1524,82.9756],[-40.0138,83.0734],[-41.0304,83.1473],[-41.1428,83.0623],[-40.1524,82.9756]],[[-42.2835,83.1198],[-41.2697,82.9634],[-41.0878,83.031],[-41.6385,83.1363],[-42.2835,83.1198]],[[-172.5694,64.6774],[-172.3573,64.7013],[-172.0911,64.7747],[-172.2783,64.8271],[-172.497,64.8139],[-172.5694,64.6774]],[[-171.1089,63.4209],[-170.8499,63.4122],[-170.5747,63.3621],[-170.3594,63.2836],[-170.2799,63.1971],[-169.8198,63.1131],[-169.7046,63.0307],[-169.5534,63.0619],[-169.3767,63.1543],[-169.1761,63.2026],[-168.8603,63.1467],[-168.6941,63.3005],[-169.0005,63.3404],[-169.4957,63.3622],[-169.6462,63.4283],[-169.8767,63.4459],[-170.0707,63.5033],[-170.0947,63.6121],[-170.2872,63.6867],[-170.6464,63.6677],[-170.8922,63.5745],[-171.0477,63.5815],[-171.6301,63.6888],[-171.6854,63.7854],[-171.829,63.5792],[-171.8466,63.4865],[-171.7313,63.3651],[-171.44,63.3075],[-171.1089,63.4209]],[[-164.036,62.9671],[-163.9004,62.8962],[-163.8662,62.9188],[-163.7761,62.9543],[-163.8054,62.9742],[-163.8094,62.9861],[-163.7951,62.9954],[-163.7794,63.0192],[-163.6757,63.0925],[-163.8428,63.1203],[-163.8695,63.2188],[-164.0477,63.262],[-164.3097,63.2407],[-164.5416,63.1481],[-164.4646,63.073],[-164.2684,63.0043],[-164.036,62.9671]],[[-164.7752,62.6092],[-164.6212,62.6879],[-164.841,62.7136],[-164.7752,62.6092]],[[-164.3718,63.0138],[-164.6467,63.0261],[-164.7981,62.9317],[-164.8553,62.8349],[-164.7674,62.7992],[-164.5504,62.7778],[-164.3161,62.7171],[-164.0898,62.7788],[-164.3028,62.9093],[-164.3718,63.0138]],[[-165.5864,61.3382],[-165.4758,61.3369],[-165.4571,61.3708],[-165.4758,61.3951],[-165.475,61.4044],[-165.4599,61.4209],[-165.506,61.4183],[-165.521,61.4275],[-165.5535,61.4259],[-165.5766,61.4273],[-165.5849,61.4034],[-165.604,61.4062],[-165.6707,61.3925],[-165.8203,61.4465],[-165.9324,61.3758],[-165.8555,61.3123],[-165.6605,61.291],[-165.6609,61.3226],[-165.5864,61.3382]],[[-164.89,60.3135],[-164.7162,60.2925],[-164.6319,60.3434],[-164.6323,60.3702],[-164.6161,60.3794],[-164.5381,60.3925],[-164.5836,60.4533],[-164.5169,60.5378],[-164.3875,60.5756],[-164.2082,60.6858],[-164.4373,60.8207],[-164.6693,60.8193],[-164.7565,60.8919],[-165.0374,60.7785],[-164.9774,60.7245],[-165.3781,60.5116],[-165.1335,60.4369],[-164.89,60.3135]],[[-166.7446,60.3102],[-166.8055,60.2292],[-166.9396,60.2049],[-167.3165,60.2327],[-167.4119,60.1879],[-167.2627,60.0644],[-167.1041,59.9888],[-166.8898,59.9551],[-166.6014,59.848],[-166.3729,59.8439],[-166.2293,59.7903],[-165.9987,59.8679],[-165.6065,59.9085],[-165.6503,59.9915],[-165.6841,60.2921],[-165.8853,60.3419],[-166.0046,60.3143],[-166.1979,60.3918],[-166.5859,60.3124],[-166.7446,60.3102]],[[-160.8824,58.5812],[-160.7077,58.7849],[-161.0554,58.6981],[-161.0754,58.5457],[-160.8824,58.5812]],[[-169.4988,56.6063],[-169.7642,56.602],[-169.5685,56.5326],[-169.4988,56.6063]],[[-165.8509,54.056],[-165.6732,54.1112],[-165.7485,54.161],[-165.9854,54.2198],[-166.0857,54.174],[-166.0525,54.0758],[-165.8509,54.056]],[[-174.7369,52.0054],[-174.5079,52.0709],[-174.2174,52.0932],[-174.1976,52.1963],[-174.059,52.2253],[-173.9889,52.3186],[-174.1547,52.4198],[-174.3593,52.3131],[-174.4124,52.2198],[-174.5634,52.1348],[-174.8774,52.0429],[-174.7369,52.0054]],[[-172.5573,52.3551],[-172.4795,52.2643],[-172.3215,52.3146],[-172.4079,52.3928],[-172.5573,52.3551]],[[-176.0045,52.0696],[-176.1546,52.1157],[-176.1818,52.0008],[-176.062,52.0035],[-176.0045,52.0696]],[[-176.5852,51.6887],[-176.4388,51.7753],[-176.4338,51.8451],[-176.5563,51.9127],[-176.7713,51.9659],[-176.7309,51.8746],[-176.7744,51.8084],[-176.9881,51.6551],[-176.5852,51.6887]],[[-176.2811,51.8608],[-176.4266,51.8537],[-176.4012,51.7356],[-176.2966,51.7693],[-176.2811,51.8608]],[[-178.224,51.8612],[-177.9606,51.7738],[-177.9575,51.617],[-177.8411,51.6874],[-177.8213,51.7876],[-177.9543,51.9026],[-178.1267,51.9195],[-178.224,51.8612]],[[-177.121,51.8396],[-177.2008,51.9237],[-177.2293,51.8028],[-177.4082,51.7556],[-177.2808,51.679],[-177.1444,51.7043],[-177.121,51.8396]],[[-161.0629,66.8308],[-160.9321,66.86],[-160.9716,66.9334],[-161.0938,66.9005],[-161.1318,66.9041],[-161.1831,66.8762],[-161.2105,66.8714],[-161.2385,66.8805],[-161.2676,66.8844],[-161.2981,66.892],[-161.3258,66.8866],[-161.3603,66.8892],[-161.4068,66.882],[-161.423,66.875],[-161.4478,66.8692],[-161.485,66.8627],[-161.5019,66.865],[-161.5033,66.86],[-161.5232,66.8584],[-161.5335,66.8623],[-161.5549,66.857],[-161.5618,66.8319],[-161.5957,66.8256],[-161.5958,66.818],[-161.6095,66.8078],[-161.6105,66.8028],[-161.6214,66.8017],[-161.6396,66.8057],[-161.6516,66.8116],[-161.6688,66.8036],[-161.7057,66.7991],[-161.7735,66.8024],[-161.8222,66.7969],[-161.8644,66.8006],[-161.8155,66.6862],[-161.6616,66.6118],[-161.4373,66.5635],[-161.2823,66.6825],[-161.1289,66.7344],[-161.0629,66.8308]],[[35.6827,65.1696],[35.5053,65.097],[35.8503,64.991],[35.8265,65.1249],[35.6827,65.1696]],[[38.8216,63.7159],[38.7343,63.6516],[38.7574,63.6199],[38.8965,63.58],[39.0542,63.6313],[38.948,63.679],[38.8216,63.7159]],[[-8.0065,71.1586],[-8.2832,71.122],[-8.4661,71.0113],[-8.8726,70.9336],[-9.0319,70.8254],[-8.7008,70.9261],[-7.9874,71.0188],[-8.0065,71.1586]],[[17.0764,76.8665],[17.2747,76.9881],[17.4273,77.2313],[17.303,77.2639],[17.6853,77.4661],[18.2328,77.4998],[18.4141,77.8292],[18.2284,77.8608],[18.4749,77.9611],[18.3705,78.0253],[18.9411,78.0523],[18.87,78.1824],[19.0692,78.2381],[19.0921,78.3417],[18.8577,78.5237],[19.347,78.5455],[19.997,78.6239],[20.2624,78.7029],[21.3243,78.704],[21.4982,78.8329],[19.839,79.0021],[19.724,79.1337],[19.1461,79.1344],[18.6411,79.2658],[18.8227,79.302],[18.7701,79.4902],[18.2729,79.6224],[17.7482,79.5888],[18.0096,79.744],[17.7283,79.844],[17.0526,79.9572],[16.5818,80.0],[16.2631,80.0646],[15.7154,79.8789],[15.6259,79.7987],[15.8097,79.6359],[15.9411,79.2942],[16.3637,79.0154],[16.0747,79.0169],[15.3999,79.362],[15.2437,79.6004],[14.9627,79.731],[14.4881,79.7981],[13.8266,79.535],[13.4024,79.5802],[12.6572,79.5949],[13.2468,79.7084],[13.6714,79.6977],[13.9616,79.8039],[13.7551,79.8789],[13.0642,79.8232],[12.29,79.7228],[12.0198,79.7179],[11.8259,79.8419],[11.3871,79.7804],[10.7202,79.515],[10.9921,79.4734],[10.8896,79.3299],[11.1193,79.2508],[11.1915,79.1171],[11.6639,79.1597],[11.5954,79.267],[12.0673,79.2499],[11.6791,79.0686],[12.5324,78.9879],[12.2472,78.8935],[11.8505,78.8518],[11.6225,78.7361],[12.0251,78.6115],[12.4372,78.5977],[12.3651,78.486],[12.8712,78.3485],[12.9002,78.2518],[13.6563,78.2003],[14.1032,78.3669],[14.7819,78.3904],[14.3562,78.525],[14.5809,78.5476],[14.5182,78.6853],[14.8143,78.7282],[15.1857,78.6778],[15.2678,78.5284],[15.481,78.4583],[15.9845,78.4892],[16.7995,78.3885],[16.8009,78.3369],[15.8401,78.3508],[14.9813,78.1426],[14.484,78.1],[13.9619,78.1026],[13.5763,78.0481],[13.6492,77.8361],[14.0487,77.7646],[14.4345,77.7524],[15.0784,77.7986],[15.3256,77.8654],[15.8963,77.8261],[16.6463,77.8566],[16.7592,77.8128],[15.4006,77.7348],[14.7357,77.6457],[15.8816,77.5619],[15.4598,77.5207],[14.9893,77.5667],[14.7608,77.5405],[14.3266,77.5792],[13.9309,77.5403],[14.1937,77.2845],[14.3978,77.191],[14.7939,77.1727],[15.1897,77.0229],[16.0822,76.9767],[15.5398,76.9066],[15.6023,76.8637],[16.6899,76.5604],[16.7211,76.5646],[17.0625,76.64],[17.0764,76.8665]],[[19.2664,74.4304],[19.0922,74.5195],[18.8284,74.4304],[19.0688,74.3417],[19.2664,74.4304]],[[25.2741,71.0175],[25.5499,70.9324],[25.7887,70.9728],[26.0175,70.9742],[25.7713,71.1171],[25.7769,71.1725],[25.6102,71.1199],[25.2744,71.0864],[25.2741,71.0175]],[[22.1246,70.5196],[22.9322,70.529],[23.4019,70.7407],[23.3195,70.8719],[23.2825,70.7838],[23.0071,70.6885],[22.7962,70.7714],[22.2229,70.6386],[22.1246,70.5196]],[[23.9872,70.7036],[23.7204,70.7482],[23.6231,70.698],[23.7362,70.5227],[23.9967,70.5252],[24.1291,70.602],[23.9872,70.7036]],[[23.3297,70.3034],[23.639,70.4384],[23.5978,70.5072],[23.1425,70.5493],[22.8663,70.4456],[22.8904,70.3634],[23.1739,70.2732],[23.3297,70.3034]],[[22.685,70.3928],[22.3438,70.3431],[22.5654,70.2614],[22.9773,70.2872],[22.685,70.3928]],[[20.8096,70.1858],[20.6836,70.2328],[20.375,70.1432],[20.3754,70.0711],[20.5625,70.0318],[20.7529,70.0929],[20.8096,70.1858]],[[19.7216,69.8548],[19.8527,69.9918],[19.5216,69.9192],[19.7216,69.8548]],[[19.0685,69.7903],[19.3567,69.8277],[19.4838,69.9337],[19.6738,69.9982],[19.1854,70.0903],[18.8772,70.0298],[18.7056,69.9226],[19.0685,69.7903]],[[18.2114,69.5191],[18.7642,69.5644],[18.7839,69.6805],[19.0421,69.7844],[18.7709,69.8005],[18.3033,69.775],[18.3452,69.6867],[18.0597,69.6223],[18.2114,69.5191]],[[16.912,69.2365],[17.0572,69.1388],[17.9597,69.1764],[17.8789,69.3183],[18.0794,69.3504],[17.9865,69.5171],[17.8821,69.5797],[17.4043,69.4852],[17.2702,69.4128],[16.9831,69.3945],[16.912,69.2365]],[[17.0983,68.9081],[17.2609,68.7965],[17.4879,68.876],[17.2308,68.9291],[17.0983,68.9081]],[[15.6439,68.9535],[15.6008,68.8369],[15.4724,68.8046],[15.5054,68.6442],[15.2467,68.5788],[15.2579,68.4796],[15.1121,68.4033],[15.1533,68.3257],[15.4015,68.3524],[15.6567,68.309],[15.7213,68.3828],[16.0098,68.4132],[16.1038,68.5244],[16.2466,68.5646],[16.5141,68.5657],[16.5935,68.7211],[16.5521,68.8145],[16.3472,68.8808],[15.9565,68.7979],[15.9017,68.9667],[15.6439,68.9535]],[[16.2309,68.5443],[16.0774,68.417],[16.4372,68.4273],[16.3361,68.5562],[16.2309,68.5443]],[[14.3424,68.3445],[14.3776,68.1906],[14.7925,68.2775],[15.0516,68.3728],[14.8923,68.4318],[14.6565,68.4385],[14.3424,68.3445]],[[13.6597,68.3116],[13.4883,68.2087],[13.5853,68.0883],[13.8435,68.1419],[14.0615,68.199],[14.273,68.2998],[14.1534,68.3468],[13.8382,68.2947],[13.6597,68.3116]],[[13.4614,68.14],[13.3253,68.1707],[13.1667,68.0455],[13.3984,68.0539],[13.4614,68.14]],[[13.1673,67.9629],[13.0735,68.1026],[12.8443,67.9016],[13.0463,67.8968],[13.1673,67.9629]],[[15.0902,68.8908],[14.9457,68.79],[14.6947,68.7678],[14.537,68.8041],[14.3771,68.6904],[14.4386,68.6139],[14.6794,68.6626],[14.8486,68.5898],[15.0379,68.578],[15.4153,68.687],[15.2795,68.7544],[15.393,68.8425],[15.0902,68.8908]],[[15.858,69.2429],[15.8132,69.1632],[15.5609,69.1016],[15.4868,69.0238],[15.6034,68.9796],[15.8771,69.027],[16.0866,69.1522],[16.1303,69.3131],[15.858,69.2429]],[[19.744,70.0564],[20.1269,70.099],[19.7631,70.1589],[19.5722,70.2679],[19.744,70.0564]],[[12.6038,66.0205],[12.4631,65.9601],[12.5432,65.9005],[12.8687,66.0302],[12.6038,66.0205]],[[11.0515,64.9333],[11.042,64.9902],[10.6901,64.8865],[10.7333,64.8364],[10.9061,64.884],[10.9256,64.9039],[11.0515,64.9333]],[[11.309,64.9084],[11.124,64.963],[11.0722,64.9324],[10.9245,64.8982],[11.1506,64.8261],[11.309,64.9084]],[[8.7514,63.8086],[8.5068,63.6636],[8.8326,63.7004],[8.8371,63.7526],[8.7514,63.8086]],[[8.9921,63.6097],[8.7156,63.6507],[8.2995,63.4864],[8.3889,63.427],[9.111,63.5138],[8.9921,63.6097]],[[8.2144,63.3734],[8.1652,63.4247],[7.964,63.4681],[7.7886,63.4138],[7.8643,63.3271],[8.0089,63.3043],[8.2144,63.3734]],[[8.2612,63.2184],[8.3588,63.1614],[8.5703,63.1767],[8.4487,63.2845],[8.2612,63.2184]],[[7.4907,63.0701],[7.3547,62.984],[7.5317,62.9401],[7.7166,63.01],[7.4907,63.0701]],[[6.001,62.4237],[5.8459,62.4074],[5.7791,62.3322],[5.9158,62.2545],[6.1129,62.3508],[6.001,62.4237]],[[5.599,62.1899],[5.7818,62.2503],[5.5637,62.2966],[5.599,62.1899]],[[4.9497,61.9106],[4.8284,61.8631],[4.9957,61.7828],[5.1013,61.8804],[4.9497,61.9106]],[[105.2727,78.798],[104.7147,78.8205],[104.4096,78.9895],[104.139,78.9915],[104.0917,79.1278],[103.5389,79.1033],[102.9682,79.008],[102.7638,79.0775],[103.0436,79.2651],[102.9081,79.3756],[102.4566,79.4244],[101.9857,79.2423],[101.8534,79.3589],[101.3567,79.2224],[100.8242,78.846],[100.3592,78.6575],[100.4008,78.5763],[100.1504,78.3479],[99.6489,78.1707],[99.4052,78.0194],[99.4873,77.956],[100.0723,77.9465],[101.3912,78.1783],[102.7545,78.184],[103.8623,78.2398],[104.3865,78.3104],[104.8311,78.295],[105.4217,78.4935],[105.3979,78.696],[105.2727,78.798]],[[99.1914,80.0487],[98.503,80.0073],[98.4245,79.8644],[97.7975,79.7937],[98.1102,80.0583],[97.6661,80.1665],[97.235,80.1687],[96.9067,80.1125],[96.1299,80.089],[95.4944,80.1021],[95.3808,80.0332],[94.8348,80.0464],[94.3344,79.8908],[94.7182,79.7951],[94.059,79.762],[93.6711,79.5756],[94.0613,79.4816],[94.3612,79.479],[94.4075,79.233],[94.7334,79.1785],[94.6908,79.1128],[95.1845,79.0385],[95.6738,79.0964],[95.7946,79.0014],[96.7325,78.9976],[97.5959,78.8123],[99.4479,78.8044],[99.9854,78.9242],[99.8314,79.0944],[99.2883,79.2303],[99.7999,79.2708],[99.8883,79.4964],[99.7765,79.5458],[99.937,79.7363],[100.1084,79.7721],[99.8009,79.9195],[99.1914,80.0487]],[[97.1526,80.5809],[97.9698,80.6881],[97.886,80.7669],[96.8301,80.9162],[96.5169,81.0798],[95.8029,81.269],[95.4401,81.2682],[94.8603,81.09],[93.2147,80.9619],[92.6285,80.71],[93.286,80.7105],[92.8586,80.5972],[92.9069,80.4792],[92.0465,80.4341],[92.0858,80.3706],[91.6117,80.2716],[92.5178,80.2676],[92.299,80.1586],[92.9679,80.1206],[93.5872,80.0105],[94.2252,80.0416],[94.8229,80.1191],[95.8973,80.2148],[97.3113,80.2281],[97.5132,80.3036],[97.2323,80.3534],[97.1526,80.5809]],[[137.6541,75.9895],[137.4453,75.879],[137.7475,75.7529],[137.2714,75.7655],[137.1924,75.5253],[137.4361,75.3284],[136.931,75.3434],[136.9535,75.2629],[137.357,75.0557],[137.8755,74.9357],[138.1763,74.7566],[138.6642,74.7163],[139.076,74.6352],[139.4341,74.6963],[139.6154,74.8349],[139.6544,74.9649],[140.0132,74.8884],[140.1035,74.7983],[140.9963,74.8956],[141.5973,74.9326],[141.9824,74.9169],[142.3425,74.8169],[143.5599,74.8965],[143.6961,74.9609],[142.656,75.1012],[142.1541,75.4154],[142.1519,75.607],[142.6913,75.7309],[143.057,75.7016],[143.0902,75.6278],[142.8101,75.5418],[142.5501,75.3924],[142.9281,75.1439],[143.3789,75.0515],[143.7866,75.0661],[144.3993,75.0523],[144.7254,75.1489],[144.9218,75.2687],[144.7289,75.3326],[144.8492,75.425],[145.1864,75.502],[145.2561,75.5697],[144.4194,75.7029],[144.0712,75.7954],[143.4546,75.8461],[143.1634,75.7984],[142.5884,75.86],[141.8148,76.1048],[140.9974,76.0334],[140.918,75.7288],[140.4731,75.6844],[140.5033,75.7795],[140.1894,75.7984],[139.9063,75.8687],[139.939,75.9501],[139.5717,75.9917],[139.1764,76.0878],[139.0318,76.1774],[138.7133,76.1809],[138.2708,76.1199],[138.1633,76.0325],[137.6541,75.9895]],[[140.94,73.4054],[141.7361,73.2821],[143.2167,73.1816],[143.5366,73.2336],[143.4106,73.5468],[142.6219,73.8082],[142.0675,73.9076],[141.301,73.8312],[141.0795,73.8418],[140.9118,73.7597],[141.0959,73.6958],[140.3741,73.4446],[139.8363,73.4299],[139.9738,73.3424],[140.6494,73.4272],[140.94,73.4054]],[[136.0896,71.2899],[136.0445,71.2971],[136.0273,71.2942],[135.9907,71.3001],[135.9968,71.3154],[136.0388,71.325],[136.0883,71.3232],[136.1134,71.3471],[136.1616,71.3448],[136.1221,71.3862],[136.156,71.4418],[136.6167,71.5265],[136.6246,71.6344],[135.9625,71.6539],[135.5811,71.6275],[134.8211,71.4605],[135.0916,71.3787],[135.707,71.352],[135.8994,71.2865],[135.9568,71.2688],[135.905,71.242],[135.9039,71.1861],[135.9892,71.133],[136.1657,71.2104],[136.1581,71.2268],[136.1137,71.2367],[136.1913,71.2437],[136.0955,71.2627],[136.0896,71.2899]],[[139.0753,71.771],[138.925,71.9555],[138.6037,71.9485],[138.3261,71.8296],[138.2452,71.7441],[138.2553,71.7158],[138.2823,71.6972],[138.3057,71.7026],[138.3353,71.6537],[138.6544,71.6307],[138.8918,71.6949],[138.938,71.7196],[138.9393,71.7321],[138.9718,71.7442],[139.0753,71.771]],[[137.9837,71.5734],[137.696,71.616],[137.2342,71.5874],[137.2304,71.5134],[137.6145,71.4754],[137.7096,71.4156],[138.0241,71.501],[137.9837,71.5734]],[[126.6294,72.4132],[126.6153,72.5961],[126.3232,72.4908],[126.6294,72.4132]],[[126.5559,72.2746],[126.2974,72.3073],[126.1334,72.2027],[126.707,72.0712],[126.7707,72.1564],[126.5559,72.2746]],[[125.5867,72.5228],[125.6883,72.3585],[126.2233,72.2836],[126.4468,72.3936],[126.3254,72.4787],[126.1911,72.4899],[126.1334,72.5331],[125.9976,72.5458],[125.5867,72.5228]],[[126.3003,72.7382],[126.3198,72.9186],[126.7944,73.0676],[126.7317,73.1225],[126.7368,73.1322],[126.7851,73.1429],[126.7606,73.1547],[126.7589,73.1712],[126.7303,73.1745],[126.7075,73.2065],[126.9372,73.3174],[126.467,73.375],[126.4954,73.4427],[126.2933,73.55],[126.1081,73.499],[125.7041,73.4631],[125.6116,73.5372],[125.2677,73.5381],[125.2472,73.6258],[125.0175,73.636],[124.9271,73.7169],[124.4526,73.7715],[124.045,73.6648],[124.016,73.599],[123.4642,73.6453],[123.4783,73.5724],[123.3161,73.4291],[123.487,73.2351],[123.6921,73.1954],[123.7057,73.1051],[123.7022,73.0673],[123.6467,73.0577],[123.658,73.0359],[123.6061,73.0172],[123.674,72.992],[123.7755,72.9897],[123.8445,72.9641],[124.0433,72.9999],[124.2591,72.9586],[124.8872,72.9409],[124.6977,72.9044],[124.2299,72.9389],[124.0929,72.9743],[123.9056,72.9542],[123.4988,72.8167],[123.8013,72.7634],[124.0591,72.7645],[124.2876,72.6814],[124.5458,72.6439],[124.8239,72.6496],[124.8771,72.5949],[125.2117,72.537],[125.6022,72.5586],[125.6189,72.629],[125.962,72.6007],[126.2625,72.4889],[126.3739,72.552],[126.3003,72.7382]],[[120.2891,73.1186],[119.6513,73.1098],[119.832,73.0156],[120.0579,73.0293],[120.2891,73.1186]],[[123.4347,72.8558],[123.655,72.8797],[123.8316,72.9582],[123.7541,72.9822],[123.6915,72.9864],[123.6037,73.0116],[123.5973,73.0273],[123.6518,73.0339],[123.6323,73.0556],[123.6884,73.0675],[123.6745,73.0963],[123.4829,73.14],[123.4273,72.9869],[123.2621,72.9029],[122.5978,73.0566],[122.5352,72.9998],[123.0173,72.8847],[123.4347,72.8558]],[[127.4613,73.3481],[127.3522,73.336],[127.3818,73.2962],[127.2889,73.2756],[127.2817,73.2445],[127.2135,73.2125],[127.2014,73.0841],[126.7219,72.9306],[126.7355,72.8185],[126.6945,72.782],[126.6469,72.779],[126.587,72.7517],[126.5717,72.7156],[126.565,72.6471],[126.9825,72.6219],[127.0251,72.6841],[127.1504,72.7769],[127.1577,72.8193],[128.0294,72.9245],[128.7095,73.0205],[128.934,73.193],[128.6023,73.2472],[128.3796,73.1714],[128.0828,73.1487],[127.8723,73.2168],[128.0197,73.4089],[127.7394,73.3957],[127.4613,73.3481]],[[128.9148,72.8737],[128.5971,72.8792],[128.3854,72.8069],[128.6527,72.7741],[129.2967,72.8107],[128.9148,72.8737]],[[129.1411,72.3704],[129.0466,72.4647],[128.7187,72.4529],[128.1627,72.5541],[127.8075,72.5248],[127.6576,72.4507],[127.8837,72.3985],[129.1411,72.3704]],[[129.0683,72.3537],[128.7275,72.2955],[128.6739,72.237],[129.0023,72.2019],[129.4658,72.3401],[129.0683,72.3537]],[[126.7218,72.4995],[126.7155,72.4318],[127.1183,72.4292],[127.1557,72.5031],[126.7218,72.4995]],[[126.8275,72.5975],[126.9724,72.5605],[127.2384,72.6137],[127.3485,72.6818],[127.0358,72.6883],[126.9896,72.6196],[126.8275,72.5975]],[[127.6452,72.8684],[127.6132,72.7236],[127.9904,72.8612],[127.6452,72.8684]],[[126.5483,72.6424],[126.55,72.7223],[126.5801,72.752],[126.6283,72.7778],[126.4567,72.7816],[126.3352,72.6603],[126.5483,72.6424]],[[126.7916,73.1428],[126.7838,73.135],[126.7382,73.1294],[126.8094,73.0918],[126.9432,73.1036],[127.1891,73.2183],[127.0174,73.2704],[126.7614,73.2202],[126.8103,73.1904],[126.7776,73.1624],[126.7916,73.1428]],[[127.3914,73.3541],[127.3339,73.3705],[127.3525,73.4327],[127.4354,73.47],[127.3246,73.5162],[127.0224,73.5216],[126.9052,73.3724],[126.998,73.3197],[127.0753,73.2701],[127.2289,73.2249],[127.2693,73.2814],[127.3706,73.3017],[127.3398,73.3389],[127.3914,73.3541]],[[127.4927,73.3617],[127.8068,73.4409],[127.58,73.4888],[127.3942,73.425],[127.4927,73.3617]],[[135.4987,74.2298],[135.4499,74.1647],[135.9693,73.9787],[136.0496,74.0782],[135.4987,74.2298]],[[111.5094,74.2999],[111.9673,74.2151],[112.2058,74.1354],[112.8331,74.0788],[112.985,74.1836],[113.1939,74.2037],[113.4121,74.3629],[113.3024,74.4789],[112.0307,74.5546],[112.0814,74.4119],[111.9277,74.3403],[111.6216,74.3621],[111.5094,74.2999]],[[135.7104,75.7796],[135.516,75.3833],[135.7724,75.3667],[136.2361,75.6226],[135.7104,75.7796]],[[112.0512,76.5909],[112.4693,76.4366],[112.6029,76.4433],[112.4737,76.6115],[112.0512,76.5909]],[[106.8767,78.0871],[107.6989,78.0729],[107.7672,78.1489],[106.9194,78.1716],[106.8767,78.0871]],[[106.3698,78.1833],[106.8359,78.2632],[106.4976,78.3095],[106.3698,78.1833]],[[101.3184,71.7592],[100.8902,71.8206],[100.7869,71.7511],[101.3184,71.7592]],[[149.061,76.6541],[149.3548,76.7369],[148.784,76.706],[149.061,76.6541]],[[159.8038,68.6741],[159.8047,68.678],[159.839,68.6884],[159.8655,68.7055],[159.7847,68.701],[159.7791,68.7192],[159.7487,68.7345],[159.7283,68.7538],[159.7028,68.7458],[159.6426,68.7525],[159.6472,68.7808],[159.625,68.7999],[159.6014,68.8024],[159.5199,68.7941],[159.5312,68.7602],[159.4815,68.7551],[159.425,68.7896],[159.2642,68.7045],[159.6356,68.6162],[159.8291,68.6493],[159.8142,68.6537],[159.8081,68.6701],[159.8038,68.6741]],[[160.6467,68.5379],[161.0247,68.5258],[161.1934,68.6342],[161.0854,68.6674],[161.0638,68.6324],[160.8068,68.6278],[160.7856,68.6099],[160.7588,68.6033],[160.5392,68.638],[160.4222,68.6267],[160.3088,68.6468],[160.2668,68.6609],[160.2361,68.6445],[160.1879,68.6465],[160.1568,68.6218],[160.1259,68.612],[159.987,68.6273],[159.7042,68.5807],[160.2125,68.5299],[160.4048,68.5205],[160.5804,68.4869],[160.6467,68.5379]],[[161.1119,69.2031],[161.1526,69.0549],[161.5005,68.9525],[161.3942,68.8677],[161.537,68.895],[161.4366,69.0773],[161.4551,69.1834],[161.2414,69.2295],[161.1119,69.2031]],[[161.4309,69.2732],[161.3364,69.4137],[161.0969,69.4493],[161.1905,69.3029],[161.4309,69.2732]],[[169.3024,69.6492],[169.2685,69.7533],[169.4409,69.8507],[168.5146,70.0239],[168.1025,69.9813],[167.7878,69.8053],[168.0992,69.7475],[168.1648,69.6795],[168.6067,69.5918],[169.1834,69.5537],[169.3024,69.6492]],[[150.5838,71.2349],[150.5616,71.1707],[150.6319,71.1471],[150.5927,71.1366],[150.5599,71.1007],[150.5286,71.0896],[150.5047,71.0547],[150.575,71.0428],[150.5693,71.0301],[150.4652,71.036],[150.4745,71.0221],[150.4733,71.0194],[150.4628,71.0156],[150.4291,71.0149],[150.4341,70.9851],[150.3811,70.9818],[150.3552,71.003],[150.2802,71.0021],[150.1902,70.9273],[150.3848,70.9315],[150.4301,70.9351],[150.4979,70.9224],[150.6047,70.9172],[150.6403,70.9242],[150.7575,70.9105],[151.061,70.926],[151.0781,70.9475],[151.2348,70.9681],[151.3175,70.9585],[151.5928,70.9861],[152.1287,70.9839],[151.986,71.0764],[151.8147,71.2232],[151.5688,71.3127],[151.1421,71.3702],[150.8112,71.3493],[150.5838,71.2349]],[[150.4658,71.0173],[150.4728,71.021],[150.4688,71.0248],[150.457,71.0295],[150.4287,71.033],[150.438,71.0388],[150.5076,71.0375],[150.5019,71.0543],[150.5319,71.1025],[150.5683,71.1254],[150.591,71.1382],[150.622,71.1467],[150.5507,71.1678],[150.5515,71.2261],[150.3847,71.2473],[150.0082,71.208],[149.9699,71.0984],[149.6312,71.0266],[149.7142,70.9053],[150.141,70.9289],[150.2738,71.0028],[150.4154,71.0072],[150.4271,71.0156],[150.4516,71.0156],[150.4658,71.0173]],[[149.4471,71.1408],[149.305,71.1331],[149.3384,71.0922],[149.2995,71.0723],[149.0896,71.0243],[149.1541,70.9417],[149.4261,70.8799],[149.5554,70.946],[149.6076,71.03],[149.8466,71.0878],[149.9254,71.1868],[149.5492,71.1155],[149.4471,71.1408]],[[148.5065,70.8201],[148.471,70.825],[148.436,70.8211],[148.4017,70.821],[148.3788,70.8154],[148.3594,70.8022],[148.3428,70.7977],[148.3167,70.797],[148.2722,70.8007],[148.216,70.7349],[148.112,70.694],[148.1507,70.634],[148.7278,70.6641],[148.7407,70.8002],[149.0589,70.8809],[148.8122,70.9153],[148.5302,70.884],[148.5438,70.8582],[148.5065,70.8201]],[[150.4549,71.3615],[150.3825,71.459],[150.2064,71.5179],[149.9994,71.3794],[149.5586,71.3151],[149.5595,71.287],[149.4962,71.2665],[149.4868,71.1914],[149.4001,71.1453],[149.4505,71.1408],[149.5501,71.1161],[149.7739,71.1872],[150.1839,71.2281],[150.4549,71.3615]],[[149.9513,71.461],[149.7762,71.4277],[149.7312,71.3885],[149.6654,71.3583],[149.4808,71.3512],[149.5648,71.3172],[149.9845,71.3778],[150.0181,71.4566],[150.0994,71.5036],[149.9914,71.5115],[149.9513,71.461]],[[150.3902,71.46],[150.5384,71.3494],[150.7335,71.4605],[150.3902,71.46]],[[140.2014,74.2018],[140.2249,74.024],[140.4618,73.9109],[140.6903,73.9079],[140.9863,73.9822],[141.0718,74.2249],[140.8552,74.2683],[140.4988,74.2631],[140.2014,74.2018]],[[150.2491,75.1842],[149.3938,75.262],[148.7148,75.1938],[148.5537,75.2156],[148.5639,75.3738],[147.9866,75.3929],[147.6058,75.4404],[147.3402,75.419],[147.1072,75.3179],[146.8048,75.3446],[146.6432,75.4343],[146.7591,75.5022],[146.3931,75.5533],[146.2801,75.3194],[146.112,75.2344],[147.15,75.0023],[147.6897,74.9532],[148.1643,74.7849],[149.0875,74.7275],[149.7951,74.7451],[150.0671,74.8173],[150.6377,74.8733],[150.6947,75.0072],[150.2491,75.1842]],[[59.9043,70.0946],[59.0507,70.4543],[58.7987,70.4247],[58.6566,70.312],[58.4195,70.2499],[58.6609,70.125],[58.6049,70.0694],[58.7976,69.9652],[59.1265,69.8507],[59.449,69.8881],[59.6355,69.8339],[59.6343,69.7148],[59.9847,69.6583],[60.4972,69.7239],[60.5436,69.8236],[60.4578,69.929],[59.9043,70.0946]],[[57.4257,70.7996],[57.0422,70.8532],[56.2202,71.1844],[56.043,71.2992],[55.5827,71.7019],[55.5878,71.7192],[55.5604,71.7427],[55.5823,71.7454],[55.5357,71.7875],[55.5325,71.8612],[55.4225,71.9317],[55.4099,72.0982],[55.5776,72.1834],[55.4201,72.2713],[55.7397,72.6502],[55.8108,72.7734],[56.126,72.7928],[56.2134,72.9579],[56.5524,73.1104],[56.3887,73.2266],[56.1169,73.2386],[55.7989,73.3187],[55.3368,73.3273],[54.9087,73.4179],[54.6063,73.3721],[54.2649,73.2616],[53.9077,73.2938],[53.4232,73.2301],[53.1871,73.125],[53.3188,73.0181],[53.1157,72.9365],[52.6614,72.86],[52.4661,72.7097],[52.7596,72.6339],[52.7159,72.2957],[52.5,72.2381],[52.3603,72.045],[51.8068,72.127],[51.565,72.0605],[51.4484,71.7721],[51.494,71.7112],[51.527,71.7073],[51.5062,71.686],[51.5976,71.5914],[51.6219,71.5351],[51.8813,71.4661],[52.1145,71.4545],[52.2912,71.571],[52.6937,71.5409],[52.7529,71.45],[53.2125,71.4675],[53.342,71.3292],[53.5497,71.1965],[53.8276,71.181],[54.1557,71.0913],[53.5576,71.0365],[53.7813,70.9264],[53.5629,70.8488],[53.7617,70.778],[54.195,70.7282],[54.6361,70.7453],[54.8172,70.648],[55.1516,70.5483],[55.4577,70.702],[55.7455,70.5998],[55.9331,70.6423],[56.3882,70.5673],[56.2395,70.689],[56.5264,70.6999],[56.8345,70.6006],[56.9242,70.5082],[57.1294,70.4711],[57.1907,70.6245],[57.4413,70.6033],[57.5954,70.7213],[57.4257,70.7996]],[[57.2421,73.4515],[57.2976,73.5521],[57.5845,73.5952],[57.6516,73.7121],[57.8802,73.7657],[57.9312,73.9989],[58.2501,74.0017],[58.1527,74.1108],[58.4912,74.1555],[58.684,74.2246],[58.5687,74.4111],[59.0607,74.469],[59.2974,74.6794],[59.7189,74.5648],[59.7601,74.6721],[60.2943,74.7525],[60.2122,74.8434],[60.5271,74.8426],[60.6281,74.9124],[60.0886,74.9435],[60.5894,75.0348],[60.8265,75.1446],[61.0969,75.1741],[61.2335,75.2546],[61.5332,75.2278],[61.6646,75.3215],[62.9497,75.5532],[63.4585,75.596],[63.628,75.6683],[64.0048,75.6599],[64.2279,75.7242],[64.6102,75.7399],[65.1623,75.8101],[65.5825,75.9031],[66.2615,75.9965],[67.1314,76.0819],[68.1725,76.2562],[68.437,76.3927],[68.701,76.4418],[68.8341,76.6156],[69.0492,76.701],[68.5783,76.9551],[67.7525,77.0011],[67.0527,76.9398],[66.4005,76.7743],[66.0265,76.7372],[65.8251,76.6491],[66.0293,76.5883],[65.956,76.5029],[65.5704,76.5527],[65.1677,76.4546],[64.9757,76.476],[64.0733,76.2716],[63.731,76.328],[63.5253,76.2596],[62.5603,76.1561],[62.4173,76.2485],[61.4121,76.2843],[61.054,76.2563],[60.722,76.0861],[60.2672,76.0839],[60.0243,75.958],[59.547,75.9214],[59.1549,75.8364],[58.7547,75.8089],[58.7859,75.7215],[58.0933,75.6628],[58.0054,75.5608],[57.6279,75.5061],[57.7654,75.4147],[57.6185,75.304],[57.038,75.3792],[56.7143,75.3049],[56.9899,75.2284],[56.6136,75.1371],[56.1493,75.1278],[55.9504,75.1769],[55.8607,74.9541],[56.2974,75.0007],[56.509,74.8953],[56.1175,74.8543],[56.5689,74.6984],[55.598,74.6079],[55.6028,74.5385],[56.0676,74.5047],[56.0242,74.4323],[55.3782,74.4027],[55.4225,74.2709],[55.6135,74.1741],[55.4283,74.1151],[55.0253,74.1546],[54.2649,73.9017],[54.0416,73.7874],[53.6818,73.7297],[54.0037,73.6235],[54.223,73.6042],[54.5945,73.6923],[54.9412,73.6517],[54.3997,73.5607],[54.3575,73.4237],[54.5424,73.3893],[54.9568,73.4391],[55.3489,73.3419],[55.7728,73.3355],[56.1444,73.2614],[56.7135,73.2324],[57.2421,73.4515]],[[76.6795,79.6307],[76.3514,79.5594],[76.7822,79.4868],[77.5715,79.4975],[76.6795,79.6307]],[[93.2924,80.0041],[92.608,80.018],[91.9505,80.0822],[91.1433,80.0639],[91.365,79.9288],[91.2472,79.8337],[91.8885,79.8037],[92.107,79.7423],[92.3056,79.6685],[93.1554,79.7071],[93.7203,79.8322],[93.8754,79.9114],[93.2924,80.0041]],[[78.8057,80.7845],[79.1545,80.7423],[79.8456,80.756],[80.1703,80.8439],[79.5571,80.904],[79.0404,80.87],[78.8057,80.7845]],[[90.9397,81.0269],[91.6385,81.1217],[91.1244,81.2178],[90.2418,81.1941],[90.199,81.0767],[90.9397,81.0269]],[[89.3131,77.2875],[89.1932,77.1949],[89.6162,77.1807],[89.7538,77.2685],[89.3131,77.2875]],[[96.4731,77.1777],[95.7249,77.0625],[95.6735,76.975],[96.2521,77.0132],[96.5753,77.1282],[96.4731,77.1777]],[[96.6793,76.1811],[97.0866,76.2295],[97.0889,76.3069],[96.8574,76.3506],[96.6793,76.1811]],[[96.3984,76.1358],[96.4593,76.303],[95.7797,76.3009],[95.6157,76.2376],[95.7954,76.1479],[96.3984,76.1358]],[[87.01,74.9901],[86.5751,74.9726],[86.3698,74.84],[86.8008,74.8256],[87.1833,74.9449],[87.01,74.9901]],[[85.7962,74.5763],[85.8802,74.4713],[86.1981,74.5412],[86.0396,74.5872],[85.7962,74.5763]],[[85.6496,74.5149],[85.291,74.5766],[85.1782,74.4811],[85.4352,74.4551],[85.6496,74.5149]],[[87.1483,73.9398],[87.3045,74.0367],[86.927,74.0325],[87.1483,73.9398]],[[87.3366,73.8201],[87.705,73.8255],[87.7343,73.8938],[87.4195,73.9547],[87.3366,73.8201]],[[75.5755,73.5002],[75.4097,73.3919],[75.8893,73.4294],[75.5755,73.5002]],[[70.0304,73.186],[69.9408,73.0522],[70.4663,73.0169],[70.9296,73.1077],[71.6812,73.1589],[71.3205,73.3752],[71.0471,73.4567],[70.815,73.4773],[70.3701,73.4441],[70.0115,73.3785],[70.0304,73.186]],[[74.1095,72.9989],[74.6498,72.8341],[74.7049,73.0854],[74.42,73.1096],[74.1095,72.9989]],[[79.5772,72.7448],[79.5155,72.9276],[79.0907,73.0568],[78.7217,72.8976],[78.609,72.7961],[79.0415,72.7215],[79.3885,72.701],[79.5772,72.7448]],[[67.3218,69.4499],[67.381,69.5288],[67.1885,69.5627],[67.0383,69.4842],[67.3218,69.4499]],[[71.1657,66.6813],[71.2579,66.6468],[71.3153,66.6421],[71.3433,66.6181],[71.5598,66.6393],[71.5954,66.6968],[71.476,66.8477],[71.2488,66.8622],[71.074,66.7987],[71.0989,66.7018],[71.1221,66.6845],[71.1657,66.6813]],[[71.1665,66.6788],[71.13,66.6796],[71.0765,66.7],[71.0156,66.7068],[70.8655,66.7366],[70.7121,66.7239],[71.2085,66.5974],[71.276,66.6079],[71.3187,66.631],[71.226,66.6524],[71.1665,66.6788]],[[70.9565,66.5471],[70.9775,66.5894],[70.6006,66.6767],[70.2996,66.6349],[70.3233,66.5632],[70.6097,66.5115],[70.9565,66.5471]],[[69.6286,66.5845],[70.0136,66.538],[70.0156,66.5922],[69.9178,66.6183],[69.8316,66.6179],[69.7596,66.6331],[69.6286,66.5845]],[[69.9703,66.6072],[70.0751,66.6175],[70.0797,66.6664],[69.7652,66.749],[69.6083,66.7082],[69.7296,66.674],[69.7501,66.6446],[69.8397,66.6195],[69.9273,66.6212],[69.9703,66.6072]],[[67.5209,66.7098],[67.5189,66.6966],[67.4709,66.6778],[67.5809,66.6291],[67.9267,66.5721],[68.0009,66.5228],[68.293,66.5465],[68.4955,66.618],[68.3024,66.6848],[68.4048,66.7679],[68.0987,66.7999],[67.9713,66.7553],[67.5866,66.7629],[67.5209,66.7098]],[[78.7649,67.5775],[78.7482,67.486],[79.0542,67.39],[79.1285,67.5095],[78.7649,67.5775]],[[79.5188,67.3472],[79.3768,67.3718],[79.2518,67.4192],[79.2315,67.465],[79.0843,67.4024],[79.1313,67.3342],[79.3843,67.2622],[79.5435,67.2016],[79.5188,67.3472]],[[80.5951,67.1661],[80.5838,67.1829],[80.5637,67.1873],[80.5315,67.179],[80.4902,67.1736],[80.4766,67.1578],[80.4054,67.1628],[80.3702,67.1613],[80.343,67.1674],[80.2508,67.1942],[80.1797,67.1799],[80.1573,67.204],[80.0644,67.2021],[79.9306,67.1606],[80.2252,67.1272],[80.4482,67.0865],[80.6336,67.1284],[80.5553,67.135],[80.5951,67.1661]],[[77.8043,72.2872],[77.8883,72.353],[78.3589,72.4582],[78.1247,72.5661],[77.624,72.601],[77.3248,72.5109],[77.2122,72.4244],[76.9065,72.3438],[76.9441,72.2708],[77.8043,72.2872]],[[82.4734,70.3467],[82.7628,70.3396],[82.5834,70.5328],[82.4669,70.5816],[82.2299,70.4959],[82.2152,70.4262],[82.4734,70.3467]],[[83.8557,69.7459],[83.567,69.8714],[83.5112,69.7548],[83.8557,69.7459]],[[84.155,69.585],[83.9158,69.7326],[83.9071,69.5942],[84.155,69.585]],[[82.5281,69.9927],[82.5455,69.9227],[82.7189,69.904],[82.7988,69.8858],[82.9526,69.89],[83.0712,69.86],[83.1605,69.9382],[82.9594,69.974],[82.5281,69.9927]],[[82.1662,70.287],[82.1653,70.3779],[81.9383,70.3779],[81.9653,70.2835],[82.0566,70.2904],[82.1662,70.287]],[[82.5043,70.6804],[82.4576,70.5948],[82.864,70.4143],[83.047,70.4904],[82.8992,70.6101],[82.5043,70.6804]],[[82.6511,70.7716],[82.8299,70.6695],[83.0563,70.7181],[82.794,70.943],[82.6511,70.7716]],[[63.3714,80.9627],[62.7339,80.8494],[62.5601,80.7671],[63.1287,80.6342],[64.2659,80.696],[64.9547,80.775],[65.4049,80.9262],[65.3887,81.0109],[65.2404,81.1352],[64.9644,81.1779],[64.2649,81.1656],[63.9793,80.956],[63.3714,80.9627]],[[62.3889,81.6972],[62.7488,81.5928],[63.4278,81.5718],[63.787,81.6415],[63.327,81.7078],[62.3889,81.6972]],[[57.8752,81.8082],[58.2131,81.6912],[59.3146,81.7694],[59.2586,81.8512],[58.7866,81.8584],[57.8752,81.8082]],[[47.5549,80.7591],[48.0376,80.674],[48.6366,80.6197],[48.5762,80.7756],[47.9514,80.801],[47.4558,80.858],[46.956,80.7454],[46.1914,80.6671],[44.9352,80.6018],[45.6847,80.5408],[46.1035,80.5415],[46.3883,80.4632],[47.117,80.606],[47.5549,80.7591]],[[33.4878,80.2227],[33.0491,80.3059],[32.3513,80.2846],[31.5996,80.1696],[31.431,80.0827],[31.6512,80.0409],[32.2196,80.0967],[33.3708,80.1563],[33.4878,80.2227]],[[20.6606,79.8005],[21.4215,79.8223],[21.8154,79.7416],[21.4974,79.6979],[20.5357,79.6763],[19.6544,79.5951],[20.1279,79.462],[20.7804,79.3997],[21.7554,79.3461],[22.2494,79.3853],[22.8607,79.3811],[22.8359,79.2528],[23.5927,79.2032],[24.9427,79.3592],[25.3527,79.37],[25.7776,79.4762],[25.7016,79.5757],[26.2046,79.6356],[27.1818,79.8474],[27.1261,80.0],[26.81,80.1455],[26.0504,80.173],[24.8046,80.2473],[24.49,80.3514],[24.1417,80.3358],[23.7841,80.1927],[23.0106,80.1563],[23.3251,80.293],[23.2706,80.4459],[22.4213,80.4141],[22.3914,80.1659],[21.8533,80.1419],[21.8816,80.2418],[21.4871,80.2631],[20.8507,80.2047],[20.8202,80.3022],[19.7073,80.5012],[19.4553,80.4474],[19.8316,80.2763],[19.2398,80.0849],[18.8505,80.1894],[17.8503,80.1641],[18.1316,80.0468],[18.6437,80.0],[18.2119,79.9365],[18.306,79.8242],[18.9593,79.7643],[20.0091,79.7494],[20.6606,79.8005]],[[24.2687,77.938],[23.6377,77.9134],[23.2951,78.0004],[23.0982,78.1083],[23.1101,78.2117],[22.8169,78.2578],[22.1694,78.1979],[21.7945,78.2153],[21.0904,78.1559],[20.829,78.0872],[21.5487,77.925],[21.2074,77.738],[21.1522,77.6109],[20.9416,77.5923],[20.8404,77.4514],[21.0475,77.4433],[21.7549,77.4987],[22.4082,77.6128],[22.9146,77.5723],[22.7431,77.5142],[22.6819,77.2461],[22.9886,77.3004],[24.007,77.624],[24.1922,77.7189],[24.0947,77.7933],[24.2687,77.938]],[[21.1026,78.5765],[20.1754,78.4828],[20.5539,78.444],[20.7901,78.338],[20.725,78.2271],[20.9882,78.2179],[22.1359,78.2771],[22.2058,78.3765],[21.9406,78.5824],[21.5375,78.5517],[21.1026,78.5765]],[[28.429,78.957],[28.0742,78.8345],[28.6849,78.9159],[28.429,78.957]],[[51.2678,80.0462],[50.7382,80.0533],[50.4109,79.9283],[51.4499,79.9283],[51.2678,80.0462]],[[49.6421,80.4629],[50.3052,80.5267],[51.0609,80.5602],[51.7568,80.6978],[50.6476,80.9058],[50.0851,80.8528],[49.7875,80.9066],[49.1355,80.7961],[49.2661,80.6276],[49.2111,80.5228],[48.482,80.5473],[47.8869,80.3314],[47.5809,80.3024],[47.1894,80.3805],[46.7322,80.3113],[47.173,80.1601],[47.3836,80.222],[47.9231,80.2477],[47.8145,80.1356],[48.0251,80.0736],[49.0978,80.1703],[48.5398,80.2817],[48.7651,80.3733],[49.5371,80.3473],[49.6421,80.4629]],[[57.539,80.8227],[56.9793,80.8628],[56.662,80.9567],[56.0841,81.0226],[55.4707,81.0023],[54.7769,81.1045],[54.4402,81.0205],[55.0,80.9368],[55.7642,80.8402],[56.6695,80.7814],[57.1648,80.6627],[57.827,80.7581],[57.539,80.8227]],[[57.5863,81.0255],[56.6495,81.0918],[56.1491,81.0812],[56.7769,81.0254],[57.307,80.8602],[57.8837,80.825],[58.3365,80.9081],[57.5863,81.0255]],[[57.7624,81.104],[57.8805,81.2247],[56.9659,81.1433],[57.3518,81.0971],[57.7624,81.104]],[[55.6457,81.3211],[55.4558,81.264],[55.8299,81.1795],[56.566,81.1584],[57.2603,81.2599],[57.8487,81.2988],[56.6194,81.4054],[56.3119,81.2647],[55.6457,81.3211]],[[56.8393,81.4559],[57.589,81.4072],[57.8248,81.3741],[58.5535,81.4066],[58.3361,81.476],[57.639,81.56],[56.8393,81.4559]],[[61.0723,81.113],[60.3241,81.0349],[60.32,80.9198],[61.1577,80.9123],[61.59,81.025],[61.0723,81.113]],[[58.7137,80.8731],[58.3201,80.8647],[57.9934,80.7566],[58.5723,80.7245],[59.0534,80.7917],[58.7137,80.8731]],[[59.4096,80.4623],[59.7831,80.3882],[60.3751,80.4436],[61.0944,80.3586],[61.6707,80.4669],[61.6853,80.5507],[62.0917,80.5879],[62.2239,80.767],[61.742,80.8649],[60.4068,80.7669],[60.0359,80.8267],[59.6905,80.7869],[59.4132,80.6312],[59.4096,80.4623]],[[57.3509,80.1556],[57.8202,80.0959],[58.4551,80.1401],[58.1101,80.2388],[58.6796,80.3219],[59.293,80.3287],[58.8349,80.424],[58.0956,80.4693],[57.0059,80.444],[57.3091,80.3386],[57.3509,80.1556]],[[59.3733,80.0869],[58.8149,80.0007],[59.1295,79.9453],[59.6506,79.9351],[59.9009,80.0193],[59.3733,80.0869]],[[56.1478,80.1823],[55.8455,80.108],[56.0838,80.0641],[56.8048,80.0607],[57.116,80.0952],[57.168,80.2781],[57.0146,80.3489],[55.9399,80.2968],[56.1478,80.1823]],[[52.417,80.1859],[52.7284,80.156],[53.5702,80.1518],[53.9488,80.2284],[53.0074,80.3889],[52.417,80.1859]],[[55.5701,80.6472],[56.332,80.5875],[57.0159,80.6661],[56.4781,80.7547],[55.8555,80.7423],[55.5701,80.6472]],[[55.0498,80.7265],[55.89,80.765],[55.1765,80.8704],[54.1684,80.8477],[54.2649,80.778],[55.0498,80.7265]],[[57.9291,80.5245],[58.0976,80.6235],[57.4296,80.6055],[57.9291,80.5245]],[[53.1258,71.0589],[53.2206,71.1917],[52.9383,71.2824],[52.9035,71.3663],[52.7207,71.3983],[52.2427,71.3116],[52.2722,71.2548],[52.7026,71.1984],[52.8781,71.0539],[53.1258,71.0589]],[[48.2098,68.9301],[48.2781,68.8422],[48.5148,68.7548],[48.8662,68.6841],[49.0069,68.736],[49.5216,68.8094],[49.731,68.867],[49.9325,69.0586],[50.2569,69.1893],[50.0427,69.2879],[49.3403,69.4902],[48.9809,69.497],[48.7206,69.4537],[48.459,69.3475],[48.3204,69.2465],[48.2368,69.1039],[48.2098,68.9301]],[[53.9433,68.1081],[53.8976,68.1041],[53.7851,68.0418],[53.7819,68.0205],[53.7581,68.0161],[53.7806,68.0114],[53.7875,68.0063],[53.78,68.0],[53.7918,67.9938],[53.8645,68.0062],[53.9412,68.0039],[53.9886,68.0171],[54.1216,68.1207],[53.9885,68.2067],[53.9728,68.1729],[53.923,68.1522],[53.9152,68.1324],[53.9433,68.1081]],[[53.7549,68.0164],[53.7797,68.0217],[53.7821,68.0416],[53.8906,68.1047],[53.9036,68.1384],[53.9125,68.1509],[53.972,68.176],[53.7144,68.1718],[53.6252,68.0969],[53.6123,68.0573],[53.6256,68.0411],[53.6154,68.0158],[53.6053,68.0167],[53.8122,67.9833],[53.781,67.9929],[53.7782,67.9994],[53.7841,68.0064],[53.7801,68.0106],[53.7549,68.0164]],[[52.889,67.7802],[52.6356,67.7367],[52.9674,67.6615],[53.2199,67.7812],[52.889,67.7802]],[[53.5863,68.0175],[53.6142,68.0271],[53.6155,68.0418],[53.5923,68.0601],[53.614,68.1125],[53.3496,68.1611],[53.2726,68.0264],[53.381,67.9536],[53.4955,67.998],[53.5863,68.0175]],[[52.0377,67.4999],[51.8693,67.4576],[51.9318,67.3223],[52.0999,67.334],[52.2235,67.42],[52.0377,67.4999]],[[52.0092,67.1134],[51.987,67.0989],[52.1027,67.0815],[52.1349,67.0651],[52.1717,67.0608],[52.179,67.0555],[52.1766,67.0491],[52.1437,67.0092],[52.1822,66.9256],[52.3689,66.9516],[52.3542,67.1141],[52.211,67.164],[52.1593,67.1021],[52.1313,67.0976],[52.058,67.1078],[52.0233,67.116],[52.0092,67.1134]],[[-19.0458,81.8202],[-18.5518,81.7987],[-18.9244,82.0132],[-19.5941,82.0242],[-19.0458,81.8202]],[[-17.6413,81.5706],[-17.3636,81.6028],[-17.915,81.7194],[-18.1371,81.6777],[-17.6413,81.5706]],[[-19.6606,80.0194],[-18.6652,80.131],[-18.884,80.1597],[-19.4839,80.1718],[-19.6606,80.0194]],[[-17.7078,79.0105],[-17.5961,79.1349],[-17.7946,79.178],[-18.1082,79.0267],[-17.7078,79.0105]],[[10.8399,78.8702],[10.4593,78.8928],[10.4935,78.7847],[10.9849,78.552],[11.0574,78.4546],[11.8386,78.4042],[11.1042,78.6108],[10.8399,78.8702]],[[-17.6947,77.6192],[-17.4449,77.7861],[-17.6797,77.8589],[-18.117,77.6086],[-17.6947,77.6192]],[[-19.3012,77.8461],[-20.2486,77.9263],[-20.2723,77.8608],[-19.6425,77.769],[-19.1327,77.7429],[-19.3012,77.8461]],[[-18.8531,76.674],[-19.1558,76.4887],[-18.5532,75.99],[-18.4629,76.0873],[-18.7423,76.4723],[-18.6998,76.5748],[-18.8531,76.674]],[[-17.5989,74.9949],[-17.3449,75.0252],[-17.3111,75.1249],[-17.7098,75.0765],[-18.0143,75.1539],[-18.117,75.266],[-17.7917,75.3187],[-18.1353,75.3731],[-18.5065,75.3725],[-18.8443,75.3043],[-18.8954,75.0108],[-18.4486,74.966],[-18.0001,75.0284],[-17.5989,74.9949]],[[-19.7394,74.8635],[-20.1545,74.9301],[-19.9639,74.9824],[-20.4566,75.0328],[-20.6115,74.7965],[-20.4054,74.7266],[-20.0625,74.7055],[-19.7394,74.8635]],[[-19.1701,74.5485],[-18.81,74.5347],[-18.7302,74.6168],[-19.1043,74.6283],[-19.1701,74.5485]],[[-25.7552,73.1957],[-25.4158,73.1106],[-24.4148,73.0219],[-23.0253,73.0943],[-23.2539,73.2454],[-23.7836,73.3575],[-24.4461,73.4188],[-24.8081,73.4313],[-25.2508,73.4087],[-25.2866,73.3246],[-25.7552,73.1957]],[[-23.138,72.8691],[-22.8014,72.8116],[-22.7264,72.72],[-22.5358,72.7026],[-21.8875,72.7096],[-22.1868,72.8092],[-21.921,72.9133],[-22.2274,72.9718],[-23.1151,73.0631],[-23.9173,73.0077],[-24.5577,72.9836],[-24.4801,72.8923],[-23.9802,72.909],[-23.5863,72.8622],[-23.138,72.8691]],[[-24.3763,72.5877],[-24.1428,72.5523],[-24.0003,72.475],[-23.3771,72.3764],[-23.0609,72.3052],[-22.6781,72.1732],[-22.2866,72.1237],[-22.1139,72.1726],[-22.1022,72.2664],[-22.7164,72.3602],[-22.6551,72.4619],[-21.9434,72.3997],[-21.9734,72.4898],[-22.6136,72.5995],[-22.7799,72.6689],[-23.0136,72.7371],[-23.1542,72.8346],[-23.5492,72.8335],[-24.2528,72.8778],[-24.5235,72.8389],[-24.3763,72.5877]],[[-25.2693,70.6548],[-25.3662,70.9025],[-25.7068,70.9756],[-25.7209,71.0823],[-26.2888,70.9345],[-26.7625,70.8684],[-27.089,70.8686],[-27.6291,70.6366],[-27.8663,70.6271],[-28.0056,70.5676],[-27.8117,70.4166],[-27.1215,70.4828],[-26.9281,70.5226],[-26.5971,70.5135],[-26.2315,70.5792],[-26.0137,70.5154],[-25.5484,70.621],[-25.2693,70.6548]],[[-27.5816,70.8763],[-27.7245,70.8398],[-27.5503,70.7418],[-27.2162,70.8722],[-27.5816,70.8763]],[[-23.283,69.7565],[-23.5814,69.7181],[-23.2985,69.6483],[-23.283,69.7565]]],[[[95.3874,70.8614],[95.1868,70.8792],[94.5481,70.9665],[94.5686,70.9727],[95.347,70.8994],[95.4383,70.8642],[95.5367,70.868],[95.3874,70.8614]]],[[[94.2308,70.8544],[94.0813,70.7419],[94.3391,70.7292],[94.5562,70.6385],[94.6325,70.6278],[94.6985,70.6484],[94.7413,70.6264],[94.8521,70.62],[94.9373,70.6425],[95.0249,70.6364],[95.0533,70.6242],[95.2329,70.6504],[95.4097,70.6394],[95.4548,70.6248],[95.3362,70.5503],[95.6037,70.5252],[95.7725,70.5546],[95.8676,70.5603],[95.9055,70.5574],[95.923,70.5413],[95.9146,70.5049],[95.8409,70.4716],[95.8121,70.4011],[95.9534,70.3314],[95.9674,70.3155],[95.9308,70.304],[95.9165,70.273],[95.7833,70.2267],[95.791,70.1699],[95.7734,70.1481],[95.5953,70.1006],[95.4596,70.096],[95.4031,70.11],[95.3387,70.103],[95.2807,70.0635],[95.1991,70.0303],[95.1782,70.0077],[94.7598,69.9005],[94.766,69.8819],[94.734,69.8613],[94.6008,69.8379],[94.5619,69.8222],[94.5076,69.8321],[94.3939,69.8321],[94.315,69.8129],[94.3983,69.8358],[94.5675,69.8318],[94.7407,69.8682],[94.75,69.9027],[95.1721,70.0128],[95.2845,70.0902],[95.3314,70.1056],[95.414,70.1133],[95.5955,70.1025],[95.7243,70.1408],[95.7877,70.1774],[95.7726,70.2264],[95.9504,70.3168],[95.9229,70.3333],[95.8512,70.3447],[95.8037,70.4008],[95.8419,70.4755],[95.9105,70.5061],[95.8945,70.5573],[95.7696,70.5522],[95.5986,70.5239],[95.3263,70.5493],[95.3079,70.5833],[95.4084,70.6384],[95.2256,70.6464],[95.0513,70.6223],[94.9623,70.6399],[94.858,70.6183],[94.7769,70.6131],[94.5491,70.6273],[94.3534,70.7091],[94.0426,70.7349],[94.2152,70.8664],[94.5481,70.9665],[94.2308,70.8544]]],[[[179.1994,51.3938],[179.2338,51.3508],[174.3354,52.2286],[173.4865,52.3824],[173.7192,52.3705],[173.6913,52.5088],[173.3729,52.4207],[166.6703,54.6786],[166.634,54.8733],[166.4463,54.9615],[166.2412,55.2019],[166.2691,55.3227],[166.0321,55.3555],[165.786,55.2843],[165.9775,55.2281],[166.0838,55.1238],[166.0758,55.0627],[166.1754,54.961],[166.3501,54.8445],[166.6462,54.6874],[163.0495,56.0079],[163.1793,56.134],[163.3616,56.184],[163.3539,56.326],[163.2767,56.4619],[163.2344,56.7393],[163.0779,56.7413],[162.9221,56.6901],[162.777,56.7744],[162.8527,57.0397],[162.7766,57.1909],[162.7847,57.3539],[162.8757,57.4205],[163.1033,57.4906],[163.2064,57.5788],[163.2946,57.7337],[163.2125,57.8185],[163.0527,57.819],[162.8696,57.8968],[162.5571,57.9262],[162.4444,57.7755],[162.0794,57.8138],[162.1256,57.8552],[161.9819,58.0029],[161.9989,58.1302],[162.1341,58.3724],[162.3364,58.5903],[162.5817,58.7676],[162.7496,58.8167],[162.8894,58.9303],[163.0135,58.9442],[162.9053,59.1094],[163.1075,59.1314],[163.077,59.2537],[163.3487,59.301],[163.3163,59.423],[163.1982,59.4817],[163.2277,59.5796],[163.4234,59.6326],[163.3913,59.792],[163.528,59.8921],[163.6974,59.8849],[163.7587,59.9513],[163.7096,60.0312],[164.3213,59.9836],[164.3112,60.0727],[164.487,60.1007],[164.7076,59.9999],[164.7997,59.8163],[165.0551,59.8469],[165.1931,59.9832],[165.1398,60.0311],[165.3644,60.1606],[165.7857,60.2749],[165.9597,60.3476],[165.9834,60.4149],[166.2723,60.4704],[166.3131,60.1944],[166.208,60.1272],[166.0916,59.8031],[166.2963,59.8124],[166.4296,59.9318],[166.7376,60.0969],[166.8611,60.2143],[167.3226,60.3829],[167.6705,60.4479],[168.0466,60.5491],[168.3611,60.5932],[168.7566,60.5641],[169.1603,60.5555],[169.3856,60.5757],[169.516,60.4596],[169.7277,60.4009],[169.7876,60.2649],[169.9639,60.0692],[170.1563,60.0123],[170.2668,59.9268],[170.3924,59.9451],[170.461,60.0541],[170.464,60.2077],[170.5769,60.2827],[170.643,60.4094],[171.4021,60.6175],[171.4586,60.6876],[171.6329,60.7191],[171.7024,60.8126],[172.0412,60.8392],[172.212,60.9546],[172.4837,61.0501],[172.4435,61.1391],[172.6646,61.1719],[172.9415,61.3414],[172.7061,61.4079],[172.9,61.4698],[173.0714,61.3831],[173.3046,61.4508],[173.3073,61.5155],[173.5063,61.5551],[173.4879,61.7048],[173.6462,61.7389],[173.8164,61.6731],[173.9912,61.7005],[174.2204,61.8011],[174.5831,61.8208],[174.8655,61.9357],[175.1737,61.996],[175.2961,62.095],[175.4319,62.1108],[175.9519,62.2455],[176.2697,62.2867],[176.5274,62.4103],[177.0224,62.5323],[177.6563,62.5598],[178.0905,62.5306],[178.3249,62.4591],[179.03,62.3375],[179.2208,62.4927],[179.3634,62.477],[179.4453,62.5768],[179.6325,62.6876],[179.5818,62.8203],[179.3274,62.8986],[179.2796,62.984],[179.4532,63.1153],[179.3423,63.1879],[179.0394,63.3051],[178.8524,63.4843],[178.7049,63.9354],[178.4272,63.9794],[178.5985,64.0615],[178.3997,64.273],[178.2575,64.2744],[177.9802,64.206],[177.8469,64.2431],[177.5042,64.4047],[177.417,64.5059],[177.5373,64.7352],[177.357,64.7513],[177.0945,64.706],[176.7851,64.5404],[176.6437,64.638],[176.3616,64.7286],[176.1676,64.8925],[176.0001,64.8863],[175.9397,64.7989],[175.7019,64.7323],[175.5247,64.7455],[175.3386,64.7084],[175.0986,64.722],[174.784,64.6553],[174.7079,64.4551],[174.5625,64.4014],[174.3385,64.3923],[174.1058,64.4753],[174.0901,64.5222],[174.3336,64.572],[174.3492,64.6136],[174.3341,64.6754],[174.3477,64.6849],[174.347,64.6971],[174.1002,64.7629],[173.925,64.9411],[173.6659,64.987],[173.5475,65.0918],[173.7031,65.27],[173.4699,65.3502],[173.6056,65.3808],[173.7306,65.3079],[173.7277,65.2283],[173.5854,65.0982],[173.7031,64.9933],[173.9905,64.939],[174.115,64.7795],[174.6282,64.6491],[175.0657,64.7426],[175.6805,64.7479],[175.8493,64.7927],[176.0409,64.9328],[176.218,64.9063],[176.5525,64.7988],[176.6847,64.855],[176.9624,64.8215],[177.1744,64.7649],[177.3419,64.8119],[177.2807,64.9071],[177.5233,64.9108],[177.4794,64.819],[177.6759,64.6967],[178.1731,64.666],[178.3725,64.6362],[178.7504,64.6735],[179.2899,64.7864],[179.5125,64.7964],[179.8605,65.0019],[180.0,65.0382],[180.0,51.394],[179.391,51.3561],[179.0665,51.5058],[178.9835,51.5854],[178.842,51.5776],[179.1994,51.3938]],[[174.3424,64.567],[174.652,64.5838],[174.3433,64.6989],[174.3548,64.6938],[174.3528,64.6874],[174.3382,64.6772],[174.3568,64.6301],[174.3424,64.567]],[[163.8614,58.6971],[163.9455,58.7034],[164.188,58.8146],[164.6959,58.9091],[164.7354,59.0304],[164.5673,59.23],[164.3532,59.129],[163.9246,59.0243],[163.7734,58.8849],[163.6684,58.5918],[163.8614,58.6971]],[[167.453,54.8169],[167.6581,54.7154],[167.7232,54.7631],[167.4443,54.8547],[167.453,54.8169]],[[173.1307,52.7843],[173.3049,52.9204],[173.1635,52.9736],[172.7398,53.0071],[172.6364,52.9247],[172.746,52.876],[172.7513,52.8068],[173.0064,52.8164],[173.1307,52.7843]],[[179.4809,51.9207],[179.6115,51.871],[179.7735,51.9583],[179.5944,52.0176],[179.4809,51.9207]]]]}},{"type":"Feature","properties":{"NAME":"Gulf of Mexico","region":"Gulf of Mexico","n_subregions":1,"subregions":"Gulf of Mexico","area_sum_original":1566759},"geometry":{"type":"MultiPolygon","coordinates":[[[[-94.6971,17.8744],[-94.6822,17.8819],[-94.6782,17.8802],[-94.6724,17.8744],[-94.6592,17.8754],[-94.6536,17.882],[-94.653,17.8719],[-94.6467,17.8707],[-94.6043,17.895],[-94.587,17.899],[-94.5637,17.8921],[-94.563,17.9227],[-94.5519,17.9443],[-94.5524,17.9724],[-94.541,17.979],[-94.5076,17.9635],[-94.428,18.1002],[-94.6163,18.2105],[-94.6236,18.2886],[-94.7219,18.3776],[-94.8173,18.5385],[-95.0142,18.5472],[-95.0812,18.6316],[-95.2093,18.7022],[-95.5621,18.7164],[-95.7221,18.7685],[-95.8716,18.7272],[-95.8645,18.8333],[-95.9367,18.8977],[-95.9722,19.0562],[-96.0908,19.0851],[-96.094,19.1539],[-96.181,19.2495],[-96.295,19.3147],[-96.3143,19.482],[-96.3739,19.5596],[-96.401,19.7212],[-96.4471,19.8454],[-96.7034,20.1525],[-97.1407,20.6071],[-97.4843,21.3354],[-97.5103,21.4767],[-97.5697,21.4643],[-97.6803,21.6625],[-97.7225,21.8339],[-97.702,21.8798],[-97.7875,22.1747],[-97.7936,22.2536],[-97.8733,22.4321],[-97.8654,22.5644],[-97.8985,22.602],[-97.768,22.8792],[-97.7605,23.0009],[-97.769,23.3789],[-97.7374,23.7567],[-97.766,23.8555],[-97.7743,24.1116],[-97.7498,24.4136],[-97.8338,24.4181],[-97.844,24.5402],[-97.7697,24.5596],[-97.7087,24.6441],[-97.7459,24.8277],[-97.6922,24.94],[-97.7501,24.9792],[-97.6709,25.1747],[-97.7469,25.2448],[-97.6753,25.3778],[-97.577,25.3185],[-97.5179,25.4015],[-97.409,25.4227],[-97.3648,25.3526],[-97.1916,25.6518],[-97.1438,25.9315],[-97.2732,26.0061],[-97.3436,26.4017],[-97.4016,26.4684],[-97.4769,26.8009],[-97.5529,26.8419],[-97.4695,27.0694],[-97.4221,27.2614],[-97.5428,27.2292],[-97.6063,27.3136],[-97.5322,27.3409],[-97.4115,27.3223],[-97.3218,27.569],[-97.2575,27.697],[-97.3746,27.7483],[-97.4081,27.8345],[-97.2526,27.8769],[-97.192,27.821],[-97.0471,28.025],[-97.1934,28.0643],[-97.1704,28.1226],[-97.0271,28.1916],[-96.9076,28.151],[-96.7945,28.2295],[-96.7803,28.4004],[-96.7067,28.4048],[-96.6557,28.3261],[-96.405,28.4419],[-96.569,28.5834],[-96.3951,28.6792],[-96.2876,28.6835],[-96.1539,28.6146],[-95.7867,28.7484],[-95.6405,28.762],[-95.5067,28.854],[-95.3225,28.9309],[-95.2336,29.0237],[-95.1495,29.1804],[-95.0365,29.2127],[-94.9078,29.3406],[-94.8915,29.4336],[-95.0208,29.5517],[-95.0153,29.6388],[-94.9435,29.6984],[-94.7398,29.7876],[-94.6902,29.7443],[-94.6999,29.6425],[-94.7565,29.5246],[-94.5621,29.5747],[-94.5053,29.5056],[-94.1188,29.6528],[-94.0099,29.6803],[-93.8384,29.6773],[-93.6871,29.7457],[-93.5073,29.7674],[-93.3466,29.7617],[-93.3265,30.0919],[-93.2689,30.0239],[-93.2444,29.8512],[-93.3259,29.8403],[-93.3408,29.7618],[-93.1862,29.7717],[-92.9246,29.6986],[-92.6609,29.5942],[-92.3086,29.5365],[-92.2989,29.5891],[-92.2694,29.6308],[-92.256,29.6685],[-92.2447,29.7272],[-92.2399,29.7333],[-92.1654,29.7798],[-91.9308,29.8461],[-91.83,29.8367],[-91.7708,29.7652],[-91.5957,29.7604],[-91.3942,29.6504],[-91.3571,29.7423],[-91.3912,29.7603],[-91.4062,29.7994],[-91.3204,29.7624],[-91.2746,29.7664],[-91.0988,29.7242],[-91.1037,29.6422],[-91.0016,29.6255],[-90.8671,29.5355],[-90.7662,29.536],[-90.7487,29.5614],[-90.7234,29.5665],[-90.7084,29.6089],[-90.6946,29.6128],[-90.5522,29.5623],[-90.3983,29.5511],[-90.3354,29.6421],[-90.3618,29.707],[-90.2411,29.7783],[-90.2536,29.8655],[-90.086,29.7652],[-89.967,29.9202],[-90.0276,29.9504],[-90.0565,29.9532],[-90.0645,29.9198],[-90.1119,29.9047],[-90.1344,29.9106],[-90.1431,29.9221],[-90.153,29.9522],[-90.194,29.9222],[-90.2201,29.9278],[-90.2302,29.9541],[-90.2548,29.9666],[-90.2938,29.9575],[-90.3191,29.9344],[-90.3516,29.9322],[-90.3961,29.9509],[-90.4134,29.9893],[-90.4733,29.9998],[-90.4783,30.0311],[-90.4951,30.0496],[-90.5716,30.0483],[-90.627,30.0309],[-90.6651,30.0459],[-90.721,30.0122],[-90.7764,30.0078],[-90.8179,29.978],[-90.8254,29.9928],[-90.7666,30.0184],[-90.7236,30.0164],[-90.6654,30.0528],[-90.617,30.0357],[-90.5833,30.0547],[-90.5286,30.0497],[-90.491,30.0559],[-90.4691,30.0311],[-90.4599,29.9997],[-90.4184,29.9969],[-90.3922,29.9738],[-90.3872,29.9526],[-90.3355,29.9367],[-90.2805,29.9722],[-90.2353,29.9668],[-90.2017,29.9257],[-90.1523,29.9598],[-90.1372,29.9494],[-90.1344,29.9172],[-90.1029,29.9116],[-90.0724,29.921],[-90.0624,29.9536],[-90.0293,29.9571],[-90.023,29.9938],[-89.7977,30.0602],[-89.8778,30.1524],[-89.9983,30.0429],[-90.1767,30.022],[-90.3697,30.0558],[-90.427,30.1138],[-90.4058,30.2168],[-90.2103,30.3853],[-90.0954,30.365],[-89.988,30.2661],[-89.8647,30.2503],[-89.7178,30.1671],[-89.448,30.2043],[-89.4198,30.2536],[-89.0646,30.3732],[-88.8425,30.4102],[-88.7388,30.345],[-88.6372,30.3605],[-88.4809,30.3184],[-88.3934,30.3896],[-88.1296,30.3387],[-88.0438,30.7395],[-88.0154,30.8002],[-87.9449,30.8286],[-87.9536,30.8471],[-87.9805,30.8602],[-87.9873,30.8671],[-87.9831,30.8869],[-87.9727,30.8971],[-87.9587,30.9059],[-88.0218,31.0185],[-87.9464,31.0683],[-87.9508,30.967],[-87.8931,30.8978],[-87.9379,30.7207],[-87.9017,30.5504],[-87.9063,30.4086],[-87.7597,30.2947],[-87.6564,30.25],[-87.5761,30.2706],[-87.4636,30.3609],[-87.3867,30.3233],[-87.2609,30.3542],[-87.1,30.5221],[-86.8192,30.4078],[-86.6051,30.4013],[-86.4861,30.466],[-86.4223,30.4522],[-86.2104,30.4867],[-86.2253,30.4188],[-86.3436,30.3857],[-85.9273,30.2405],[-85.7337,30.1839],[-85.5378,30.0803],[-85.5744,30.0459],[-85.3669,29.9021],[-85.303,29.8085],[-85.3133,29.6876],[-84.8242,29.758],[-84.5329,29.9113],[-84.4455,29.9297],[-84.3453,29.8984],[-84.3607,30.058],[-84.207,30.1151],[-84.0003,30.1],[-83.9114,30.0286],[-83.6806,29.9223],[-83.5533,29.7365],[-83.4068,29.6563],[-83.3973,29.5185],[-83.219,29.4199],[-83.1704,29.3014],[-83.0815,29.2665],[-83.0483,29.1562],[-82.9811,29.1745],[-82.8037,29.14],[-82.7242,28.9539],[-82.7329,28.8534],[-82.6397,28.7006],[-82.6672,28.45],[-82.7308,28.3257],[-82.8372,27.8418],[-82.7502,27.7494],[-82.6377,27.7043],[-82.5984,27.8652],[-82.7195,27.9361],[-82.6415,28.0193],[-82.531,27.9363],[-82.4279,27.9127],[-82.3881,27.8203],[-82.5289,27.6841],[-82.6866,27.4857],[-82.585,27.4174],[-82.4448,27.0579],[-82.2823,26.8161],[-82.1666,26.7816],[-82.1566,26.8562],[-82.0562,26.8676],[-82.0838,26.7085],[-82.0137,26.4878],[-81.8544,26.4442],[-81.8536,26.3479],[-81.8011,26.0917],[-81.7274,25.9848],[-81.5842,25.8853],[-81.4234,25.8666],[-81.3497,25.8211],[-81.346,25.7259],[-81.2748,25.6915],[-81.1501,25.3885],[-81.0369,25.3229],[-80.972,25.3322],[-80.9039,25.2399],[-80.9826,25.2071],[-81.1456,25.326],[-81.172,25.2247],[-81.054,25.1278],[-80.8979,25.1625],[-80.6934,25.1673],[-80.6286,25.1979],[-80.4584,25.2058],[-80.4331,25.1075],[-80.6137,24.9438],[-80.7348,24.8479],[-80.7952,24.8105],[-80.908,24.7766],[-81.1108,24.6903],[-81.4019,24.6234],[-81.5101,24.6257],[-81.7305,24.5691],[-81.8078,24.5566],[-82.5833,24.5833],[-83.0,24.5833],[-82.9999,23.0117],[-83.2431,22.9874],[-83.3812,22.8868],[-83.5442,22.8577],[-83.6326,22.792],[-83.8465,22.7489],[-84.0078,22.6823],[-84.0894,22.6058],[-84.2071,22.567],[-84.2047,22.5166],[-84.3699,22.3733],[-84.419,22.2239],[-84.3386,22.1277],[-84.3074,22.0156],[-84.5176,22.0403],[-84.7978,21.9033],[-84.9516,21.863],[-87.1026,21.6048],[-87.0869,21.5901],[-87.1121,21.472],[-87.2499,21.4342],[-87.4857,21.4837],[-87.7763,21.5059],[-87.8358,21.5571],[-87.9738,21.5654],[-88.1229,21.6239],[-88.2161,21.5694],[-88.3976,21.5653],[-88.6089,21.5242],[-88.7377,21.4305],[-89.1051,21.3586],[-89.394,21.3312],[-89.666,21.2884],[-89.9123,21.2244],[-90.0957,21.155],[-90.3231,21.0197],[-90.3272,20.9482],[-90.4422,20.7153],[-90.5018,20.4997],[-90.484,20.3765],[-90.4913,20.0608],[-90.452,19.9589],[-90.5085,19.8663],[-90.6616,19.758],[-90.7066,19.6759],[-90.6869,19.6157],[-90.7231,19.3598],[-90.9014,19.1815],[-91.2057,18.9825],[-91.3516,18.9167],[-91.3834,18.83],[-91.3451,18.7747],[-91.2461,18.7577],[-91.3093,18.5576],[-91.495,18.495],[-91.5234,18.4472],[-91.6233,18.4467],[-91.8485,18.5042],[-91.933,18.5671],[-91.9942,18.5156],[-92.0524,18.5812],[-91.8593,18.6129],[-92.0069,18.6995],[-92.4096,18.6629],[-92.6836,18.6115],[-92.7529,18.5208],[-92.8897,18.444],[-93.0711,18.4235],[-93.1577,18.4414],[-93.4049,18.4322],[-93.5528,18.4012],[-93.5825,18.3305],[-93.6842,18.3357],[-93.7424,18.2781],[-93.8641,18.2429],[-93.8964,18.287],[-94.1388,18.2123],[-94.4054,18.1599],[-94.4137,18.0656],[-94.4933,17.9627],[-94.5506,17.9633],[-94.5539,17.9105],[-94.5643,17.8904],[-94.5803,17.8957],[-94.635,17.8771],[-94.641,17.8614],[-94.6383,17.852],[-94.6322,17.8546],[-94.6274,17.8529],[-94.6282,17.8487],[-94.6342,17.8398],[-94.6255,17.8193],[-94.6458,17.8143],[-94.6514,17.7929],[-94.644,17.7766],[-94.654,17.7716],[-94.6731,17.7472],[-94.6777,17.7005],[-94.6978,17.7258],[-94.7045,17.7145],[-94.7167,17.7402],[-94.7303,17.7378],[-94.7367,17.7389],[-94.7546,17.7514],[-94.7732,17.7774],[-94.7791,17.7802],[-94.7767,17.7852],[-94.7782,17.7917],[-94.7764,17.7957],[-94.7643,17.8068],[-94.7685,17.8127],[-94.7744,17.8141],[-94.7739,17.8177],[-94.76,17.8289],[-94.7518,17.8307],[-94.7466,17.841],[-94.7459,17.8403],[-94.7515,17.83],[-94.7598,17.828],[-94.7668,17.8211],[-94.771,17.8197],[-94.774,17.8147],[-94.7676,17.8132],[-94.7631,17.8069],[-94.7678,17.8008],[-94.7765,17.7941],[-94.775,17.7792],[-94.7616,17.7776],[-94.7546,17.7539],[-94.739,17.7426],[-94.7298,17.7386],[-94.7164,17.7413],[-94.7144,17.7358],[-94.6876,17.7204],[-94.6859,17.739],[-94.6693,17.7593],[-94.6742,17.7688],[-94.6461,17.7789],[-94.6529,17.7915],[-94.6472,17.8156],[-94.6266,17.8203],[-94.6361,17.8394],[-94.6352,17.8436],[-94.629,17.851],[-94.6367,17.8504],[-94.6404,17.852],[-94.6415,17.8589],[-94.652,17.8667],[-94.6548,17.8757],[-94.6653,17.8717],[-94.6733,17.8734],[-94.6795,17.8803],[-94.6833,17.8806],[-94.6865,17.8762],[-94.6864,17.8705],[-94.6982,17.873],[-94.6971,17.8744]],[[-97.2797,26.5638],[-97.3593,26.8403],[-97.3871,26.8258],[-97.2949,26.5716],[-97.3322,26.5627],[-97.2797,26.5638]],[[-91.0666,29.2438],[-90.9601,29.3369],[-90.8384,29.2532],[-90.6315,29.2492],[-90.6124,29.3555],[-90.5168,29.3615],[-90.3504,29.3218],[-90.1845,29.1042],[-90.1215,29.2354],[-90.1428,29.3536],[-90.0378,29.3555],[-90.228,29.5355],[-90.1613,29.5917],[-90.2157,29.6587],[-90.3277,29.6447],[-90.3472,29.5822],[-90.3993,29.5497],[-90.5507,29.5606],[-90.7077,29.6078],[-90.7164,29.5724],[-90.7259,29.5641],[-90.7493,29.5591],[-90.7641,29.5347],[-90.8671,29.5341],[-90.9523,29.5717],[-91.0047,29.5142],[-91.0642,29.4916],[-91.0889,29.5313],[-91.1491,29.5527],[-91.1876,29.5962],[-91.2579,29.4447],[-91.1054,29.2866],[-91.0584,29.185],[-91.0666,29.2438]],[[-91.265,29.361],[-91.2805,29.25],[-91.141,29.2506],[-91.265,29.361]],[[-91.7405,29.5639],[-91.9019,29.6356],[-92.0267,29.5676],[-91.8217,29.4741],[-91.7405,29.5639]],[[-92.107,29.6124],[-92.2134,29.7472],[-92.2435,29.7242],[-92.2549,29.6674],[-92.2692,29.6274],[-92.2977,29.5888],[-92.2733,29.5348],[-92.107,29.6124]],[[-91.6249,29.6284],[-91.5521,29.6334],[-91.5183,29.5292],[-91.4335,29.5402],[-91.396,29.6476],[-91.6128,29.7592],[-91.6249,29.6284]],[[-91.2147,29.6879],[-91.2303,29.7451],[-91.3089,29.7546],[-91.3518,29.7732],[-91.3565,29.7406],[-91.3877,29.6483],[-91.2147,29.6879]],[[-91.1529,29.6014],[-91.1464,29.5539],[-91.0864,29.5314],[-91.0511,29.4969],[-90.9535,29.5718],[-91.0791,29.6262],[-91.1529,29.6014]],[[-91.2568,29.6139],[-91.3912,29.6467],[-91.4302,29.5211],[-91.2822,29.4817],[-91.2748,29.542],[-91.2568,29.6139]],[[-90.0677,29.6358],[-89.9533,29.6187],[-89.8901,29.4911],[-89.7764,29.4018],[-89.6917,29.4668],[-89.5969,29.3577],[-89.5057,29.3303],[-89.488,29.2315],[-89.354,29.2262],[-89.4085,29.3411],[-89.5836,29.379],[-89.616,29.4523],[-89.6803,29.4691],[-89.8391,29.5959],[-89.9543,29.6426],[-89.967,29.6807],[-90.0,29.731],[-90.0255,29.7526],[-90.0277,29.7716],[-90.1158,29.7172],[-90.0677,29.6358]],[[-89.9599,29.878],[-89.9964,29.823],[-90.0196,29.7547],[-89.9896,29.7308],[-89.9536,29.653],[-89.8389,29.6032],[-89.7204,29.5225],[-89.7047,29.6223],[-89.6195,29.6789],[-89.6337,29.8423],[-89.8131,29.9174],[-89.9209,30.0041],[-90.0127,29.9948],[-90.0284,29.9602],[-89.9807,29.9302],[-89.9258,29.9234],[-89.9006,29.8907],[-89.9599,29.878]],[[-89.421,29.8799],[-89.4882,30.0415],[-89.5703,29.9624],[-89.6116,29.8394],[-89.4368,29.751],[-89.421,29.8799]],[[-87.9417,30.7744],[-87.8955,30.8896],[-87.9578,30.9266],[-87.9568,30.9095],[-87.959,30.9021],[-87.968,30.8984],[-87.9792,30.8874],[-87.9848,30.8759],[-87.9805,30.8625],[-87.9628,30.856],[-87.9454,30.8403],[-87.9436,30.8255],[-87.9909,30.8062],[-88.0247,30.7495],[-87.9417,30.7744]],[[-97.6192,21.7854],[-97.3846,21.5313],[-97.344,21.5871],[-97.4384,21.6551],[-97.5991,21.8114],[-97.706,21.9673],[-97.6192,21.7854]]],[[[-94.74,17.8346],[-94.7283,17.8447],[-94.726,17.8489],[-94.7169,17.8534],[-94.7136,17.8624],[-94.7216,17.8678],[-94.7144,17.8742],[-94.7104,17.8709],[-94.7015,17.8687],[-94.6982,17.873],[-94.7007,17.8683],[-94.7046,17.867],[-94.7105,17.8695],[-94.7137,17.873],[-94.7206,17.8678],[-94.714,17.8646],[-94.7125,17.8613],[-94.7168,17.8526],[-94.7224,17.845],[-94.734,17.8371],[-94.7399,17.8338],[-94.7417,17.8342],[-94.7459,17.8403],[-94.74,17.8346]]]]}},{"type":"Feature","properties":{"NAME":"Indian Ocean","region":"Indian Ocean","n_subregions":25,"subregions":"Andaman or Burma Sea; Arabian Sea; Arafura Sea; Bali Sea; Banda Sea; Bass Strait; Bay of Bengal; Flores Sea; Great Australian Bight; Gulf of Aden; Gulf of Aqaba; Gulf of Oman; Gulf of Suez; Gulf of Thailand; Indian Ocean; Java Sea; Laccadive Sea; Makassar Strait; Malacca Strait; Mozambique Channel; Persian Gulf; Red Sea; Savu Sea; Singapore Strait; Timor Sea","area_sum_original":73720136},"geometry":{"type":"MultiPolygon","coordinates":[[[[40.1202,-10.1719],[39.9759,-10.1285],[39.9041,-10.0334],[39.8188,-9.9827],[39.8084,-9.8578],[39.7254,-9.7264],[39.7481,-9.6529],[39.6988,-9.5209],[39.63,-9.4227],[39.6557,-9.358],[39.6194,-9.0795],[39.5119,-9.0653],[39.4746,-8.9127],[39.4955,-8.8286],[39.362,-8.6957],[39.3427,-8.5471],[39.2685,-8.3274],[39.3439,-8.219],[39.4471,-8.0115],[39.3962,-7.841],[39.275,-7.9102],[39.2477,-7.8179],[39.3094,-7.7538],[39.2754,-7.6017],[39.3054,-7.4691],[39.353,-7.3972],[39.378,-7.2799],[39.4443,-7.1875],[39.5482,-7.1077],[39.5471,-6.9887],[39.4714,-6.8732],[39.3591,-6.8504],[39.2451,-6.7507],[39.2208,-6.6678],[39.0773,-6.5046],[38.9112,-6.4421],[38.8411,-6.3159],[38.861,-6.1611],[38.7794,-6.0237],[38.8233,-5.8446],[38.9932,-5.4967],[39.0707,-5.2902],[39.1503,-4.9998],[39.2106,-4.8723],[39.2105,-4.6889],[39.258,-4.6213],[39.4049,-4.6461],[39.544,-4.4268],[39.6146,-4.2033],[39.6723,-4.1011],[39.6379,-4.0579],[39.7749,-3.9441],[39.8705,-3.6977],[39.8636,-3.6435],[39.9766,-3.3902],[40.1225,-3.2888],[40.1219,-3.199],[40.1954,-3.031],[40.1643,-2.9355],[40.1787,-2.7756],[40.2594,-2.6565],[40.384,-2.5714],[40.4988,-2.5335],[40.6101,-2.5609],[40.8251,-2.3927],[40.8231,-2.2733],[40.9251,-2.2169],[40.9166,-2.0937],[41.0126,-2.0561],[41.2025,-1.9417],[41.2781,-1.9858],[41.475,-1.8001],[41.8302,-1.2646],[41.9173,-1.1536],[41.9903,-1.009],[42.114,-0.8443],[42.1783,-0.8076],[42.3774,-0.5458],[42.6109,-0.2739],[42.8739,-0.0197],[43.385,0.5417],[43.778,0.9101],[44.0188,1.0923],[44.3302,1.383],[44.5937,1.5869],[44.7748,1.7133],[45.0853,1.907],[45.3922,2.0518],[45.5587,2.1576],[45.9019,2.352],[46.1064,2.5175],[46.3641,2.8023],[46.6702,3.066],[46.9283,3.362],[47.1907,3.643],[47.4517,3.8976],[47.5862,4.0666],[47.7484,4.2373],[47.9852,4.5099],[48.2889,5.0282],[48.63,5.4739],[48.9124,5.9208],[49.0607,6.2298],[49.0967,6.4526],[49.2163,6.7516],[49.4722,7.168],[49.6665,7.4335],[49.8261,7.7451],[49.8182,7.9194],[49.9693,8.0803],[50.1305,8.1971],[50.1579,8.3056],[50.3309,8.5457],[50.3362,8.6402],[50.3851,8.7032],[50.4461,8.898],[50.6192,9.0517],[50.6449,9.179],[50.7477,9.2945],[50.8447,9.4529],[50.8022,9.5194],[50.8513,9.8571],[50.8995,10.007],[50.8987,10.311],[51.0606,10.3995],[51.2476,10.4241],[51.3714,10.3693],[51.4153,10.445],[51.2956,10.4785],[51.2348,10.4323],[51.0246,10.4155],[51.1242,10.5606],[51.1212,10.9011],[51.1402,11.1381],[51.0945,11.1805],[51.0836,11.3279],[51.1221,11.4899],[51.2394,11.649],[51.2867,11.835],[51.0489,11.875],[50.7951,11.988],[50.6303,11.9433],[50.5481,11.8758],[50.535,11.8101],[50.4445,11.6817],[50.2637,11.5847],[50.0712,11.5053],[49.9465,11.5156],[49.8269,11.4602],[49.6954,11.4798],[49.5554,11.4489],[49.5084,11.3819],[49.3907,11.331],[48.9553,11.2403],[48.8976,11.2434],[48.6581,11.3257],[48.3539,11.2695],[48.158,11.1332],[47.7921,11.1192],[47.6684,11.0955],[47.5562,11.1721],[47.4179,11.178],[47.1492,11.0639],[47.1006,10.9884],[46.9312,10.9159],[46.8136,10.8252],[46.6271,10.7315],[46.4563,10.6853],[46.3572,10.6865],[46.2313,10.7834],[46.1184,10.765],[45.9782,10.7776],[45.8125,10.861],[45.4661,10.6657],[45.3333,10.664],[45.2363,10.5624],[45.0861,10.5075],[44.9459,10.4085],[44.7484,10.4179],[44.5695,10.3781],[44.3172,10.4171],[44.0833,10.5817],[43.8944,10.7305],[43.6488,10.9985],[43.5563,11.1748],[43.4952,11.2439],[43.4789,11.3297],[43.417,11.3834],[43.2468,11.4681],[43.1519,11.598],[42.803,11.5874],[42.6031,11.4664],[42.5237,11.5261],[42.5553,11.5862],[42.6777,11.5678],[42.7834,11.7489],[42.8714,11.7854],[42.9432,11.7701],[43.0558,11.8109],[43.1845,11.9523],[43.3725,11.9837],[43.4175,12.1265],[43.3253,12.476],[43.2925,12.4644],[43.098,12.7401],[43.0355,12.9037],[42.9252,12.7833],[42.8284,12.8613],[42.6443,13.1082],[42.5448,13.2027],[42.3962,13.2027],[42.3429,13.4375],[42.2925,13.561],[42.1122,13.6368],[42.0012,13.8219],[41.8589,13.865],[41.7976,13.9266],[41.6914,13.9317],[41.6246,14.0662],[41.5479,14.1328],[41.4981,14.2312],[41.3442,14.4053],[41.2987,14.5096],[41.1886,14.6261],[40.9985,14.6633],[40.9024,14.7253],[40.7738,14.7175],[40.7496,14.811],[40.6369,14.9431],[40.4962,14.9634],[40.3141,14.9069],[40.1612,14.988],[40.147,15.0507],[40.029,15.2399],[40.0891,15.3248],[39.8827,15.4838],[39.7762,15.3973],[39.7853,15.2635],[39.8501,15.1603],[39.8135,15.0705],[39.6931,15.1266],[39.7158,15.2429],[39.6589,15.335],[39.6358,15.4398],[39.5663,15.5376],[39.4696,15.524],[39.4783,15.6285],[39.4278,15.7415],[39.4428,15.7902],[39.3053,15.8974],[39.2417,16.0738],[39.198,16.2891],[39.1946,16.4228],[39.1388,16.5989],[39.1184,16.7795],[39.064,16.8982],[38.9709,17.2185],[38.9382,17.3719],[38.7993,17.6489],[38.6766,17.8141],[38.6329,17.9175],[38.5042,18.0553],[38.3435,18.1717],[38.1076,18.2731],[38.0802,18.3467],[38.1191,18.4143],[38.0377,18.4602],[37.9544,18.5583],[37.8024,18.6191],[37.6767,18.736],[37.5703,18.7092],[37.4926,18.7621],[37.4119,18.8756],[37.3929,19.0233],[37.3389,19.1414],[37.2931,19.4855],[37.2355,19.5917],[37.2683,19.838],[37.1781,20.0339],[37.2167,20.0749],[37.1865,20.3339],[37.2373,20.5652],[37.1793,20.6893],[37.1707,20.8787],[37.1301,20.9954],[37.1245,21.1523],[37.2354,21.1376],[37.0251,21.4046],[36.9325,21.5835],[36.8768,21.7927],[36.8669,21.9777],[36.8928,22.0657],[36.7944,22.1514],[36.7217,22.1645],[36.5896,22.2831],[36.4408,22.3581],[36.4253,22.4252],[36.3456,22.4621],[36.2881,22.5653],[36.1863,22.6622],[35.9859,22.6904],[35.8924,22.7244],[35.7293,22.8805],[35.6741,22.9747],[35.6482,23.0903],[35.5704,23.213],[35.5319,23.4268],[35.4817,23.502],[35.5065,23.7165],[35.4741,23.7829],[35.5022,23.9766],[35.6925,23.9099],[35.7472,23.9746],[35.6011,24.0159],[35.5742,24.0966],[35.447,24.1642],[35.3634,24.3126],[35.2327,24.4023],[35.1414,24.5084],[35.145,24.5798],[35.0709,24.7534],[34.9943,24.8308],[34.8442,25.1763],[34.7506,25.3025],[34.6361,25.5785],[34.5397,25.7493],[34.4278,25.8501],[34.2435,26.1625],[34.1839,26.3219],[34.1095,26.4077],[34.0204,26.6101],[33.9326,26.679],[33.9354,26.7901],[33.9775,26.8983],[33.9044,27.0496],[33.8328,27.1028],[33.833,27.2592],[33.6958,27.3332],[33.6394,27.45],[33.5582,27.5258],[33.5336,27.6835],[33.4792,27.8342],[33.5849,27.8473],[33.4834,27.9883],[33.3356,28.0845],[33.1248,28.2931],[33.0233,28.4631],[32.8632,28.6238],[32.8037,28.782],[32.6901,28.8689],[32.6208,28.9898],[32.6617,29.0827],[32.5949,29.3412],[32.3438,29.5882],[32.3607,29.6779],[32.5074,29.8559],[32.4771,29.936],[32.5858,29.9745],[32.57,30.0682],[32.5732,30.0681],[32.5881,29.9808],[32.5853,29.9563],[32.5596,29.9262],[32.6345,29.8668],[32.6985,29.7135],[32.6812,29.6564],[32.7312,29.4742],[32.8257,29.3831],[32.8841,29.2336],[33.1816,29.0004],[33.1747,28.8478],[33.2331,28.7675],[33.1985,28.6704],[33.2238,28.5867],[33.4334,28.3644],[33.5673,28.2934],[33.7098,28.073],[33.8753,27.9329],[33.9158,27.9363],[34.0471,27.8155],[34.2278,27.7453],[34.3293,27.9001],[34.4346,27.9932],[34.4481,28.1827],[34.4079,28.297],[34.4565,28.4343],[34.627,28.7301],[34.6224,28.8423],[34.6922,29.1627],[34.7421,29.3111],[34.9555,29.5495],[34.9765,29.4064],[34.8813,29.1421],[34.8222,28.882],[34.8325,28.8119],[34.7749,28.6624],[34.8047,28.5229],[34.6759,28.2696],[34.6621,28.2001],[34.5829,28.1212],[34.6187,28.0282],[34.7116,28.1383],[34.848,28.0703],[35.0573,28.1113],[35.167,28.0018],[35.2575,27.9581],[35.4291,27.7742],[35.5344,27.5306],[35.6603,27.3606],[35.7446,27.3184],[35.8073,27.2247],[35.7996,27.1131],[36.0466,26.8827],[36.096,26.7451],[36.2232,26.6367],[36.3452,26.4032],[36.4848,26.1676],[36.5886,26.0581],[36.7087,26.0211],[36.6528,25.8673],[36.6922,25.79],[36.8282,25.7313],[36.9407,25.6436],[36.9993,25.4998],[37.0775,25.4418],[37.1086,25.322],[37.2588,25.1494],[37.2442,25.0716],[37.2874,24.9882],[37.2695,24.8721],[37.1736,24.7919],[37.3014,24.6668],[37.4615,24.4336],[37.4239,24.3942],[37.5221,24.2691],[37.5732,24.2465],[37.6831,24.3047],[37.8631,24.1515],[37.9494,24.1387],[38.1012,24.0574],[38.2013,23.9638],[38.2819,23.9376],[38.4594,23.7822],[38.5479,23.5739],[38.6378,23.5071],[38.6831,23.3],[38.8061,23.1246],[38.8131,22.9897],[38.9178,22.9474],[38.8882,22.8766],[39.0205,22.6897],[39.0868,22.5556],[39.0766,22.3996],[39.1002,22.3468],[39.0405,22.2023],[39.06,22.1239],[39.0064,21.9852],[38.9424,21.9396],[39.084,21.7087],[39.1698,21.3631],[39.1046,21.2993],[39.1675,21.213],[39.3083,20.9268],[39.4093,20.841],[39.456,20.746],[39.5971,20.5454],[39.7502,20.3784],[39.9204,20.2701],[40.1171,20.2686],[40.1685,20.1914],[40.2353,20.1925],[40.2861,20.1017],[40.3714,20.0761],[40.5409,19.9648],[40.5372,19.903],[40.6529,19.7702],[40.7406,19.7916],[40.8091,19.6702],[40.7912,19.5998],[40.9615,19.496],[40.9466,19.4202],[41.0378,19.2769],[41.0481,19.1714],[41.1666,19.0406],[41.1304,18.9546],[41.2348,18.8553],[41.2049,18.7205],[41.2602,18.61],[41.3557,18.5822],[41.418,18.5148],[41.4574,18.34],[41.5702,18.1639],[41.6369,17.9997],[41.8353,17.8111],[42.042,17.684],[42.3114,17.4431],[42.3375,17.2097],[42.4198,17.1445],[42.4502,17.0512],[42.5479,17.0054],[42.53,16.8929],[42.6694,16.7794],[42.7258,16.6808],[42.7129,16.5665],[42.774,16.4566],[42.8363,16.0702],[42.8108,15.8701],[42.6834,15.7274],[42.7931,15.3609],[42.7199,15.309],[42.6768,15.2163],[42.8534,15.1455],[42.8685,15.0289],[42.9411,14.9262],[42.9479,14.7205],[43.0131,14.5299],[42.9845,14.4618],[43.0707,14.2297],[43.0886,14.1252],[43.1597,13.9542],[43.2358,13.8733],[43.2927,13.6055],[43.258,13.5077],[43.2542,13.2153],[43.3445,13.0818],[43.4067,12.9445],[43.4945,12.8171],[43.5055,12.674],[43.6013,12.748],[43.91,12.6425],[43.9453,12.5935],[44.0474,12.603],[44.1525,12.6563],[44.2539,12.6248],[44.4192,12.6698],[44.5653,12.8106],[44.6301,12.8153],[44.7373,12.7486],[44.8715,12.7304],[44.9474,12.8268],[45.0311,12.7528],[45.1125,12.9611],[45.2003,13.015],[45.3769,13.0556],[45.5222,13.2282],[45.6331,13.3333],[45.8653,13.3982],[46.2488,13.4338],[46.4445,13.406],[46.625,13.4386],[46.6965,13.4269],[46.9236,13.5396],[47.3793,13.6486],[47.4577,13.7004],[47.7076,13.9125],[47.8095,13.9343],[47.9956,14.0541],[48.1332,14.023],[48.2134,13.9749],[48.4335,14.0251],[48.6962,14.0502],[48.9242,14.2702],[49.0608,14.4919],[49.3488,14.6418],[49.592,14.7469],[49.8511,14.8138],[49.9345,14.8502],[50.026,14.8244],[50.179,14.845],[50.475,15.0232],[50.8162,15.0895],[51.2201,15.1923],[51.2865,15.2197],[51.5393,15.3203],[51.6289,15.3294],[51.6451,15.3913],[51.8471,15.4703],[51.9468,15.5283],[52.2223,15.6335],[52.1604,15.8569],[52.147,15.9722],[52.2378,16.2022],[52.3596,16.3447],[52.4969,16.4405],[52.9482,16.6126],[53.1923,16.6904],[53.4913,16.7599],[53.589,16.7531],[53.7724,16.8777],[53.9765,16.913],[54.0466,16.9905],[54.3468,17.0329],[54.6298,17.0279],[54.6953,16.9675],[54.7906,16.9432],[54.9054,16.9653],[55.0895,17.05],[55.2644,17.2387],[55.2951,17.3573],[55.2273,17.5325],[55.2666,17.6053],[55.3779,17.6798],[55.4263,17.8174],[55.5383,17.8653],[55.7514,17.9027],[55.9127,17.8966],[55.9787,17.9297],[56.1748,17.9425],[56.3537,17.9194],[56.4478,18.0605],[56.5522,18.1277],[56.6341,18.4507],[56.6354,18.5716],[56.783,18.7357],[56.8746,18.794],[57.0612,18.8644],[57.3099,18.924],[57.6811,18.937],[57.8339,18.991],[57.7407,19.2895],[57.762,19.3983],[57.7018,19.5117],[57.724,19.6602],[57.6776,19.7202],[57.7551,19.8388],[57.8116,19.9838],[57.85,20.241],[57.9581,20.3134],[57.9427,20.3829],[58.0687,20.4705],[58.0753,20.5436],[58.1683,20.604],[58.2693,20.5879],[58.2005,20.4038],[58.4444,20.348],[58.5281,20.4262],[58.5903,20.6357],[58.6812,20.7081],[58.6659,20.7656],[58.8028,20.9382],[58.8536,21.0642],[59.0124,21.2295],[59.1872,21.366],[59.3404,21.457],[59.4599,21.6454],[59.4942,21.7577],[59.6463,21.9351],[59.679,22.0724],[59.8079,22.232],[59.8383,22.422],[59.7986,22.5342],[59.5469,22.5681],[59.2916,22.7643],[59.2057,22.9457],[59.103,23.0148],[58.9292,23.2563],[58.9142,23.3172],[58.8043,23.3944],[58.746,23.5236],[58.6148,23.5694],[58.5601,23.6351],[58.4277,23.6053],[58.2727,23.6253],[58.0934,23.7129],[57.8906,23.7101],[57.7516,23.7679],[57.6563,23.7782],[57.2304,23.9144],[57.1373,23.9587],[56.9061,24.1517],[56.7197,24.4077],[56.624,24.489],[56.4731,24.7352],[56.362,25.0142],[56.3761,25.3485],[56.3531,25.5981],[56.2762,25.6162],[56.2731,25.7009],[56.3329,25.7523],[56.4555,25.9434],[56.4153,26.0802],[56.4837,26.145],[56.395,26.2593],[56.1873,26.2303],[56.0908,26.0691],[56.0557,25.904],[55.8552,25.7185],[55.8079,25.719],[55.6467,25.5859],[55.5196,25.5173],[55.1547,25.103],[55.0453,24.9969],[54.7084,24.8134],[54.6353,24.7272],[54.6545,24.6385],[54.583,24.507],[54.5959,24.4461],[54.4669,24.3813],[54.4159,24.272],[54.3248,24.2674],[54.2157,24.3588],[54.0899,24.292],[54.1052,24.1499],[53.8188,24.055],[53.5788,24.0467],[53.44,24.1269],[53.3079,24.0921],[53.2013,24.1465],[53.0516,24.1244],[52.7789,24.1264],[52.6021,24.1986],[52.5627,24.132],[52.325,24.0025],[52.1882,23.9604],[52.0867,23.9598],[51.9477,24.0006],[51.8329,23.9858],[51.7835,24.0325],[51.7627,24.1552],[51.7763,24.2734],[51.6484,24.2157],[51.5346,24.2512],[51.4068,24.3259],[51.2921,24.3],[51.3218,24.4303],[51.4854,24.5607],[51.4023,24.6106],[51.313,24.5088],[51.2686,24.617],[51.4348,24.6563],[51.5158,24.8594],[51.6233,24.9996],[51.6092,25.1621],[51.6313,25.2524],[51.5218,25.297],[51.5389,25.4245],[51.4781,25.5046],[51.4938,25.599],[51.5956,25.7201],[51.5795,25.9139],[51.4007,25.9692],[51.3584,26.1034],[51.2498,26.1584],[51.1286,26.0722],[51.0407,26.0447],[50.9577,25.8309],[50.9047,25.7676],[50.8795,25.6313],[50.8007,25.6159],[50.75,25.4245],[50.7706,25.111],[50.7971,24.9834],[50.8582,24.9022],[50.8606,24.7708],[50.7636,24.7497],[50.726,24.8746],[50.561,25.0788],[50.5219,25.3294],[50.4499,25.4431],[50.371,25.4483],[50.2732,25.5557],[50.2434,25.6628],[50.1024,25.8996],[50.1196,25.9644],[50.0416,26.0086],[49.9881,26.1159],[50.0336,26.2015],[50.121,26.0782],[50.2211,26.1917],[50.207,26.4062],[50.0698,26.4703],[50.0219,26.5556],[50.0167,26.6572],[50.0879,26.7123],[49.9552,26.852],[49.7871,26.8954],[49.6693,26.9831],[49.5676,27.1435],[49.3771,27.1254],[49.3213,27.2236],[49.3133,27.3278],[49.2499,27.3316],[49.2373,27.4282],[49.3022,27.4771],[49.2069,27.5446],[49.1234,27.5383],[48.968,27.6226],[48.8945,27.5675],[48.81,27.7259],[48.8241,27.8679],[48.6101,28.1127],[48.6282,28.2061],[48.5144,28.3315],[48.544,28.4035],[48.4008,28.5758],[48.3787,28.6958],[48.2798,28.8104],[48.1605,29.0143],[48.1286,29.1685],[48.0581,29.3406],[47.9796,29.3903],[47.8883,29.3276],[47.7537,29.3764],[47.7981,29.4569],[47.991,29.5714],[48.1917,29.5467],[48.0121,29.8663],[48.0197,30.0056],[48.1828,30.0346],[48.4419,29.9116],[48.5538,29.9015],[48.6868,29.9292],[48.6779,29.9803],[48.7866,30.1127],[48.9287,30.0335],[48.95,30.1707],[48.8672,30.3013],[48.9242,30.4087],[49.1143,30.4281],[49.1434,30.4909],[49.2577,30.4133],[49.2144,30.3395],[49.2465,30.2874],[49.2521,30.2656],[49.2386,30.2592],[49.2277,30.2159],[49.2429,30.1358],[49.4661,30.1551],[49.553,30.0015],[49.6745,30.0534],[49.9078,30.1948],[50.0595,30.1989],[50.1468,30.0397],[50.1383,29.9449],[50.2543,29.8388],[50.3244,29.7356],[50.4487,29.6388],[50.6641,29.3924],[50.673,29.1146],[50.8147,29.1385],[50.9211,29.0661],[50.9171,28.965],[50.8174,28.906],[50.8901,28.8192],[51.0014,28.8468],[51.0716,28.69],[51.0814,28.5516],[51.1199,28.4454],[51.2835,28.235],[51.2655,28.1394],[51.3536,28.0457],[51.4023,27.9276],[51.5103,27.8767],[51.7025,27.8235],[51.8482,27.8451],[52.0474,27.8393],[52.1974,27.7037],[52.5025,27.6023],[52.6659,27.398],[52.6944,27.2927],[52.9587,27.1386],[53.2764,27.0356],[53.4824,26.9508],[53.4838,26.8643],[53.6098,26.7698],[53.8336,26.7077],[54.0225,26.7566],[54.1226,26.7136],[54.3121,26.7135],[54.4035,26.5963],[54.5612,26.5898],[54.625,26.5004],[54.7939,26.4953],[55.0985,26.6953],[55.337,26.7851],[55.4598,26.7495],[55.5645,26.8137],[55.6064,26.9503],[55.9521,27.0236],[55.9783,27.0666],[56.14,27.1538],[56.3497,27.1898],[56.7698,27.136],[56.9564,27.012],[56.9262,26.9195],[57.008,26.8371],[57.0779,26.6301],[57.0618,26.3733],[57.1394,26.2298],[57.2217,26.1713],[57.2025,26.0084],[57.2793,25.9254],[57.2966,25.7991],[57.5071,25.7428],[57.7251,25.7518],[57.7772,25.6556],[57.913,25.7009],[58.0035,25.658],[58.0967,25.5627],[58.3375,25.5879],[58.592,25.5909],[58.7845,25.5753],[58.932,25.4993],[59.0022,25.4226],[59.1096,25.4027],[59.2435,25.4468],[59.4508,25.4718],[59.6062,25.3895],[59.784,25.4046],[59.8983,25.3523],[60.0811,25.3797],[60.1181,25.345],[60.2936,25.3848],[60.406,25.3748],[60.538,25.4423],[60.6052,25.3998],[60.626,25.2958],[61.0996,25.1886],[61.1842,25.1224],[61.3972,25.0672],[61.4811,25.1025],[61.4991,25.1741],[61.659,25.1705],[61.7449,25.135],[61.7322,25.0222],[61.8538,25.0369],[61.869,25.0961],[62.0626,25.1041],[62.088,25.2007],[62.2665,25.2047],[62.3302,25.1504],[62.4744,25.2573],[62.5949,25.2704],[62.7923,25.2516],[62.9836,25.2126],[63.1285,25.2575],[63.4949,25.2054],[63.4742,25.2831],[63.5731,25.3677],[63.6923,25.3859],[64.0349,25.3245],[64.1496,25.3245],[64.4023,25.2362],[64.5083,25.2736],[64.637,25.2339],[64.6704,25.2918],[64.8497,25.3262],[65.116,25.302],[65.2212,25.3125],[65.2538,25.3744],[65.4594,25.3915],[65.6309,25.3538],[65.8269,25.4196],[66.0279,25.4252],[66.2853,25.4682],[66.5061,25.4019],[66.5239,25.4908],[66.2501,25.5452],[66.293,25.5942],[66.5545,25.4905],[66.5486,25.3836],[66.75,25.175],[66.6661,24.8248],[66.8349,24.8588],[66.9408,24.8384],[67.0818,24.7476],[67.1502,24.7932],[67.3861,24.7732],[67.413,24.6397],[67.3407,24.6094],[67.3793,24.4675],[67.4705,24.4129],[67.4712,24.2986],[67.4144,24.2275],[67.446,24.0841],[67.636,24.0676],[67.7204,24.0444],[67.848,24.0935],[67.9465,24.024],[68.0878,24.0016],[68.1289,23.8501],[68.3458,23.9824],[68.4987,24.0129],[68.5591,23.9238],[68.5756,23.8223],[68.6299,23.7587],[68.489,23.632],[68.4919,23.5007],[68.5708,23.3752],[68.6568,23.2947],[68.5943,23.2121],[68.6594,23.1499],[69.1977,22.8385],[69.3187,22.8323],[69.4693,22.7741],[69.5158,22.7907],[69.6936,22.7427],[69.7984,22.8505],[69.9372,22.8929],[70.1057,22.9091],[70.2294,22.9666],[70.229,23.0926],[70.3463,23.12],[70.367,23.1539],[70.4381,23.1721],[70.5497,23.1427],[70.5065,23.1103],[70.4447,22.9617],[70.3847,22.9093],[70.2534,22.724],[70.1621,22.5514],[70.0403,22.5588],[69.9463,22.5284],[69.8067,22.4047],[69.7376,22.4451],[69.6542,22.3589],[69.4903,22.3553],[69.338,22.316],[69.2236,22.2578],[69.1739,22.3627],[69.0067,22.4385],[68.9362,22.3114],[68.9577,22.2374],[69.2305,21.9443],[69.715,21.5263],[70.009,21.1965],[70.2582,20.9727],[70.4394,20.8523],[70.744,20.72],[70.9943,20.7108],[71.1457,20.7571],[71.3226,20.8458],[71.4402,20.8695],[71.5647,20.9496],[72.0872,21.1902],[72.1216,21.325],[72.2098,21.4226],[72.306,21.6286],[72.2473,21.7514],[72.2583,21.8819],[72.2209,21.9473],[72.2877,22.0011],[72.3232,22.1224],[72.4708,22.2384],[72.6559,22.2792],[72.5471,22.1484],[72.5051,21.9098],[72.5524,21.7925],[72.518,21.7142],[72.6286,21.6166],[72.5985,21.5448],[72.6652,21.4272],[72.5945,21.3137],[72.6248,21.092],[72.7003,21.1009],[72.7854,20.9227],[72.8976,20.5868],[72.8849,20.4998],[72.7758,20.3331],[72.7166,19.9732],[72.6646,19.9332],[72.6508,19.8396],[72.731,19.5986],[72.7238,19.5393],[72.7866,19.3069],[72.7824,19.1679],[72.857,18.9915],[73.0034,19.0013],[72.9431,18.8457],[72.8692,18.8041],[72.8553,18.6971],[72.9288,18.5417],[72.9012,18.4764],[72.9352,18.2807],[73.0286,17.9491],[73.1347,17.7088],[73.1426,17.5449],[73.1816,17.5075],[73.2235,17.2663],[73.2886,17.0753],[73.2788,16.8916],[73.3483,16.622],[73.3103,16.5392],[73.4112,16.285],[73.5103,15.937],[73.5861,15.9094],[73.6892,15.7226],[73.7664,15.506],[73.8825,15.3984],[73.9831,15.05],[74.1006,14.8908],[74.1035,14.7925],[74.2498,14.7392],[74.2734,14.6268],[74.3925,14.4186],[74.4709,14.1832],[74.5147,13.9863],[74.606,13.8689],[74.665,13.6432],[74.697,13.417],[74.8241,12.8466],[75.0109,12.4254],[75.1727,12.1123],[75.2509,12.006],[75.534,11.6969],[75.6175,11.4894],[75.6817,11.4492],[75.7477,11.3182],[75.8462,11.0633],[75.9133,10.7859],[76.1183,10.3277],[76.1599,10.1887],[76.2935,10.1383],[76.2393,9.9508],[76.2797,9.7767],[76.3022,9.5735],[76.34,9.4103],[76.5179,9.0192],[76.5657,8.8795],[76.6192,8.8502],[77.0021,8.371],[77.2396,8.1763],[77.3332,8.126],[77.5499,8.0778],[77.6108,8.1493],[77.7163,8.1656],[77.8137,8.2461],[78.0578,8.3694],[78.1304,8.4971],[78.1008,8.6395],[78.1904,8.7654],[78.1675,8.8729],[78.2093,8.9594],[78.4111,9.112],[78.5781,9.1312],[78.6713,9.1983],[78.981,9.2748],[79.0938,9.2598],[79.1906,9.2816],[79.0644,9.2999],[78.9893,9.3539],[78.9018,9.4667],[78.9351,9.6082],[78.9804,9.6882],[79.1242,9.8589],[79.1553,9.9322],[79.2673,10.0383],[79.2265,10.1011],[79.268,10.2318],[79.3826,10.3155],[79.517,10.3273],[79.5823,10.3029],[79.7088,10.3234],[79.8354,10.2754],[79.884,10.3138],[79.8657,10.4215],[79.8505,10.7536],[79.859,11.1397],[79.8388,11.3425],[79.7572,11.5838],[79.8064,11.8394],[79.8852,12.0651],[80.0642,12.35],[80.1556,12.4658],[80.2503,12.7664],[80.2587,12.9354],[80.3448,13.2787],[80.3283,13.4295],[80.1093,13.5194],[80.0513,13.5888],[80.1544,13.703],[80.2343,13.6971],[80.2446,13.8198],[80.1478,14.0365],[80.1264,14.1717],[80.1687,14.3531],[80.1978,14.5828],[80.0887,14.8114],[80.0485,15.0944],[80.0852,15.2747],[80.2009,15.4658],[80.2705,15.6729],[80.3593,15.7617],[80.5669,15.8603],[80.7119,15.88],[80.9646,15.8016],[81.1458,15.9805],[81.2404,16.2466],[81.3123,16.3091],[81.4848,16.3529],[81.6837,16.3327],[81.7982,16.476],[81.8588,16.595],[81.7471,16.7917],[81.7429,17.0044],[81.8344,16.8066],[81.9343,16.73],[82.3416,16.7358],[82.3585,16.8444],[82.2491,16.93],[82.3317,17.0721],[82.5528,17.2566],[82.7025,17.343],[83.1628,17.5614],[83.3418,17.7227],[83.4516,17.8999],[83.5647,18.0107],[83.7528,18.1308],[84.0696,18.2757],[84.1894,18.4138],[84.3563,18.5566],[84.5866,18.8704],[84.6877,18.9726],[84.8238,19.1731],[84.9317,19.2773],[85.0643,19.364],[85.1404,19.4441],[85.2955,19.5535],[85.6636,19.7389],[85.8084,19.7902],[86.109,19.8634],[86.3638,19.9532],[86.4755,20.1001],[86.4882,20.1667],[86.7174,20.2868],[86.7895,20.3592],[86.7447,20.4059],[86.7531,20.4971],[86.7082,20.5664],[86.7122,20.5947],[86.7333,20.6425],[86.7666,20.6444],[86.8175,20.7594],[86.9591,20.864],[86.8234,21.1381],[86.8444,21.2331],[86.9805,21.4102],[87.1113,21.5049],[87.3366,21.5758],[87.7883,21.6948],[87.9757,21.8511],[88.0522,22.0147],[88.2244,22.0916],[88.1536,21.9569],[88.2172,21.7644],[88.3254,21.8621],[88.4171,21.9041],[88.5214,21.8562],[88.6005,21.9052],[88.6191,22.1093],[88.6724,22.205],[88.7435,22.2267],[88.8046,22.2831],[88.8032,22.2956],[88.8097,22.3191],[88.8028,22.3294],[88.8157,22.3577],[88.8217,22.3608],[88.8336,22.3591],[88.8495,22.3643],[88.8576,22.5],[88.8966,22.5633],[88.9584,22.5541],[89.0003,22.4709],[88.9976,22.2843],[89.1072,22.1587],[89.197,22.2699],[89.3028,22.2196],[89.274,22.3088],[89.2487,22.338],[89.2732,22.3512],[89.2427,22.417],[89.239,22.4325],[89.2434,22.446],[89.248,22.4511],[89.2565,22.4533],[89.268,22.4512],[89.2969,22.4621],[89.3251,22.4645],[89.3353,22.4602],[89.3419,22.4647],[89.3455,22.4636],[89.3486,22.4548],[89.3611,22.4587],[89.3694,22.4571],[89.3713,22.5956],[89.4567,22.7079],[89.4869,22.7714],[89.5383,22.6946],[89.5249,22.6265],[89.5789,22.5394],[89.6132,22.5063],[89.6355,22.55],[89.7102,22.5566],[89.7141,22.557],[89.8793,22.4425],[90.0137,22.4998],[90.0152,22.5984],[90.0731,22.648],[90.0627,22.6687],[90.0655,22.6822],[90.0938,22.7555],[90.1671,22.8143],[90.1558,22.8365],[90.2273,22.829],[90.3142,22.8828],[90.2924,23.0565],[90.308,23.075],[90.3106,23.0862],[90.3299,23.0986],[90.3266,23.1079],[90.294,23.11],[90.2519,23.1255],[90.2268,23.1772],[90.2065,23.1826],[90.2198,23.2208],[90.1218,23.2647],[90.083,23.5362],[89.9009,23.6129],[89.8455,23.7279],[89.7047,23.8107],[89.6558,23.9254],[89.7043,24.2703],[89.8104,24.3264],[89.7741,24.062],[89.7914,23.8028],[89.8825,23.7418],[90.0102,23.7285],[90.0196,23.6355],[90.1312,23.5805],[90.2296,23.4805],[90.4419,23.4318],[90.5757,23.4415],[90.558,23.5984],[90.6399,23.693],[90.7494,23.7033],[90.6877,23.4879],[90.6931,23.4834],[90.6964,23.4769],[90.6977,23.4686],[90.71,23.4524],[90.7109,23.4333],[90.7168,23.4323],[90.7291,23.4249],[90.7469,23.3989],[90.729,23.3641],[90.6395,23.3285],[90.6521,23.1192],[90.6359,23.0267],[90.7817,22.8326],[90.7769,22.7806],[90.8465,22.669],[90.9652,22.6024],[91.0734,22.4995],[91.1665,22.5196],[91.2438,22.6085],[91.2988,22.7408],[91.3897,22.7607],[91.574,22.647],[91.6675,22.5441],[91.7401,22.412],[91.7646,22.2733],[91.8623,22.1484],[91.8692,22.0035],[91.9159,21.8472],[91.8554,21.6864],[91.8935,21.642],[91.8525,21.5269],[91.9514,21.4661],[92.0473,21.2994],[92.0472,21.1846],[92.1876,21.0147],[92.2906,20.811],[92.3861,20.7021],[92.5141,20.6073],[92.5318,20.5459],[92.647,20.4215],[92.7635,20.1949],[92.864,20.123],[92.9966,20.2153],[93.0173,20.1361],[93.1312,20.2277],[93.1249,20.3134],[93.2035,20.3237],[93.2199,20.3732],[93.2203,20.3936],[93.2346,20.4214],[93.2498,20.4315],[93.2573,20.4483],[93.2657,20.4527],[93.2585,20.4686],[93.2704,20.4845],[93.2867,20.4915],[93.3048,20.4664],[93.3196,20.4155],[93.3319,20.4189],[93.3265,20.394],[93.2978,20.3649],[93.3606,20.2805],[93.5478,19.8895],[93.6807,19.9216],[93.6322,19.7211],[93.7321,19.6717],[93.721,19.6204],[93.8725,19.5117],[93.9885,19.3994],[94.0723,19.3675],[94.0272,19.0801],[94.1199,19.0334],[94.1068,18.9403],[94.2419,18.6692],[94.255,18.5102],[94.3178,18.4416],[94.4797,18.0633],[94.4393,17.9739],[94.4783,17.9073],[94.4813,17.7879],[94.5817,17.6239],[94.5616,17.4987],[94.5675,17.3162],[94.489,17.2567],[94.5333,17.1876],[94.4488,17.0552],[94.4499,16.9509],[94.374,16.8871],[94.4003,16.8122],[94.3571,16.7319],[94.3419,16.561],[94.2693,16.4934],[94.227,16.3151],[94.201,16.0399],[94.2383,15.9659],[94.4357,16.0844],[94.5981,16.2819],[94.6431,16.3993],[94.708,16.3728],[94.6552,16.2491],[94.6815,16.1944],[94.6546,16.0882],[94.8365,16.1168],[94.875,16.1972],[94.9436,16.2136],[95.0066,16.2646],[95.0404,16.3269],[95.0394,16.4147],[95.0928,16.5624],[95.303,16.6738],[95.35,16.7698],[95.5573,16.8652],[95.6669,16.8302],[95.6683,16.7222],[95.7291,16.7365],[95.7775,16.6935],[95.7835,16.6762],[95.7809,16.628],[95.8376,16.6646],[95.9031,16.6911],[95.9322,16.7224],[95.9743,16.7158],[96.1127,16.7608],[96.1266,16.7759],[96.216,16.7513],[96.2865,16.5596],[96.4149,16.4774],[96.4893,16.4828],[96.6525,16.5536],[96.7751,16.7787],[96.8458,16.963],[96.8859,17.2205],[96.9509,17.1777],[97.0777,16.9342],[97.1727,17.0665],[97.2329,16.7272],[97.3737,16.5036],[97.4301,16.5366],[97.5683,16.5376],[97.6171,16.4943],[97.6352,16.2133],[97.5576,16.0807],[97.6051,15.9562],[97.6914,15.8908],[97.697,15.7589],[97.7734,15.4322],[97.7289,15.2647],[97.8034,15.1482],[97.7893,14.9128],[97.8377,14.7162],[97.9539,14.4955],[97.9683,14.3635],[98.0977,14.1263],[98.0555,14.0317],[98.098,13.8902],[98.0685,13.7716],[98.0992,13.6961],[98.1872,13.6865],[98.2308,13.7371],[98.3413,13.6288],[98.4239,13.4735],[98.492,13.247],[98.5762,13.1846],[98.5938,12.9248],[98.6435,12.7739],[98.6932,12.7156],[98.6475,12.6528],[98.6291,12.5371],[98.731,12.5122],[98.7728,12.4625],[98.7785,12.3717],[98.8392,12.2879],[98.8707,12.2131],[98.8614,12.2008],[98.8229,12.1783],[98.8167,12.1674],[98.7594,12.1408],[98.7042,12.2042],[98.6179,12.1384],[98.6353,12.0716],[98.7476,11.9897],[98.7578,11.8857],[98.8154,11.8455],[98.808,11.7837],[98.7818,11.7567],[98.8333,11.6808],[98.7433,11.6769],[98.7225,11.6126],[98.7544,11.4531],[98.6952,11.4156],[98.7493,11.2757],[98.6984,11.0934],[98.7157,10.9652],[98.5747,10.8786],[98.5956,10.8077],[98.4481,10.6882],[98.5318,10.3675],[98.5121,10.1662],[98.5263,10.012],[98.5672,9.9989],[98.6392,10.1388],[98.6772,10.1229],[98.5566,9.8758],[98.5157,9.8512],[98.5578,9.729],[98.5001,9.6335],[98.5348,9.5689],[98.4367,9.5036],[98.391,9.3352],[98.316,9.1941],[98.3662,9.0695],[98.2641,8.859],[98.2348,8.7209],[98.2383,8.5861],[98.2055,8.5556],[98.3036,8.2026],[98.4354,8.1631],[98.511,8.3283],[98.635,8.3789],[98.7062,8.2998],[98.7511,8.1816],[98.741,8.077],[98.838,8.0109],[98.9067,8.0464],[99.0659,7.8546],[99.1296,7.8163],[99.1381,7.751],[99.2614,7.6534],[99.3947,7.308],[99.5212,7.2498],[99.5849,7.1475],[99.736,7.1271],[99.6701,7.0398],[99.6979,6.8658],[99.7846,6.8319],[99.9634,6.6373],[100.0503,6.5204],[100.0991,6.53],[100.1276,6.3957],[100.2005,6.2435],[100.2542,6.1921],[100.3339,6.0264],[100.3674,5.7742],[100.3395,5.5697],[100.3804,5.4519],[100.4241,5.2263],[100.3728,5.077],[100.422,4.9496],[100.6236,4.8422],[100.672,4.7281],[100.6591,4.5743],[100.6181,4.5144],[100.5598,4.3208],[100.6137,4.1678],[100.6629,4.17],[100.7616,4.0856],[100.7027,3.9874],[100.7138,3.8771],[100.8185,3.8462],[100.9388,3.6749],[101.0546,3.5942],[101.1877,3.3495],[101.3002,3.248],[101.3186,3.1136],[101.3591,3.0733],[101.4465,2.8664],[101.4144,2.8074],[101.4761,2.6914],[101.695,2.5946],[101.7636,2.5999],[101.8467,2.4825],[102.0578,2.3402],[102.1544,2.2178],[102.4785,2.105],[102.7056,1.8541],[102.8116,1.8585],[102.9411,1.7401],[103.0044,1.7377],[103.1589,1.6368],[103.361,1.5356],[103.4454,1.3211],[103.5107,1.2647],[103.5569,1.3486],[103.6316,1.3661],[103.6782,1.4397],[103.795,1.484],[103.9604,1.4261],[104.0451,1.4565],[104.196,1.3454],[104.2831,1.3701],[104.5826,1.2272],[104.4993,1.1692],[104.3923,1.2031],[104.3298,1.1391],[104.241,1.1242],[104.1292,1.1798],[103.9986,1.1784],[103.9886,1.131],[103.8879,1.0923],[103.8138,1.0911],[103.796,1.0916],[103.4089,1.1437],[103.3808,1.158],[103.3457,1.1887],[102.9662,1.0983],[102.7361,1.1548],[102.6251,1.0105],[102.6119,0.9978],[102.4091,0.8732],[102.3723,0.8573],[102.2289,0.9957],[102.1954,1.0765],[102.2092,1.1873],[102.1492,1.2691],[102.159,1.3609],[102.0052,1.4594],[101.761,1.6601],[101.5307,1.646],[101.4095,1.6981],[101.3653,1.7578],[101.3225,1.9986],[101.2691,2.0804],[101.0751,2.2174],[101.0457,2.2894],[100.9143,2.3018],[100.7638,2.2648],[100.7889,2.1185],[100.5594,2.1621],[100.4298,2.2727],[100.348,2.4324],[100.3209,2.5521],[100.2367,2.6408],[100.221,2.7053],[100.0859,2.7124],[99.9845,2.7566],[99.9938,2.9394],[99.8261,3.0658],[99.756,3.1703],[99.5647,3.2362],[99.4748,3.3468],[99.3657,3.4011],[99.2854,3.4794],[98.9537,3.6759],[98.7813,3.7256],[98.7065,3.7952],[98.6897,3.8925],[98.6215,3.883],[98.5429,4.0069],[98.3887,4.0775],[98.3145,4.0708],[98.2453,4.1865],[98.2834,4.3498],[98.2358,4.4604],[98.065,4.5529],[97.9703,4.6808],[97.9015,4.8889],[97.8037,4.9367],[97.6487,5.0741],[97.5544,5.2108],[97.497,5.2502],[97.2039,5.1426],[97.0897,5.2274],[96.9791,5.263],[96.5321,5.1984],[96.4113,5.2075],[96.2568,5.2626],[96.0893,5.2646],[96.0541,5.3207],[95.8955,5.4366],[95.8885,5.5028],[95.6066,5.6278],[95.5009,5.6013],[95.4423,5.6561],[95.3349,5.5734],[95.1994,5.5343],[95.2522,5.3763],[95.2188,5.2974],[95.3327,5.0492],[95.3641,5.0317],[95.3972,4.8707],[95.541,4.6698],[95.719,4.5259],[96.03,4.1976],[96.149,4.1426],[96.2726,4.0142],[96.3802,3.8557],[96.5361,3.7308],[96.7701,3.7394],[96.8607,3.697],[96.9033,3.6028],[97.0024,3.5463],[97.1743,3.2523],[97.2477,3.233],[97.3152,3.057],[97.4232,2.935],[97.6104,2.8446],[97.6508,2.6684],[97.663,2.3992],[97.779,2.277],[97.9497,2.2706],[98.1008,2.1932],[98.2724,2.0421],[98.3427,2.0474],[98.4839,1.9728],[98.6899,1.7315],[98.7692,1.7585],[98.8409,1.6365],[98.76,1.529],[98.7872,1.4184],[98.9179,1.0974],[98.994,0.8214],[99.056,0.7424],[99.1112,0.5611],[99.1696,0.2262],[99.3391,0.2363],[99.3983,0.1515],[99.4904,0.1293],[99.6514,0.0434],[99.7492,-0.0388],[99.7472,-0.1402],[99.8171,-0.299],[100.0819,-0.549],[100.1299,-0.6478],[100.2691,-0.7825],[100.3439,-0.8907],[100.3773,-1.0643],[100.3639,-1.1245],[100.4041,-1.2407],[100.5653,-1.3307],[100.5619,-1.4425],[100.7861,-1.8199],[100.8415,-1.879],[100.8797,-2.0506],[100.8239,-2.1416],[100.8914,-2.3284],[100.9852,-2.4252],[101.1426,-2.6294],[101.3216,-2.7375],[101.4051,-2.929],[101.6199,-3.2447],[101.8957,-3.4284],[101.9282,-3.4799],[102.0948,-3.5634],[102.2188,-3.663],[102.2981,-3.8475],[102.2765,-3.9548],[102.3873,-4.0498],[102.6919,-4.2722],[102.8823,-4.4399],[103.1549,-4.6025],[103.2842,-4.7109],[103.3301,-4.8099],[103.7097,-4.9632],[103.9282,-5.1469],[103.9063,-5.2324],[103.9822,-5.2534],[104.0705,-5.4085],[104.3109,-5.5903],[104.3764,-5.6783],[104.5391,-5.8387],[104.5991,-5.938],[104.7302,-5.9324],[104.7109,-5.8325],[104.6476,-5.6995],[104.5307,-5.5455],[104.6039,-5.4964],[104.7094,-5.5229],[104.8277,-5.6213],[105.0257,-5.7505],[105.1557,-5.7485],[105.2021,-5.5775],[105.2542,-5.5516],[105.3042,-5.452],[105.3903,-5.5992],[105.5542,-5.6981],[105.5851,-5.807],[105.759,-5.867],[105.8284,-5.591],[105.82,-5.3291],[105.8637,-5.257],[105.8572,-5.0668],[105.9009,-4.9409],[105.8662,-4.8548],[105.8696,-4.7295],[105.9172,-4.6455],[105.8905,-4.4374],[105.8272,-4.3478],[105.8203,-4.2187],[105.8622,-4.0369],[105.9525,-3.8623],[105.9206,-3.7701],[105.8291,-3.7058],[105.8446,-3.5317],[105.9267,-3.3686],[106.0966,-3.2287],[106.4915,-3.0917],[106.7058,-3.0974],[106.7402,-3.0057],[106.5953,-2.9485],[106.5928,-2.9003],[106.6597,-2.7211],[106.7601,-2.5994],[106.8485,-2.5715],[107.6273,-2.6008],[107.6247,-2.7552],[107.5954,-2.7926],[107.6,-2.9328],[107.5608,-2.9994],[107.6267,-3.1342],[107.6415,-3.2356],[107.8277,-3.1675],[107.8472,-3.06],[107.9738,-3.1939],[108.0532,-3.2387],[108.1382,-3.1735],[108.2171,-3.0542],[108.2489,-2.9224],[108.2945,-2.8785],[108.2664,-2.7666],[110.3028,-2.9926],[110.4189,-2.8969],[110.5358,-2.8427],[110.6136,-2.8715],[110.6593,-3.0418],[110.741,-2.9889],[110.8265,-2.9844],[110.9573,-3.0653],[111.0443,-3.0529],[111.3382,-2.9106],[111.4897,-2.9454],[111.5461,-3.0135],[111.69,-2.9416],[111.7176,-2.8414],[111.8133,-2.9973],[111.7975,-3.1933],[111.82,-3.3574],[111.7716,-3.5084],[111.9099,-3.5368],[112.0827,-3.4038],[112.2571,-3.3134],[112.4104,-3.347],[112.541,-3.4445],[112.9308,-3.2327],[113.0145,-3.1554],[112.9459,-3.1021],[113.0196,-3.0196],[113.16,-3.0661],[113.3476,-3.2657],[113.4509,-3.1908],[113.5917,-3.1668],[113.6287,-3.3414],[113.5828,-3.4467],[113.6344,-3.4664],[113.8332,-3.4457],[114.0521,-3.3358],[114.1341,-3.383],[114.2506,-3.3969],[114.3189,-3.4563],[114.4852,-3.5008],[114.5993,-3.614],[114.6202,-3.6729],[114.6036,-3.8222],[114.6381,-4.039],[114.631,-4.1709],[114.7474,-4.1517],[114.9877,-4.0232],[115.6599,-3.7419],[115.7168,-3.7316],[115.8435,-3.6277],[115.9546,-3.612],[116.0306,-3.3657],[116.0849,-3.2855],[116.1732,-3.2532],[116.1676,-3.1666],[116.264,-3.1107],[116.1722,-3.061],[116.1225,-2.992],[116.1316,-2.8865],[116.2698,-3.0033],[116.3646,-2.8785],[116.3747,-2.5656],[116.424,-2.4998],[116.5121,-2.562],[116.559,-2.4056],[116.5937,-2.2091],[116.5132,-2.1655],[116.4056,-2.2116],[116.3894,-2.1161],[116.4557,-2.0638],[116.4509,-1.7725],[116.2256,-1.7973],[116.3282,-1.7017],[116.5573,-1.6026],[116.5355,-1.4717],[116.5866,-1.4278],[116.7499,-1.3711],[116.8123,-1.2821],[116.8824,-1.2765],[117.0018,-1.1998],[117.1689,-0.9549],[117.2494,-0.907],[117.2812,-0.7928],[117.3103,-0.5671],[117.362,-0.5842],[117.3825,-0.5753],[117.4196,-0.5482],[117.4119,-0.54],[117.4147,-0.5317],[117.4392,-0.4967],[117.4543,-0.4469],[117.4527,-0.3034],[117.4169,-0.223],[117.52,-0.0295],[117.4744,0.0894],[117.5279,0.2202],[117.5238,0.3142],[117.6128,0.4364],[117.675,0.6167],[117.7528,0.7568],[117.916,0.8356],[117.9686,0.7746],[118.0642,0.9031],[118.5496,0.8075],[118.6769,0.8571],[118.7555,0.8061],[118.9622,0.9412],[118.9815,1.0033],[120.8075,1.325],[120.8233,1.1731],[120.7771,1.107],[120.7854,1.031],[120.6965,0.9867],[120.6035,0.8724],[120.5756,0.7755],[120.3873,0.801],[120.3288,0.8513],[120.3456,0.9681],[120.2475,0.9549],[120.2377,0.7995],[120.0758,0.7423],[120.0154,0.6612],[120.0466,0.5138],[119.901,0.479],[119.8459,0.3336],[119.8868,0.2112],[119.776,0.191],[119.8786,0.0768],[119.8816,-0.0253],[119.8387,-0.1022],[119.7758,-0.113],[119.6982,0.0019],[119.6077,-0.0211],[119.6716,-0.1176],[119.795,-0.1225],[119.8183,-0.1927],[119.752,-0.3749],[119.7582,-0.4903],[119.8818,-0.825],[119.8381,-0.8803],[119.7613,-0.6844],[119.6694,-0.7031],[119.6799,-0.7694],[119.5587,-0.8507],[119.4405,-1.1035],[119.34,-1.1698],[119.3029,-1.2736],[119.3326,-1.3494],[119.2884,-1.4483],[119.3261,-1.5727],[119.2841,-1.6611],[119.3181,-1.7989],[119.3629,-1.8579],[119.3315,-1.9604],[119.2118,-1.9981],[119.1874,-2.1517],[119.1446,-2.2012],[119.1211,-2.3226],[119.1249,-2.4814],[119.0453,-2.5064],[119.0308,-2.5819],[118.8744,-2.6807],[118.8224,-2.6203],[118.7568,-2.7856],[118.7695,-2.8669],[118.8604,-2.8583],[118.8848,-2.9115],[118.8595,-3.0316],[118.7876,-3.1351],[118.8286,-3.1691],[118.843,-3.3372],[118.8772,-3.4725],[118.9456,-3.5549],[119.023,-3.5161],[119.2189,-3.4858],[119.305,-3.4256],[119.4535,-3.4791],[119.5038,-3.5355],[119.4798,-3.7485],[119.531,-3.8868],[119.6198,-4.0148],[119.6054,-4.1019],[119.6381,-4.174],[119.596,-4.2491],[119.6362,-4.3179],[119.5971,-4.4151],[119.5969,-4.5678],[119.5112,-4.7217],[119.4997,-4.85],[119.5243,-4.9243],[119.4522,-5.0994],[119.387,-5.164],[119.354,-5.3269],[119.4125,-5.4533],[119.4392,-5.5956],[119.4894,-5.603],[119.7051,-5.7031],[119.7895,-5.7017],[119.9283,-5.5481],[120.1298,-5.5894],[120.2202,-5.5407],[120.3586,-5.5259],[120.4667,-5.62],[120.4694,-5.6156],[121.8524,-5.0888],[121.7951,-5.2778],[121.9403,-5.4382],[122.0446,-5.4464],[122.0492,-5.245],[121.9759,-5.0742],[121.8667,-5.0738],[121.8666,-4.8685],[121.9838,-4.901],[122.0927,-4.8249],[122.0414,-4.7579],[122.0344,-4.6685],[122.0947,-4.5434],[122.2194,-4.4788],[122.3422,-4.4745],[122.415,-4.4342],[122.5029,-4.4505],[122.5935,-4.397],[122.6619,-4.4544],[122.6807,-4.3261],[122.8337,-4.4493],[122.8955,-4.387],[122.8863,-4.1227],[122.8347,-4.0564],[122.7661,-4.1574],[122.663,-4.1334],[122.6574,-4.0072],[122.5989,-3.9791],[122.4431,-3.7497],[122.3421,-3.7444],[122.1954,-3.6064],[122.2678,-3.5579],[122.3,-3.4657],[122.2584,-3.3986],[122.3316,-3.2363],[122.4323,-3.2345],[122.3833,-3.1449],[122.2537,-3.0121],[122.3211,-2.9212],[122.185,-2.8229],[122.0862,-2.7888],[121.9416,-2.4815],[121.8251,-2.2943],[121.6836,-2.1795],[121.552,-2.1688],[121.5308,-2.0481],[121.4525,-1.9994],[121.4134,-1.9138],[121.3273,-1.9202],[121.3726,-1.8085],[121.4431,-1.8053],[121.5542,-1.9565],[121.7099,-1.9237],[121.8036,-1.7356],[121.8733,-1.6796],[121.9572,-1.6799],[122.028,-1.6129],[122.2189,-1.6023],[122.391,-1.4943],[122.4215,-1.4376],[122.6335,-1.2333],[122.7987,-1.0007],[122.8032,-0.9417],[123.0276,-0.9103],[123.0992,-0.8359],[123.1395,-0.9253],[123.2691,-1.0452],[123.326,-1.0488],[123.3021,-1.1482],[123.2932,-1.1691],[123.3003,-1.1792],[123.3131,-1.2663],[123.3235,-1.284],[123.2477,-1.3894],[123.1843,-1.3173],[123.224,-1.2624],[123.1891,-1.1496],[122.9626,-1.2088],[122.9123,-1.18],[122.8304,-1.2781],[122.7929,-1.3821],[122.8498,-1.5787],[122.9076,-1.5993],[123.0162,-1.4931],[123.0578,-1.3896],[123.1592,-1.3103],[123.1844,-1.511],[123.101,-1.576],[123.1767,-1.6345],[123.2423,-1.5905],[123.2568,-1.4464],[123.3216,-1.4211],[123.4126,-1.5218],[123.4715,-1.4751],[123.4984,-1.5129],[123.4882,-1.7125],[123.5986,-1.7137],[124.3883,-1.6713],[124.3367,-1.8896],[124.3923,-2.0188],[124.4799,-2.0248],[124.6921,-1.971],[124.8608,-1.8917],[124.9954,-1.9332],[125.0585,-1.8853],[125.3265,-1.8845],[125.3164,-1.8384],[125.3291,-1.8388],[125.5283,-1.9486],[125.7624,-1.9282],[125.8421,-1.8948],[125.9173,-1.9393],[125.921,-1.9763],[125.8551,-2.093],[125.8802,-2.2119],[125.9588,-2.3279],[125.9909,-2.4415],[126.0498,-2.4773],[126.091,-3.1121],[126.0176,-3.1737],[125.9955,-3.3001],[126.0732,-3.4773],[126.1627,-3.5828],[126.2809,-3.6641],[126.531,-3.7963],[126.6983,-3.8611],[126.8503,-3.7894],[126.9441,-3.7702],[127.0512,-3.6895],[127.2202,-3.6626],[127.251,-3.5937],[127.2581,-3.3729],[127.0769,-3.3741],[127.0372,-3.265],[127.1094,-3.229],[126.9846,-3.1381],[126.9347,-3.1434],[126.7901,-3.0587],[126.7161,-3.0561],[128.1615,-2.8673],[128.0743,-3.074],[127.9986,-3.0711],[127.8732,-3.1938],[127.8884,-3.2726],[127.9864,-3.3804],[128.0559,-3.3387],[128.0842,-3.1449],[128.1486,-3.0747],[128.2699,-3.2051],[128.3337,-3.3238],[128.4355,-3.4496],[128.5954,-3.4264],[128.8584,-3.2124],[128.9664,-3.2269],[128.9782,-3.361],[129.0835,-3.3415],[129.2883,-3.4142],[129.4048,-3.4172],[129.5367,-3.4704],[129.5664,-3.4142],[129.5246,-3.298],[129.7631,-3.3322],[129.9276,-3.3382],[130.0167,-3.4831],[130.4176,-3.6334],[130.4859,-3.7081],[130.5521,-3.7143],[130.6106,-3.7852],[130.8512,-3.8672],[131.3242,-4.0325],[131.611,-4.4324],[131.6725,-4.5383],[131.7342,-4.7028],[131.7592,-4.7417],[133.1514,-5.2739],[133.0744,-5.3871],[133.0048,-5.6484],[132.941,-5.6878],[132.8823,-5.8421],[132.8436,-6.0072],[132.9268,-5.8901],[132.9624,-5.7437],[133.1025,-5.599],[133.1682,-5.3547],[133.1557,-5.2739],[133.6382,-4.3093],[133.4502,-3.8606],[133.3941,-3.7362],[133.4135,-3.6914],[133.5826,-3.5718],[133.5484,-3.4537],[133.6601,-3.3754],[133.6483,-3.1223],[133.7207,-3.0388],[133.8587,-3.0267],[133.7627,-3.1768],[133.6648,-3.2392],[133.6985,-3.404],[133.626,-3.4865],[133.7071,-3.6032],[133.9071,-3.7001],[133.961,-3.8621],[134.1175,-3.7917],[134.1952,-3.9603],[134.2771,-4.0056],[134.439,-3.9199],[134.5063,-4.0444],[134.6746,-3.9203],[134.6911,-3.953],[134.6292,-4.1187],[134.723,-4.1965],[134.882,-4.2516],[135.0402,-4.3756],[135.2076,-4.4656],[135.3902,-4.4356],[135.5194,-4.4482],[135.7231,-4.4972],[135.9246,-4.4921],[136.1031,-4.6156],[136.232,-4.6629],[136.3547,-4.6721],[136.6297,-4.8265],[136.7541,-4.8698],[136.8531,-4.8161],[136.9298,-4.9021],[137.1754,-5.0067],[137.2855,-5.0259],[137.4286,-4.9986],[137.4968,-5.1461],[137.6497,-5.0471],[137.6951,-5.0539],[137.7342,-5.0865],[137.7583,-5.1539],[137.6811,-5.2382],[137.777,-5.3314],[137.8387,-5.2784],[137.9096,-5.3217],[138.061,-5.2323],[138.097,-5.1434],[138.1417,-5.1977],[138.1526,-5.2641],[138.0909,-5.2771],[138.0614,-5.3242],[138.0584,-5.3511],[138.0465,-5.3725],[137.9899,-5.3834],[138.0179,-5.4301],[138.1242,-5.5328],[138.1339,-5.4803],[138.1595,-5.4431],[138.177,-5.4339],[138.1855,-5.4401],[138.1927,-5.4727],[138.236,-5.4432],[138.2526,-5.4815],[138.2597,-5.5629],[138.2602,-5.5646],[138.2613,-5.5682],[138.249,-5.5775],[138.2458,-5.5974],[138.2736,-5.5959],[138.2862,-5.6177],[138.3109,-5.5957],[138.3669,-5.6156],[138.4207,-5.6551],[138.4147,-5.8182],[138.2587,-5.865],[138.2789,-5.946],[138.3924,-6.1634],[138.4265,-6.3581],[138.6808,-6.6073],[138.7985,-6.6694],[138.8304,-6.71],[138.8311,-6.7818],[138.9473,-6.7945],[138.9834,-6.8388],[139.1403,-6.959],[139.233,-7.0141],[139.346,-7.045],[139.3929,-7.1186],[139.3512,-7.2368],[139.2576,-7.2197],[139.0493,-7.243],[138.9154,-7.1981],[138.7624,-7.2079],[138.772,-7.2639],[138.9067,-7.3703],[138.9674,-7.5213],[139.1051,-7.547],[139.0183,-7.7513],[139.012,-7.8606],[138.925,-7.9054],[138.9178,-8.0831],[138.8361,-8.1415],[138.9352,-8.3138],[139.0033,-8.2965],[138.9881,-8.203],[139.0813,-8.1375],[139.2271,-8.1035],[139.3405,-8.2058],[139.4566,-8.1943],[139.5846,-8.1307],[139.719,-8.1004],[139.9639,-8.1001],[139.969,-8.1661],[140.055,-8.2549],[140.2374,-8.3851],[140.5006,-8.6133],[140.6156,-8.8129],[140.8925,-9.085],[141.0216,-9.1323],[142.1358,-10.9526],[142.1541,-11.1193],[142.1193,-11.2275],[142.1206,-11.364],[142.0546,-11.5442],[142.0019,-11.7531],[141.9526,-11.8668],[141.8071,-12.0548],[141.592,-12.5641],[141.6976,-12.5382],[141.8602,-12.6373],[141.8027,-12.7057],[141.7592,-12.8253],[141.6365,-12.9078],[141.5819,-12.9973],[141.623,-13.1343],[141.6962,-13.2699],[141.524,-13.5697],[141.4858,-13.785],[141.5543,-13.8821],[141.4905,-13.9681],[141.596,-14.1042],[141.6025,-14.2186],[141.5256,-14.4805],[141.5948,-14.8679],[141.6645,-15.0286],[141.6816,-15.2247],[141.5802,-15.2102],[141.5693,-15.293],[141.4723,-15.5228],[141.4181,-15.8203],[141.3776,-15.9218],[141.4317,-16.0793],[141.3472,-16.2275],[141.286,-16.4194],[141.3027,-16.4827],[141.2376,-16.5802],[141.1845,-16.7204],[141.0833,-16.8051],[141.0709,-16.8593],[140.946,-17.0408],[140.9495,-17.1513],[140.8855,-17.3802],[140.8282,-17.4549],[140.5976,-17.593],[140.3845,-17.6769],[140.1204,-17.717],[140.0,-17.7131],[139.9415,-17.6329],[139.8208,-17.5689],[139.6458,-17.5377],[139.4247,-17.3717],[139.3454,-17.3713],[139.2232,-17.3045],[139.159,-17.1743],[139.1412,-17.0744],[139.0395,-16.9136],[138.8916,-16.8925],[138.6265,-16.7679],[138.5315,-16.7822],[138.323,-16.7505],[138.1146,-16.6461],[137.8738,-16.4381],[137.726,-16.2324],[137.5696,-16.1757],[137.4095,-16.1441],[137.321,-16.0996],[137.2509,-16.0126],[137.0942,-15.949],[137.0024,-15.8751],[136.8723,-15.9228],[136.7599,-15.8992],[136.6649,-15.8284],[136.7244,-15.6982],[136.6426,-15.6735],[136.5437,-15.7411],[136.4519,-15.6535],[136.3394,-15.6188],[136.2702,-15.5347],[136.2404,-15.4185],[136.1576,-15.394],[135.8808,-15.2247],[135.8716,-15.1889],[135.6345,-15.0439],[135.5787,-15.0453],[135.4317,-14.9129],[135.3875,-14.7523],[135.4989,-14.6759],[135.534,-14.5677],[135.6202,-14.4244],[135.7225,-14.2969],[135.8805,-14.1817],[135.9169,-13.9798],[135.989,-13.8966],[136.0347,-13.7137],[135.9135,-13.7454],[135.8372,-13.5734],[135.912,-13.28],[135.9984,-13.214],[136.0493,-13.2431],[136.201,-13.2472],[136.2349,-13.1594],[136.365,-13.0562],[136.3888,-13.2557],[136.472,-13.2139],[136.5478,-13.0897],[136.5206,-12.9761],[136.559,-12.9135],[136.4769,-12.832],[136.5899,-12.7803],[136.7378,-12.5558],[136.7215,-12.491],[136.8281,-12.4719],[136.9436,-12.3703],[136.9284,-12.2824],[136.7849,-12.1608],[136.6984,-12.2854],[136.6002,-12.2028],[136.5313,-11.9924],[136.4161,-11.9567],[136.3489,-12.0428],[136.2661,-12.0658],[136.2096,-12.1858],[136.3511,-12.2144],[136.3043,-12.3994],[136.2321,-12.4592],[136.1324,-12.4466],[136.0306,-12.4749],[135.9644,-12.2728],[135.8897,-12.1831],[135.7119,-12.2646],[135.6501,-12.1698],[135.8149,-12.0171],[135.7273,-12.0096],[135.5837,-12.0904],[135.5805,-12.1069],[135.5347,-12.1501],[135.5331,-12.1517],[135.495,-12.1451],[135.4756,-12.1587],[135.4625,-12.1572],[135.4434,-12.1635],[135.4299,-12.1837],[135.4205,-12.1861],[135.3941,-12.1786],[135.361,-12.2094],[135.3465,-12.2432],[135.2189,-12.2971],[135.1442,-12.2365],[135.0565,-12.2614],[134.9779,-12.1639],[134.8536,-12.1301],[134.7729,-11.9598],[134.6903,-11.9626],[134.5891,-12.068],[134.3634,-12.0489],[134.2854,-11.9815],[134.1941,-12.0291],[134.1334,-11.9014],[134.0643,-11.8697],[133.8856,-11.9121],[133.8233,-11.8419],[133.9265,-11.7637],[133.791,-11.7346],[133.6633,-11.8166],[133.5249,-11.8241],[133.3241,-11.7703],[133.1481,-11.7017],[133.0099,-11.4356],[132.924,-11.3376],[132.7335,-11.5191],[132.5022,-11.3224],[132.5063,-11.273],[132.3095,-11.1749],[132.2091,-11.1826],[132.1966,-11.302],[132.0121,-11.1329],[131.8561,-11.273],[131.7665,-11.3028],[131.8594,-11.2946],[131.9736,-11.3461],[131.9615,-11.4115],[132.0596,-11.4361],[132.109,-11.5331],[132.2358,-11.4575],[132.4549,-11.4577],[132.5429,-11.5363],[132.5931,-11.6394],[132.6782,-11.6161],[132.6516,-11.7157],[132.5808,-11.7889],[132.6527,-11.8848],[132.6248,-12.0794],[132.4398,-12.1484],[132.415,-12.2027],[132.1683,-12.2179],[132.0602,-12.306],[131.9535,-12.2789],[131.8781,-12.2148],[131.753,-12.2738],[131.4687,-12.2837],[131.3675,-12.2458],[131.2708,-12.1004],[131.2283,-12.2092],[131.1556,-12.1689],[131.0013,-12.1606],[131.0123,-12.3183],[130.8962,-12.3299],[130.8292,-12.4131],[130.8871,-12.4635],[130.8827,-12.6064],[130.7782,-12.5107],[130.7681,-12.4428],[130.6168,-12.3854],[130.5534,-12.7029],[130.4414,-12.6359],[130.3519,-12.6727],[130.3532,-12.8311],[130.2587,-12.9433],[130.1452,-12.9277],[130.1168,-13.1661],[130.2234,-13.2445],[130.2517,-13.3332],[130.1644,-13.4346],[130.017,-13.529],[129.9288,-13.5281],[129.8711,-13.472],[129.7898,-13.6676],[129.7781,-13.7905],[129.7195,-13.8511],[129.7473,-13.9203],[129.7213,-14.0129],[129.5675,-14.0831],[129.539,-14.1374],[129.4118,-14.2311],[129.3567,-14.4242],[129.5242,-14.548],[129.7367,-14.6161],[129.6354,-14.6822],[129.6728,-14.7656],[129.6177,-14.938],[129.6706,-15.1907],[129.4768,-14.9358],[129.2674,-14.8653],[129.235,-14.9156],[129.2383,-15.1115],[129.1698,-15.0533],[129.1893,-14.9872],[129.0783,-14.8975],[128.7359,-14.8373],[128.5492,-14.7702],[128.3945,-14.8219],[128.4563,-14.9965],[128.3447,-15.0564],[128.2874,-14.9741],[128.229,-15.0044],[128.1947,-15.1016],[128.2202,-15.2037],[128.122,-15.1881],[128.0804,-15.0896],[128.163,-14.7095],[128.0289,-14.5804],[127.7854,-14.3777],[127.7627,-14.3039],[127.6169,-14.1436],[127.4489,-14.0574],[127.4554,-13.98],[127.347,-13.9063],[127.305,-13.9539],[127.1138,-13.963],[127.0671,-13.8357],[126.9844,-13.7568],[126.9138,-13.7447],[126.8614,-13.7882],[126.7428,-13.7885],[126.8099,-13.9272],[126.7278,-13.9976],[126.7376,-14.0625],[126.5647,-14.2193],[126.4545,-14.0773],[126.4269,-13.9977],[126.2261,-14.2164],[126.2203,-14.1125],[126.1667,-14.0681],[126.1407,-13.9593],[126.0758,-13.9147],[126.0304,-14.027],[126.151,-14.1264],[126.0894,-14.3254],[126.0152,-14.4165],[126.0481,-14.4951],[125.9026,-14.5674],[125.7407,-14.4304],[125.6716,-14.4205],[125.7167,-14.3122],[125.6291,-14.2342],[125.585,-14.2601],[125.6022,-14.5219],[125.4601,-14.5972],[125.3501,-14.5453],[125.2638,-14.5898],[125.1419,-14.752],[125.198,-14.7972],[125.3031,-14.9972],[125.3636,-15.0058],[125.4055,-15.0867],[125.1454,-15.1362],[125.0219,-14.9892],[125.0279,-15.1146],[124.8949,-15.1139],[124.8482,-15.1493],[124.876,-15.3042],[124.9201,-15.3566],[125.0257,-15.3015],[125.0886,-15.338],[125.0448,-15.4764],[124.928,-15.3719],[124.7178,-15.2601],[124.6691,-15.4298],[124.5919,-15.5226],[124.5163,-15.4687],[124.4525,-15.4951],[124.3926,-15.7467],[124.4087,-15.8628],[124.4766,-15.8654],[124.5321,-15.9577],[124.5998,-15.8203],[124.6723,-15.7727],[124.7265,-15.8196],[124.6241,-15.8857],[124.5855,-15.9841],[124.5871,-16.1087],[124.527,-16.1631],[124.404,-16.1692],[124.4117,-16.3568],[124.5709,-16.3299],[124.5842,-16.4135],[124.3407,-16.4244],[124.2061,-16.3874],[124.1797,-16.309],[124.0423,-16.268],[123.8654,-16.3278],[123.8117,-16.3144],[123.8105,-16.1903],[123.7371,-16.1513],[123.5739,-16.1711],[123.5962,-16.319],[123.6962,-16.3369],[123.5984,-16.522],[123.5085,-16.4899],[123.5856,-16.6699],[123.7108,-16.7721],[123.7959,-16.9121],[123.7609,-17.0883],[123.6584,-17.0084],[123.5826,-17.0318],[123.6321,-17.1614],[123.6023,-17.3349],[123.5145,-17.4156],[123.4036,-17.3225],[123.3574,-17.1817],[123.233,-16.9678],[123.1519,-16.915],[123.1633,-16.8157],[122.9821,-16.5916],[122.9894,-16.3782],[122.9247,-16.3966],[122.9003,-16.4957],[122.7774,-16.5804],[122.7417,-16.6823],[122.7822,-16.7478],[122.6386,-16.8005],[122.5758,-16.7832],[122.5041,-16.9166],[122.3663,-16.9962],[122.1722,-17.2644],[122.1502,-17.3558],[122.1513,-17.5781],[122.1997,-17.6834],[122.2082,-17.9383],[122.3734,-17.9927],[122.3634,-18.1276],[122.2169,-18.2018],[122.1287,-18.3096],[122.0629,-18.3262],[121.9461,-18.4409],[121.7907,-18.4828],[121.7466,-18.5711],[121.7878,-18.6502],[121.6208,-18.7423],[121.6481,-18.8104],[121.5121,-19.0921],[121.327,-19.3493],[121.1469,-19.5163],[120.9703,-19.6272],[120.6271,-19.7724],[120.1938,-19.9135],[119.9735,-19.9329],[119.8348,-19.9703],[119.7671,-19.9594],[119.7128,-20.0261],[119.575,-20.0738],[119.4725,-20.0102],[119.2194,-19.954],[119.1223,-19.9635],[118.994,-20.0376],[118.8081,-20.2865],[118.6744,-20.3309],[118.6353,-20.2981],[118.2079,-20.3766],[118.1597,-20.3582],[117.9898,-20.4735],[117.8602,-20.6035],[117.7372,-20.6792],[117.6299,-20.6647],[117.382,-20.7508],[117.1931,-20.6845],[117.1653,-20.6037],[116.9885,-20.6582],[116.8988,-20.7236],[116.7938,-20.658],[116.6897,-20.6808],[116.6512,-20.7755],[116.5286,-20.7523],[116.4643,-20.8219],[116.298,-20.8786],[116.1997,-20.8469],[116.193,-20.9345],[116.1313,-20.9974],[115.9898,-21.0393],[115.8846,-21.1163],[115.8036,-21.2453],[115.6527,-21.315],[115.5038,-21.4648],[115.2908,-21.5953],[115.1092,-21.6318],[115.0526,-21.6794],[114.9127,-21.6934],[114.77,-21.7954],[114.6476,-21.8464],[114.6148,-21.9801],[114.4551,-22.166],[114.3669,-22.4957],[114.3189,-22.4426],[114.2232,-22.4622],[114.1213,-22.4213],[114.1773,-22.304],[114.0804,-22.1567],[114.1412,-21.9425],[114.1604,-21.7863],[113.9955,-21.8746],[113.8665,-22.1514],[113.8342,-22.2709],[113.7105,-22.5234],[113.6635,-22.552],[113.6708,-22.6988],[113.7383,-22.7364],[113.8163,-22.9084],[113.8298,-23.034],[113.7641,-23.1797],[113.7945,-23.2901],[113.7558,-23.5255],[113.5963,-23.6638],[113.5671,-23.7538],[113.4703,-23.8992],[113.4187,-24.0909],[113.4439,-24.1807],[113.3906,-24.225],[113.4076,-24.4858],[113.623,-24.7448],[113.6187,-24.8592],[113.6802,-24.927],[113.6641,-25.0158],[113.733,-25.1237],[113.8011,-25.1574],[113.9345,-25.4762],[114.0137,-25.5634],[114.0454,-25.678],[114.2243,-25.871],[114.1947,-25.9829],[114.2591,-26.163],[114.1908,-26.168],[114.2378,-26.3118],[114.0953,-26.4547],[113.975,-26.3469],[113.9481,-26.1397],[113.8914,-26.0453],[113.7887,-26.2083],[113.7304,-26.2067],[113.7047,-26.0453],[113.7624,-25.8801],[113.6129,-25.722],[113.5835,-25.6338],[113.4717,-25.5586],[113.4144,-25.7245],[113.4782,-25.7831],[113.5547,-25.9394],[113.5795,-26.0959],[113.6979,-26.2221],[113.8345,-26.2784],[113.8813,-26.3355],[113.8847,-26.5037],[113.7932,-26.6063],[113.6955,-26.6098],[113.5532,-26.4683],[113.5602,-26.3517],[113.4798,-26.27],[113.4253,-26.1371],[113.2761,-26.2933],[113.328,-26.4351],[113.5447,-26.6307],[113.7831,-26.9314],[113.9573,-27.2183],[114.1028,-27.5001],[114.1602,-27.7032],[114.1052,-27.8555],[114.1707,-28.0975],[114.2393,-28.1869],[114.3215,-28.2313],[114.4335,-28.3955],[114.557,-28.5356],[114.6125,-28.6631],[114.6343,-28.8763],[114.8606,-29.0995],[114.9968,-29.489],[114.9575,-29.6848],[114.9811,-29.8454],[114.9577,-30.0492],[115.0422,-30.2713],[115.0579,-30.5035],[115.1883,-30.7839],[115.3158,-30.9784],[115.4406,-31.2772],[115.5505,-31.4271],[115.6857,-31.6533],[115.7552,-31.893],[115.7388,-32.0545],[115.7748,-32.1951],[115.7009,-32.3048],[115.7492,-32.4318],[115.7188,-32.5539],[115.7701,-32.6381],[115.6089,-32.6642],[115.673,-32.9938],[115.7042,-33.301],[115.6322,-33.3172],[115.5885,-33.4321],[115.4053,-33.6237],[115.3224,-33.652],[115.1226,-33.6244],[115.0289,-33.6352],[114.9748,-33.6983],[114.9929,-34.0913],[115.0261,-34.2575],[115.1174,-34.3388],[115.2674,-34.3067],[115.4086,-34.338],[115.6115,-34.4417],[115.8029,-34.5886],[115.9508,-34.7245],[116.0011,-34.8419],[116.1381,-34.8445],[116.372,-34.9358],[116.484,-35.0101],[116.6283,-35.0464],[116.7908,-35.0181],[116.9207,-35.065],[117.0194,-35.0353],[117.2651,-35.0207],[117.4029,-35.0348],[117.6142,-35.1324],[117.6502,-35.0579],[117.7491,-35.0511],[117.866,-35.1096],[117.9484,-34.9988],[118.0369,-35.0203],[118.1769,-34.9392],[118.3299,-34.8977],[118.4778,-34.7341],[118.7213,-34.6572],[118.7504,-34.5504],[118.9849,-34.4507],[119.2853,-34.5131],[119.3993,-34.3847],[119.4898,-34.3809],[119.5167,-34.2515],[119.6489,-34.0879],[119.808,-33.9887],[119.9446,-33.9779],[120.042,-33.9232],[120.1201,-33.9517],[120.2507,-33.9342],[120.4131,-33.964],[120.5859,-33.8876],[120.8105,-33.8875],[120.8676,-33.8557],[121.1807,-33.866],[121.3474,-33.8153],[121.5337,-33.8256],[121.6472,-33.8874],[121.7906,-33.9096],[121.9219,-33.836],[122.0163,-33.8353],[122.1378,-34.0073],[122.363,-33.9122],[122.5617,-33.9378],[122.6021,-33.8982],[122.7869,-33.8795],[122.8378,-33.9046],[123.0358,-33.8561],[123.1168,-33.8898],[123.1692,-34.0155],[123.2901,-33.9767],[123.3547,-33.901],[123.5476,-33.9353],[123.5885,-33.8819],[123.7584,-33.799],[123.7584,-33.7198],[123.9777,-33.553],[124.0282,-33.3509],[124.1292,-33.1282],[124.2406,-33.0168],[124.3762,-32.9529],[124.7483,-32.8994],[124.8977,-32.832],[125.0187,-32.7356],[125.2561,-32.6322],[125.533,-32.5507],[125.713,-32.4223],[125.9621,-32.2874],[126.2037,-32.2316],[126.405,-32.2815],[126.6839,-32.3086],[127.2207,-32.2756],[127.5191,-32.2145],[127.7072,-32.1365],[128.0534,-32.0652],[128.4361,-31.9352],[128.895,-31.7184],[129.0414,-31.6771],[129.5691,-31.6209],[129.9125,-31.591],[130.2727,-31.5742],[130.7925,-31.6079],[131.0425,-31.5311],[131.1437,-31.4637],[131.5327,-31.6103],[131.7576,-31.7191],[132.1002,-31.9395],[132.1758,-32.0183],[132.2685,-32.0326],[132.4373,-31.9994],[132.5815,-31.9328],[132.748,-31.9493],[133.0534,-32.1025],[133.14,-32.1767],[133.4085,-32.1991],[133.4594,-32.1044],[133.5506,-32.1701],[133.6014,-32.0846],[133.6709,-32.1073],[133.7767,-32.2576],[133.8434,-32.2573],[133.9514,-32.3912],[133.8677,-32.4158],[133.846,-32.5045],[134.1187,-32.4537],[134.271,-32.584],[134.2906,-32.6941],[134.2305,-32.7641],[134.0602,-32.7233],[134.1389,-32.8335],[134.0724,-32.9135],[134.1959,-32.9519],[134.2601,-33.153],[134.317,-33.1947],[134.4198,-33.1483],[134.5483,-33.1901],[134.5883,-33.141],[134.7169,-33.1948],[134.6967,-33.2642],[134.8025,-33.3288],[134.8635,-33.5493],[134.8449,-33.6334],[135.0448,-33.7599],[135.2502,-33.9801],[135.2776,-34.1224],[135.3439,-34.2613],[135.3688,-34.4307],[135.4436,-34.5727],[135.3873,-34.6441],[135.3181,-34.5203],[135.2513,-34.5512],[135.6236,-34.9078],[135.7123,-34.8663],[135.8456,-34.8803],[135.9449,-34.9844],[135.9931,-34.9294],[135.9608,-34.8463],[135.8447,-34.7537],[135.8602,-34.6381],[135.9327,-34.5284],[136.1223,-34.4672],[136.1037,-34.3766],[136.1899,-34.3345],[136.3242,-34.1822],[136.3586,-34.076],[136.5046,-33.9899],[136.5931,-33.8997],[137.0001,-33.7251],[137.2102,-33.6651],[137.3851,-33.3774],[137.3861,-33.2947],[137.4527,-33.1362],[137.5912,-33.0414],[137.6576,-32.9512],[137.7809,-32.9826],[137.8099,-32.7485],[137.8509,-32.6497],[137.9655,-33.0196],[138.0413,-33.0822],[137.8334,-33.2061],[137.8125,-33.281],[137.9381,-33.5473],[137.6431,-33.8306],[137.5239,-34.1245],[137.4984,-34.3187],[137.4517,-34.4313],[137.5067,-34.5845],[137.4569,-34.8898],[137.3751,-34.9536],[137.2736,-34.8935],[137.0476,-34.9033],[136.9345,-35.0232],[136.9619,-35.0832],[136.8284,-35.2484],[136.89,-35.2991],[137.002,-35.2233],[137.191,-35.2288],[137.2195,-35.1758],[137.3298,-35.1682],[137.425,-35.0976],[137.5562,-35.1178],[137.6428,-35.1668],[137.7346,-35.1305],[137.7579,-34.9957],[137.8583,-34.7711],[137.8859,-34.5139],[137.9163,-34.4311],[138.0038,-34.3553],[138.005,-34.2591],[138.0931,-34.1366],[138.2117,-34.3075],[138.2651,-34.4799],[138.5307,-34.7402],[138.554,-34.802],[138.4759,-34.8572],[138.5176,-35.0302],[138.4687,-35.1179],[138.4465,-35.3354],[138.3293,-35.4064],[138.296,-35.4665],[138.168,-35.5181],[138.0948,-35.625],[138.1907,-35.6654],[138.3,-35.6384],[138.5225,-35.643],[138.6306,-35.5436],[138.818,-35.4739],[138.9412,-35.5098],[138.9834,-35.4022],[139.16,-35.3749],[139.261,-35.3288],[139.375,-35.4652],[139.1992,-35.502],[139.3568,-35.5866],[139.3396,-35.6844],[139.2615,-35.6999],[139.2538,-35.5521],[139.1042,-35.5179],[139.0415,-35.5945],[139.4424,-35.8996],[139.5572,-36.0088],[139.5537,-36.0659],[139.7099,-36.3127],[139.801,-36.4981],[139.8614,-36.6883],[139.8478,-36.832],[139.6704,-36.9584],[139.7423,-37.0232],[139.7942,-37.1471],[139.7402,-37.1815],[139.9982,-37.4845],[140.1166,-37.5267],[140.2827,-37.7303],[140.3977,-37.918],[140.6692,-38.0602],[140.8448,-38.0415],[141.0295,-38.072],[141.2049,-38.1564],[141.3587,-38.2759],[141.4092,-38.3673],[141.6501,-38.3921],[141.6001,-38.3225],[141.6797,-38.2676],[141.9054,-38.2707],[142.152,-38.3931],[142.3678,-38.3481],[142.6254,-38.4598],[142.7988,-38.576],[143.094,-38.6587],[143.2208,-38.7624],[143.359,-38.7552],[143.5325,-38.8553],[143.676,-38.7411],[143.8413,-38.691],[144.0373,-38.4749],[144.1053,-38.4697],[144.4328,-38.2812],[144.613,-38.2923],[144.7066,-38.1307],[144.5558,-38.1557],[144.3578,-38.1399],[144.3899,-38.0768],[144.6523,-38.0011],[144.8998,-37.8411],[144.969,-37.8602],[145.0304,-37.9949],[145.0987,-38.025],[145.1151,-38.1488],[145.0329,-38.2155],[144.9783,-38.3256],[144.8393,-38.3704],[144.9249,-38.4998],[145.0129,-38.48],[145.1329,-38.39],[145.2507,-38.2493],[145.4267,-38.2163],[145.4868,-38.2348],[145.5531,-38.3576],[145.4292,-38.4107],[145.4195,-38.5125],[145.6044,-38.6781],[145.7291,-38.6362],[145.876,-38.7876],[145.9159,-38.8758],[146.0695,-38.8128],[146.1841,-38.8698],[146.3263,-39.0413],[146.3687,-39.1342],[146.4834,-39.0608],[146.4434,-38.9617],[146.4676,-38.8629],[146.3008,-38.9059],[146.2032,-38.7647],[146.2311,-38.6975],[146.3762,-38.6876],[146.5568,-38.7084],[146.6549,-38.6641],[146.8911,-38.6179],[147.482,-38.1479],[147.5579,-38.016],[147.8198,-37.8842],[147.9786,-37.8898],[148.1031,-37.8427],[148.345,-37.8052],[148.7243,-37.8075],[148.9606,-37.7716],[149.4284,-37.7775],[149.6775,-37.6852],[149.7391,-37.5866],[149.9046,-37.5432],[149.905,-37.5481],[149.9095,-37.569],[148.0048,-39.642],[148.0,-39.7743],[147.958,-39.7277],[147.7687,-39.8665],[147.9018,-39.9502],[147.895,-40.0367],[148.004,-40.1032],[148.0451,-40.2491],[148.1493,-40.2662],[148.2107,-40.2111],[148.3313,-40.2117],[148.3008,-40.1297],[148.4167,-40.2667],[148.4814,-40.432],[148.3361,-40.2972],[147.9881,-40.3861],[148.0463,-40.4496],[148.3533,-40.489],[148.481,-40.4372],[148.3477,-40.9908],[148.2137,-40.8457],[147.9795,-40.7419],[147.8396,-40.8862],[147.5942,-40.8634],[147.4879,-40.9812],[147.3973,-41.0047],[147.3454,-40.9392],[147.1707,-41.01],[146.9982,-40.9838],[146.6083,-41.1402],[146.3998,-41.1718],[146.1715,-41.1499],[145.9625,-41.0634],[145.8038,-41.0269],[145.7253,-40.9683],[145.4884,-40.8666],[145.3505,-40.8512],[144.9776,-40.7428],[144.9285,-40.7588],[144.686,-40.6823],[144.7117,-40.8582],[144.6112,-40.9347],[144.6753,-41.0883],[144.7092,-41.261],[144.776,-41.4364],[144.8877,-41.5887],[144.91,-41.6876],[145.0162,-41.803],[145.199,-41.9516],[145.2561,-42.0638],[145.259,-42.1753],[145.4776,-42.3486],[145.196,-42.3285],[145.2384,-42.474],[145.3651,-42.6879],[145.4349,-42.8745],[145.4932,-42.9389],[145.6878,-43.0645],[145.8704,-43.3231],[146.0312,-43.4683],[146.0311,-43.566],[146.2199,-43.4931],[146.4602,-43.5438],[146.5754,-43.5249],[146.7007,-43.626],[146.8597,-43.6331],[146.8982,-60.0],[20.0026,-60.0],[20.009,-34.8323],[20.0834,-34.7333],[20.4008,-34.5694],[20.5336,-34.4704],[20.663,-34.4495],[20.8473,-34.475],[20.8561,-34.3971],[20.9355,-34.3666],[21.1055,-34.3777],[21.2992,-34.4405],[21.4449,-34.3683],[21.5646,-34.3611],[21.6953,-34.3958],[21.904,-34.3446],[21.9637,-34.225],[22.0902,-34.2106],[22.1234,-34.1167],[22.24,-34.0567],[22.4852,-34.0525],[22.5644,-33.9964],[22.7774,-34.0271],[22.9748,-34.0855],[23.3754,-34.0982],[23.449,-34.0055],[23.6493,-33.9808],[23.777,-34.0083],[24.1951,-34.0601],[24.3809,-34.1038],[24.4745,-34.1627],[24.6355,-34.1715],[24.8336,-34.2147],[24.8411,-34.1425],[24.9983,-33.978],[25.1924,-33.9666],[25.398,-34.0318],[25.6329,-34.0464],[25.613,-33.9477],[25.6821,-33.7972],[25.8391,-33.725],[26.0579,-33.7057],[26.3217,-33.7679],[26.4661,-33.7734],[26.7414,-33.6526],[27.1122,-33.5242],[27.1662,-33.4722],[27.477,-33.2991],[27.7307,-33.1187],[27.9096,-33.0385],[28.082,-32.9114],[28.153,-32.7971],[28.2772,-32.7538],[28.5526,-32.5732],[28.6034,-32.5016],[28.9422,-32.2209],[29.1808,-31.9507],[29.2198,-31.931],[29.4215,-31.6923],[29.5371,-31.6478],[29.7694,-31.4447],[29.8546,-31.4238],[30.0134,-31.2926],[30.2279,-31.0587],[30.6249,-30.5136],[30.8918,-30.0483],[31.0492,-29.891],[31.0384,-29.8177],[31.1269,-29.6516],[31.3339,-29.3899],[31.5571,-29.1812],[31.7637,-28.9654],[32.0102,-28.8805],[32.3608,-28.5771],[32.4128,-28.4926],[32.4369,-28.355],[32.5344,-28.1937],[32.5951,-27.9323],[32.6099,-27.7779],[32.7126,-27.4332],[32.8426,-27.1084],[32.8893,-26.8424],[32.9491,-26.152],[32.9015,-26.1209],[32.8321,-26.2893],[32.6667,-26.1249],[32.5881,-25.9846],[32.7014,-25.8722],[32.6858,-25.773],[32.7424,-25.7529],[32.8129,-25.6067],[32.9854,-25.4666],[33.3074,-25.2929],[33.6939,-25.1327],[34.3044,-24.9273],[34.5488,-24.8339],[34.8232,-24.7447],[35.0651,-24.6359],[35.1519,-24.5798],[35.2064,-24.4878],[35.3901,-24.277],[35.4997,-24.1057],[35.5073,-23.9706],[35.5545,-23.8708],[35.4887,-23.8492],[35.3801,-23.8808],[35.3494,-23.8128],[35.4256,-23.6485],[35.4236,-23.5091],[35.4851,-23.3377],[35.4853,-23.1767],[35.5953,-22.9641],[35.5176,-22.8289],[35.5003,-22.6042],[35.5431,-22.3242],[35.513,-22.1846],[35.4469,-22.1539],[35.3298,-22.1843],[35.3193,-21.9075],[35.2837,-21.8165],[35.2723,-21.6374],[35.1514,-21.4453],[35.0725,-21.2735],[35.0864,-21.0869],[35.0606,-20.8865],[35.0009,-20.8],[34.9987,-20.7167],[34.8503,-20.6349],[34.7364,-20.5124],[34.6492,-20.4685],[34.7803,-20.1472],[34.7494,-20.0057],[34.7768,-19.8434],[34.8905,-19.8494],[35.1367,-19.6875],[35.4046,-19.4547],[35.6739,-19.1247],[35.8049,-19.0277],[35.9523,-18.9544],[36.2933,-18.8644],[36.2334,-18.7883],[36.2065,-18.6824],[36.2431,-18.6025],[36.3412,-18.5927],[36.5092,-18.5298],[36.8295,-18.2165],[36.9319,-18.05],[36.9845,-18.0188],[37.127,-17.8332],[37.3537,-17.6571],[37.8547,-17.4019],[38.1845,-17.2789],[38.2256,-17.2412],[38.6597,-17.0934],[38.9953,-17.0093],[39.0728,-17.0132],[39.1137,-16.9156],[39.3268,-16.7495],[39.4606,-16.6904],[39.8438,-16.4315],[39.7742,-16.2939],[39.8633,-16.2482],[39.9604,-16.2427],[40.1046,-16.0777],[40.1227,-15.9551],[40.3501,-15.7463],[40.4268,-15.6171],[40.5627,-15.498],[40.5763,-15.4067],[40.6789,-15.2535],[40.6163,-15.1533],[40.6268,-15.0902],[40.7443,-14.9838],[40.7389,-14.9354],[40.8364,-14.7785],[40.7986,-14.6289],[40.8299,-14.5578],[40.8082,-14.4116],[40.6222,-14.4741],[40.6654,-14.3777],[40.7328,-14.3301],[40.6934,-14.1867],[40.5569,-14.2182],[40.5388,-14.1558],[40.6381,-14.0277],[40.5877,-13.8855],[40.5624,-13.5947],[40.5252,-13.5016],[40.5842,-13.3656],[40.5506,-13.1034],[40.5874,-12.9876],[40.5103,-12.9524],[40.5613,-12.7985],[40.6299,-12.747],[40.5665,-12.6794],[40.5501,-12.5687],[40.4846,-12.4892],[40.5159,-12.2047],[40.4879,-12.1498],[40.5019,-11.97],[40.4353,-11.7271],[40.4178,-11.5553],[40.4751,-11.4091],[40.3777,-11.3308],[40.5643,-11.0297],[40.495,-10.945],[40.5892,-10.8668],[40.4837,-10.7555],[40.5848,-10.6646],[40.5362,-10.4989],[40.4301,-10.4664],[40.3219,-10.3439],[40.2888,-10.2662],[40.1583,-10.2603],[40.1202,-10.1719]],[[89.6658,22.5461],[89.5934,22.466],[89.6343,22.3524],[89.6579,22.3692],[89.6714,22.3587],[89.6797,22.3341],[89.6934,22.3152],[89.7033,22.3128],[89.709,22.2962],[89.7376,22.2748],[89.6949,22.2079],[89.7108,22.1313],[89.8451,22.0635],[89.8765,22.1879],[89.8407,22.271],[89.884,22.3492],[89.8749,22.4404],[89.7102,22.5566],[89.6658,22.5461]],[[138.2343,-5.5563],[138.2546,-5.5347],[138.2496,-5.4806],[138.1937,-5.485],[138.1729,-5.4386],[138.1389,-5.4873],[138.1263,-5.5412],[138.0427,-5.6144],[138.0631,-5.72],[138.183,-5.7285],[138.2065,-5.6806],[138.2467,-5.6671],[138.2384,-5.6171],[138.2425,-5.5891],[138.2505,-5.574],[138.2602,-5.5646],[138.2343,-5.5563]],[[135.5719,-12.1031],[135.5393,-12.0713],[135.471,-12.1104],[135.3954,-12.0833],[135.3037,-12.1254],[135.2709,-12.2084],[135.3488,-12.2274],[135.37,-12.1803],[135.3919,-12.1745],[135.4204,-12.1838],[135.435,-12.169],[135.445,-12.1607],[135.4588,-12.1562],[135.497,-12.1433],[135.5347,-12.1501],[135.5719,-12.1031]],[[105.6716,-6.8361],[105.7764,-6.8501],[105.9581,-6.812],[106.2383,-6.9316],[106.3111,-6.9957],[106.4408,-6.9526],[106.5408,-6.9828],[106.5443,-7.0562],[106.3998,-7.1925],[106.3728,-7.307],[106.4036,-7.3568],[106.5234,-7.4082],[107.1221,-7.458],[107.2418,-7.4879],[107.4416,-7.5068],[107.5974,-7.5697],[107.6911,-7.668],[107.7857,-7.6789],[107.8471,-7.7374],[107.939,-7.7332],[108.3436,-7.8192],[108.4987,-7.7931],[108.4974,-7.7214],[108.5848,-7.6841],[108.7633,-7.6975],[108.8429,-7.6563],[108.9993,-7.7433],[109.1088,-7.6843],[109.3458,-7.7096],[109.3864,-7.755],[109.6767,-7.7947],[109.891,-7.8472],[110.3453,-8.0307],[110.3765,-8.0725],[110.6094,-8.1481],[110.7068,-8.2004],[110.9109,-8.2117],[110.9922,-8.2514],[111.191,-8.2787],[111.2569,-8.2487],[111.4089,-8.2781],[111.5155,-8.3335],[111.6899,-8.3368],[111.7793,-8.257],[111.9294,-8.3061],[112.2967,-8.3323],[112.4414,-8.3982],[112.5633,-8.4041],[112.6521,-8.4477],[112.822,-8.3725],[112.9283,-8.3905],[112.9733,-8.3305],[113.0776,-8.2874],[113.2863,-8.2947],[113.4799,-8.4103],[113.6228,-8.4451],[113.6488,-8.4944],[113.7507,-8.5188],[114.0329,-8.6342],[114.0954,-8.6153],[114.221,-8.6444],[114.311,-8.6205],[114.3718,-8.6737],[114.3685,-8.7507],[114.5485,-8.7781],[114.6048,-8.7135],[114.5624,-8.6561],[114.423,-8.6045],[114.3406,-8.4323],[114.4014,-8.1167],[114.4302,-8.066],[114.4215,-7.9218],[114.458,-7.8109],[114.3765,-7.7513],[114.1002,-7.7004],[114.0205,-7.6169],[113.9282,-7.7011],[113.8401,-7.6845],[113.7858,-7.7326],[113.6666,-7.7365],[113.4858,-7.6988],[113.3434,-7.7714],[113.1141,-7.7246],[113.0288,-7.6486],[112.8839,-7.609],[112.8378,-7.5135],[112.8395,-7.2732],[112.7638,-7.196],[112.6223,-7.1198],[112.6506,-7.0194],[112.5827,-6.8867],[112.5209,-6.9048],[112.4148,-6.8648],[112.0623,-6.892],[111.9797,-6.7725],[111.8395,-6.801],[111.7147,-6.7687],[111.5622,-6.6395],[111.4891,-6.6251],[111.38,-6.7017],[111.2456,-6.6924],[111.136,-6.6478],[111.0633,-6.5201],[111.0452,-6.4252],[110.8383,-6.4074],[110.7235,-6.4476],[110.6466,-6.6472],[110.5796,-6.7332],[110.4788,-6.9464],[110.3585,-6.9547],[110.1725,-6.8451],[110.128,-6.8829],[109.9805,-6.9235],[109.8681,-6.9146],[109.5777,-6.838],[109.5195,-6.7789],[109.3816,-6.8613],[109.2734,-6.8733],[109.0987,-6.8376],[109.0527,-6.7796],[108.9482,-6.8285],[108.805,-6.7859],[108.7496,-6.8147],[108.6726,-6.7608],[108.6021,-6.7628],[108.5626,-6.6905],[108.5366,-6.4819],[108.3841,-6.3553],[108.363,-6.2636],[108.2411,-6.2409],[108.1281,-6.3347],[107.9026,-6.2433],[107.8265,-6.1836],[107.6735,-6.2457],[107.6229,-6.1893],[107.4661,-6.143],[107.3511,-5.9766],[107.2819,-5.9587],[107.1805,-5.9887],[107.0241,-5.9144],[107.0046,-6.0806],[106.8507,-6.1201],[106.7405,-6.1012],[106.6791,-6.0131],[106.4773,-6.0457],[106.2633,-5.9531],[106.1696,-6.0273],[106.1144,-5.9312],[106.0226,-5.8885],[105.9791,-5.997],[105.8819,-6.0733],[105.8252,-6.2387],[105.8404,-6.2976],[105.8079,-6.4723],[105.7132,-6.5321],[105.6504,-6.4804],[105.6177,-6.6174],[105.5062,-6.7313],[105.4687,-6.8271],[105.3876,-6.7358],[105.364,-6.6538],[105.2642,-6.7603],[105.2091,-6.7629],[105.5233,-6.8653],[105.6716,-6.8361]],[[115.2361,-8.8031],[115.2612,-8.6686],[115.3742,-8.5751],[115.581,-8.5171],[115.6869,-8.4338],[115.7094,-8.3757],[115.6286,-8.323],[115.5574,-8.2305],[115.4528,-8.1616],[115.159,-8.0633],[114.9824,-8.1811],[114.8762,-8.1953],[114.4945,-8.0967],[114.4352,-8.0975],[114.4475,-8.2171],[114.5815,-8.3983],[114.7445,-8.3979],[114.9041,-8.4599],[115.0618,-8.5848],[115.1663,-8.7073],[115.1618,-8.7814],[115.089,-8.8381],[115.1834,-8.8461],[115.2361,-8.8031]],[[115.6289,-8.7649],[115.5611,-8.6717],[115.4469,-8.7219],[115.5844,-8.8169],[115.5958,-8.8169],[115.6289,-8.7649]],[[116.1169,-8.8667],[116.1731,-8.9135],[116.3247,-8.908],[116.3972,-8.9362],[116.5679,-8.8919],[116.5941,-8.8616],[116.4986,-8.8302],[116.6257,-8.6014],[116.7249,-8.3675],[116.6583,-8.2933],[116.3729,-8.2107],[116.2697,-8.2449],[116.1774,-8.3404],[116.0561,-8.4043],[116.0389,-8.4952],[116.0745,-8.6227],[116.0563,-8.7346],[115.9665,-8.7345],[115.831,-8.8155],[116.0087,-8.904],[116.1169,-8.8667]],[[117.1361,-9.0842],[117.2152,-9.0193],[117.3924,-9.053],[117.5965,-8.982],[117.6754,-8.9252],[117.8859,-8.9437],[118.0036,-8.8567],[118.1842,-8.8546],[118.3565,-8.6836],[118.4326,-8.6723],[118.3774,-8.8227],[118.5023,-8.8841],[118.6317,-8.8167],[118.7493,-8.7955],[118.8367,-8.8459],[118.8906,-8.7614],[118.7388,-8.7648],[118.7583,-8.6936],[118.9657,-8.7447],[119.1651,-8.7239],[119.1556,-8.6393],[119.0366,-8.6426],[119.0139,-8.5375],[119.0442,-8.4422],[119.0036,-8.3138],[118.8135,-8.281],[118.6957,-8.3765],[118.649,-8.2913],[118.4641,-8.245],[118.3886,-8.329],[118.2802,-8.3646],[118.0761,-8.0994],[117.926,-8.0803],[117.719,-8.1631],[117.7082,-8.242],[117.8169,-8.3511],[117.9804,-8.4649],[118.1016,-8.4907],[118.2725,-8.5865],[118.2711,-8.6563],[118.0517,-8.6631],[117.9739,-8.7393],[117.872,-8.6966],[117.7749,-8.7135],[117.7373,-8.5707],[117.6395,-8.56],[117.6251,-8.4433],[117.5625,-8.4049],[117.4479,-8.41],[117.3923,-8.4726],[117.1657,-8.3686],[117.1103,-8.3707],[116.9945,-8.4891],[116.8535,-8.5386],[116.7841,-8.6103],[116.7808,-8.7266],[116.8149,-8.8118],[116.7239,-8.9099],[116.7286,-8.9986],[117.008,-9.1063],[117.1361,-9.0842]],[[119.1797,-9.7453],[119.3012,-9.7441],[119.4105,-9.7885],[119.471,-9.7408],[119.6718,-9.7816],[119.6804,-9.8282],[119.7845,-9.9231],[119.8705,-9.9494],[119.9951,-10.0374],[120.0479,-10.1276],[120.218,-10.2541],[120.3487,-10.2488],[120.4562,-10.3113],[120.5342,-10.2396],[120.6112,-10.2533],[120.7426,-10.187],[120.8377,-10.0983],[120.8463,-10.0297],[120.7475,-9.9236],[120.6796,-9.9003],[120.6003,-9.7383],[120.5045,-9.686],[120.4747,-9.622],[120.3536,-9.6489],[120.247,-9.6362],[120.1895,-9.4702],[120.0749,-9.4605],[119.9279,-9.2788],[119.7964,-9.3989],[119.6304,-9.3455],[119.5347,-9.3783],[119.3948,-9.3827],[119.3008,-9.3569],[119.1536,-9.3837],[118.9888,-9.4569],[118.9269,-9.5529],[119.0258,-9.6745],[119.1797,-9.7453]],[[122.9884,-10.861],[123.1286,-10.8173],[123.2283,-10.8194],[123.2532,-10.7351],[123.3399,-10.6846],[123.4398,-10.5099],[123.3856,-10.4384],[123.2644,-10.521],[123.0481,-10.7248],[122.8658,-10.756],[122.8022,-10.8023],[122.8241,-10.9226],[122.8523,-10.942],[122.9884,-10.861]],[[79.2056,9.2803],[79.4397,9.1583],[79.3172,9.2751],[79.2056,9.2803]],[[79.9157,8.814],[79.9597,8.7261],[79.9163,8.5489],[79.8692,8.5305],[79.8453,8.3548],[79.8069,8.226],[79.8334,8.1497],[79.7921,8.0682],[79.8217,7.9774],[79.7427,7.9429],[79.7846,7.7742],[79.7887,7.5432],[79.8659,7.1681],[79.8423,7.1111],[79.8687,6.97],[79.8626,6.8247],[79.9774,6.5224],[79.9736,6.4707],[80.0634,6.1907],[80.1246,6.1019],[80.2611,6.0],[80.5888,5.9192],[80.5923,5.9191],[80.7182,5.9607],[80.8045,6.0362],[81.1288,6.1303],[81.3246,6.1993],[81.4997,6.3464],[81.693,6.487],[81.7574,6.592],[81.8788,7.0228],[81.8577,7.1332],[81.862,7.3428],[81.7561,7.6637],[81.6164,7.7337],[81.5693,7.918],[81.4854,8.0202],[81.4146,8.2182],[81.354,8.4957],[81.2242,8.4605],[81.2258,8.6521],[81.092,8.8347],[80.9018,9.0477],[80.8429,9.234],[80.6232,9.4578],[80.4619,9.5026],[80.2814,9.4547],[80.1959,9.545],[80.144,9.4351],[80.0539,9.3902],[80.1155,9.3081],[80.1189,9.2134],[80.0368,9.0149],[79.9457,8.947],[79.8525,9.0781],[79.7303,9.1082],[79.6956,9.079],[79.8164,9.0326],[79.9269,8.8994],[79.9157,8.814]],[[95.017,5.734],[95.1111,5.6668],[95.0488,5.7502],[95.017,5.734]],[[93.8164,7.2351],[93.6922,7.1917],[93.662,7.1028],[93.6652,7.0422],[93.7491,6.9105],[93.8507,6.8157],[93.9093,6.8313],[93.9275,6.9549],[93.8825,7.2036],[93.8164,7.2351]],[[92.5974,10.681],[92.5583,10.8631],[92.4588,10.863],[92.3904,10.7815],[92.3804,10.667],[92.4206,10.6143],[92.395,10.531],[92.4994,10.511],[92.5683,10.5763],[92.5974,10.681]],[[92.6672,11.5039],[92.7278,11.5163],[92.7859,11.8544],[92.7755,12.0312],[92.7357,12.1039],[92.7574,12.1761],[92.6603,12.2117],[92.6196,12.0708],[92.6015,11.8972],[92.5297,11.8963],[92.5202,11.8293],[92.5889,11.7156],[92.6181,11.5851],[92.6672,11.5039]],[[92.7008,12.3352],[92.7204,12.3003],[92.889,12.3252],[92.8296,12.4199],[92.9412,12.449],[92.9753,12.5423],[92.9686,12.7398],[92.9274,12.8847],[92.7922,12.8899],[92.733,12.832],[92.7223,12.7826],[92.744,12.6711],[92.705,12.6085],[92.7008,12.3352]],[[93.036,13.0909],[93.0716,13.3476],[93.0364,13.4169],[93.027,13.5787],[92.9199,13.5375],[92.8274,13.3299],[92.793,13.0584],[92.8026,12.8989],[92.9704,13.0159],[93.036,13.0909]],[[73.1661,-0.6932],[73.1515,-0.6881],[73.1545,-0.7034],[73.1661,-0.6932]],[[46.5147,-25.1649],[46.6354,-25.1998],[46.7698,-25.158],[47.003,-24.9969],[47.1078,-24.9645],[47.1241,-24.8694],[47.2824,-24.5382],[47.3052,-24.4274],[47.4173,-24.1311],[47.4807,-24.0362],[47.5908,-23.788],[47.6536,-23.4561],[47.7377,-23.2361],[47.855,-22.7515],[47.8927,-22.4849],[47.9585,-22.2906],[48.1954,-21.7342],[48.3083,-21.4112],[48.3488,-21.2332],[48.4425,-20.9937],[48.5003,-20.7115],[48.5503,-20.5397],[48.6894,-20.1807],[48.8236,-19.9117],[48.8165,-19.8345],[48.8598,-19.6162],[48.9856,-19.3272],[49.0048,-19.2095],[49.2985,-18.4742],[49.3381,-18.4083],[49.4296,-17.9754],[49.5208,-17.696],[49.4965,-17.6637],[49.4537,-17.4148],[49.4155,-17.3813],[49.4491,-17.2368],[49.5313,-17.037],[49.6317,-16.8854],[49.805,-16.8504],[49.7246,-16.7533],[49.8397,-16.5621],[49.8551,-16.441],[49.8159,-16.3317],[49.8582,-16.2212],[49.7055,-16.1222],[49.6739,-16.0422],[49.7311,-15.906],[49.7032,-15.8718],[49.6168,-15.5515],[49.73,-15.4447],[49.8641,-15.4257],[49.8908,-15.5608],[49.9664,-15.6377],[49.9594,-15.7315],[50.0196,-15.788],[50.024,-15.8855],[50.1435,-15.9436],[50.2231,-15.9489],[50.2993,-15.8389],[50.4277,-15.549],[50.4825,-15.3328],[50.471,-15.2105],[50.335,-15.0325],[50.2614,-14.8684],[50.183,-14.5844],[50.1802,-14.4092],[50.2017,-14.3029],[50.1446,-14.2383],[50.1658,-14.0659],[50.1375,-14.0061],[50.1427,-13.8535],[50.0857,-13.6308],[50.0196,-13.4989],[50.0221,-13.393],[49.9198,-13.2037],[49.929,-13.0452],[49.7973,-12.8821],[49.7865,-12.8085],[49.5429,-12.636],[49.5846,-12.5157],[49.5063,-12.3561],[49.4145,-12.3412],[49.3875,-12.2459],[49.2872,-12.2721],[49.3404,-12.0635],[49.242,-11.9547],[49.1778,-12.025],[49.194,-12.1458],[49.1379,-12.2726],[48.972,-12.3423],[48.9383,-12.4919],[48.8505,-12.4158],[48.7622,-12.3958],[48.7232,-12.4398],[48.86,-12.548],[48.8555,-12.6634],[48.9452,-12.8289],[48.9068,-12.9634],[48.8058,-13.1335],[48.8153,-13.2685],[48.7616,-13.4056],[48.6767,-13.4462],[48.4793,-13.4367],[48.525,-13.5265],[48.3232,-13.5647],[48.3003,-13.7993],[48.1765,-13.7627],[48.1525,-13.6398],[48.0834,-13.5793],[47.8939,-13.5921],[47.8582,-13.764],[47.892,-13.8991],[48.0019,-13.9552],[48.0273,-14.0639],[47.934,-14.2458],[47.8452,-14.2581],[47.7194,-14.3406],[47.6914,-14.4428],[47.7525,-14.6191],[47.4715,-15.0901],[47.3963,-15.1027],[47.3989,-14.9843],[47.5154,-14.8192],[47.501,-14.7184],[47.4513,-14.6769],[47.2798,-14.8598],[47.2851,-14.9344],[47.1987,-15.052],[47.1036,-15.1079],[47.0434,-15.2329],[47.1487,-15.293],[47.1793,-15.4782],[46.9883,-15.4258],[47.0712,-15.34],[46.9691,-15.2879],[46.9439,-15.1987],[46.8681,-15.2313],[46.3528,-15.6251],[46.307,-15.7266],[46.314,-15.8372],[46.3861,-15.8475],[46.5178,-15.9776],[46.5374,-16.0611],[46.3348,-16.0014],[46.2329,-15.8203],[46.19,-15.706],[46.0911,-15.7196],[46.0063,-15.8068],[45.8846,-15.7638],[45.675,-15.788],[45.6112,-15.8458],[45.6163,-15.9654],[45.5417,-15.9518],[45.4168,-15.9868],[45.3169,-16.1193],[45.2677,-15.9366],[45.1343,-16.0037],[45.0148,-16.1254],[44.8762,-16.1935],[44.7639,-16.2031],[44.4495,-16.1878],[44.4071,-16.3477],[44.4707,-16.5005],[44.4312,-16.5684],[44.4397,-16.6771],[44.3199,-16.8361],[44.2066,-17.0457],[44.0996,-17.1652],[44.0878,-17.2343],[43.9989,-17.3484],[43.9284,-17.513],[43.9567,-17.6976],[44.0257,-17.7625],[44.0112,-17.9158],[44.018,-18.1112],[44.0489,-18.2675],[44.0407,-18.399],[44.1366,-18.5249],[44.2501,-18.7926],[44.2341,-18.9672],[44.2731,-19.1662],[44.3563,-19.3115],[44.4151,-19.3565],[44.5058,-19.6593],[44.4208,-19.7228],[44.3978,-19.7971],[44.4649,-19.8289],[44.4805,-19.9191],[44.4466,-20.0458],[44.3003,-20.2418],[44.2443,-20.3809],[44.1139,-20.4867],[44.0452,-20.7104],[43.9727,-20.7453],[43.9029,-20.8559],[43.8349,-21.1514],[43.7558,-21.2695],[43.5924,-21.272],[43.4989,-21.3174],[43.4618,-21.4812],[43.461,-21.6509],[43.3481,-21.7499],[43.3179,-21.9142],[43.244,-22.0347],[43.2282,-22.3261],[43.2608,-22.3715],[43.2836,-22.5544],[43.3705,-22.8457],[43.4815,-22.9867],[43.5909,-23.0654],[43.6422,-23.3577],[43.7669,-23.4619],[43.8677,-23.4509],[43.8489,-23.5565],[43.6583,-23.6137],[43.6332,-23.7503],[43.6773,-24.0398],[43.6627,-24.2395],[43.6833,-24.3755],[43.933,-24.6315],[43.9205,-24.7357],[44.0196,-24.8718],[44.0271,-25.0011],[44.1116,-25.0802],[44.1628,-25.0675],[44.3214,-25.1556],[44.4322,-25.2698],[44.8073,-25.3405],[44.936,-25.4175],[44.9623,-25.4686],[45.1063,-25.5281],[45.1394,-25.5958],[45.4783,-25.5797],[45.6047,-25.543],[45.87,-25.3675],[46.2173,-25.2205],[46.5147,-25.1649]],[[98.8039,-1.5186],[98.8736,-1.6754],[99.1056,-1.8066],[99.2852,-1.7519],[99.2932,-1.6364],[99.1941,-1.5661],[99.1482,-1.4004],[99.0977,-1.362],[99.0029,-1.1141],[98.9492,-1.0834],[98.933,-0.9395],[98.8961,-0.9059],[98.8067,-0.9537],[98.6633,-0.9798],[98.6501,-1.107],[98.6023,-1.2253],[98.8039,-1.5186]],[[99.8261,-2.31],[99.7214,-2.1828],[99.692,-2.0759],[99.61,-2.0189],[99.545,-2.0714],[99.5503,-2.2078],[99.5994,-2.2825],[99.7447,-2.3476],[99.8261,-2.31]],[[41.0001,-2.2094],[41.012,-2.1496],[41.1427,-2.1305],[41.0866,-2.0422],[40.9719,-2.1115],[41.0001,-2.2094]],[[100.1774,-2.6527],[99.9849,-2.5045],[100.0118,-2.7271],[99.9901,-2.7875],[100.0742,-2.8425],[100.2232,-2.7521],[100.1774,-2.6527]],[[100.4723,-3.1441],[100.4691,-3.0282],[100.2233,-2.7851],[100.1782,-2.7983],[100.2262,-3.0374],[100.3327,-3.1333],[100.3267,-3.2303],[100.4723,-3.1441]],[[55.3964,-4.649],[55.5159,-4.7507],[55.5336,-4.6828],[55.4316,-4.5854],[55.3964,-4.649]],[[39.6379,-5.4346],[39.7057,-5.4561],[39.7943,-5.3958],[39.8394,-5.2697],[39.8767,-4.9834],[39.6784,-4.884],[39.6693,-4.9496],[39.7138,-5.0575],[39.7242,-5.2427],[39.6423,-5.3392],[39.6379,-5.4346]],[[102.1361,-5.2963],[102.0878,-5.3562],[102.2288,-5.4621],[102.3589,-5.5062],[102.3829,-5.3877],[102.1361,-5.2963]],[[39.311,-6.2415],[39.387,-6.3683],[39.5154,-6.477],[39.5818,-6.386],[39.5357,-6.199],[39.4557,-6.194],[39.431,-6.0627],[39.356,-5.9175],[39.3465,-5.7757],[39.2894,-5.7471],[39.2744,-5.8649],[39.1833,-5.9123],[39.2147,-6.0943],[39.1985,-6.2232],[39.311,-6.2415]],[[39.9067,-7.7114],[39.8887,-7.6675],[39.7931,-7.8008],[39.7079,-7.819],[39.6699,-7.9022],[39.8317,-7.9148],[39.9067,-7.7114]],[[125.124,-14.4877],[125.0983,-14.6115],[125.2148,-14.6072],[125.2127,-14.5102],[125.124,-14.4877]],[[124.6556,-15.3993],[124.5618,-15.2547],[124.4755,-15.3541],[124.6556,-15.3993]],[[59.7141,-16.4909],[59.6085,-16.4158],[59.6384,-16.5826],[59.7141,-16.4909]],[[63.508,-19.7068],[63.3854,-19.6748],[63.2882,-19.7295],[63.3402,-19.836],[63.4284,-19.8233],[63.508,-19.7068]],[[57.409,-20.5213],[57.5859,-20.5167],[57.7398,-20.4421],[57.8301,-20.3392],[57.8184,-20.239],[57.7261,-20.0431],[57.622,-19.9755],[57.5412,-20.0039],[57.4843,-20.1535],[57.4032,-20.1965],[57.3059,-20.4819],[57.409,-20.5213]],[[115.4703,-20.7135],[115.4338,-20.6668],[115.3212,-20.808],[115.3764,-20.8949],[115.4478,-20.8286],[115.4703,-20.7135]],[[55.5427,-21.3687],[55.6446,-21.3894],[55.8071,-21.3391],[55.8373,-21.1836],[55.7031,-21.0174],[55.666,-20.9257],[55.574,-20.8929],[55.4483,-20.8719],[55.2831,-20.9271],[55.2205,-21.0772],[55.3389,-21.281],[55.5427,-21.3687]],[[113.0767,-25.7679],[112.9938,-25.5002],[112.9712,-25.4803],[112.9268,-25.5272],[112.967,-25.783],[113.0419,-25.9193],[113.1474,-25.8873],[113.0767,-25.7679]],[[37.804,-46.8371],[37.6818,-46.8269],[37.5971,-46.8953],[37.6263,-46.9707],[37.834,-46.982],[37.9068,-46.8994],[37.804,-46.8371]],[[68.7371,-49.088],[68.7992,-49.1225],[68.7322,-49.3596],[68.8953,-49.429],[68.7377,-49.6696],[68.8088,-49.734],[69.0857,-49.6907],[69.2167,-49.5681],[69.3589,-49.5713],[69.4272,-49.6439],[69.6897,-49.6552],[70.0789,-49.7357],[70.2511,-49.6673],[70.3096,-49.5579],[70.1334,-49.5101],[69.9367,-49.5937],[69.7998,-49.5404],[69.8163,-49.4042],[70.3425,-49.3458],[70.4448,-49.382],[70.5573,-49.2431],[70.4984,-49.0854],[70.3194,-49.0503],[70.2153,-49.1576],[70.0989,-49.1178],[69.9902,-49.1383],[69.771,-49.2684],[69.5952,-49.277],[69.4444,-49.2361],[69.478,-49.131],[69.6441,-49.1074],[69.6532,-49.0473],[69.5099,-49.0254],[69.3534,-49.0864],[69.1765,-49.0986],[69.0977,-48.9912],[69.1229,-48.8798],[69.0111,-48.6589],[68.9411,-48.7555],[68.7812,-48.8457],[68.8614,-48.9547],[68.7863,-48.9758],[68.7371,-49.088]],[[69.4126,-48.9342],[69.3485,-48.8837],[69.1936,-48.9916],[69.2153,-49.0724],[69.3433,-49.0836],[69.4126,-48.9342]],[[73.5361,-53.0141],[73.3665,-53.0185],[73.2768,-52.9763],[73.363,-53.0215],[73.4072,-53.1403],[73.6015,-53.1874],[73.7378,-53.1155],[73.5361,-53.0141]],[[108.8156,-7.7352],[109.0408,-7.785],[108.8641,-7.675],[108.8156,-7.7352]],[[98.3444,-0.5401],[98.4218,-0.5972],[98.505,-0.4961],[98.5222,-0.3606],[98.4411,-0.2892],[98.3837,-0.343],[98.3444,-0.5401]],[[98.6527,0.0741],[98.7317,0.0713],[98.811,0.1612],[98.6024,0.1798],[98.5359,0.1019],[98.6527,0.0741]],[[97.8971,1.0538],[97.8007,1.1506],[97.6884,1.1801],[97.4888,1.4731],[97.3443,1.4792],[97.1551,1.3623],[97.3688,1.0808],[97.4104,0.9635],[97.487,0.9386],[97.6339,0.7964],[97.71,0.5612],[97.8237,0.5437],[97.9006,0.6282],[97.8869,0.7424],[97.9024,0.8936],[97.947,0.9556],[97.8971,1.0538]],[[97.3588,2.0992],[97.2998,2.229],[97.1749,2.1768],[97.2625,2.115],[97.3588,2.0992]],[[96.2534,2.5856],[96.103,2.7439],[95.9011,2.8234],[95.9038,2.8966],[95.786,2.925],[95.7657,2.8463],[95.6946,2.7789],[95.8402,2.6218],[95.9494,2.5696],[96.0164,2.589],[96.1506,2.5179],[96.227,2.444],[96.3102,2.4227],[96.3144,2.359],[96.4438,2.331],[96.4992,2.3644],[96.4723,2.4502],[96.387,2.4659],[96.3387,2.5521],[96.2534,2.5856]],[[43.5176,-11.8909],[43.3917,-11.6122],[43.4107,-11.4097],[43.3822,-11.3702],[43.2793,-11.3966],[43.2392,-11.7809],[43.3123,-11.8589],[43.3833,-11.8631],[43.4565,-11.9387],[43.5176,-11.8909]],[[44.419,-12.1026],[44.4189,-12.1539],[44.308,-12.1972],[44.5276,-12.382],[44.5211,-12.1984],[44.4661,-12.0684],[44.419,-12.1026]],[[43.6836,-12.3636],[43.8569,-12.3862],[43.853,-12.3418],[43.7343,-12.2704],[43.6342,-12.3192],[43.6836,-12.3636]],[[45.0917,-12.7882],[45.0677,-12.9002],[45.1529,-13.0008],[45.2195,-12.8782],[45.2429,-12.7477],[45.1329,-12.7185],[45.0917,-12.7882]],[[48.2534,-13.2111],[48.1828,-13.3029],[48.1897,-13.3698],[48.2617,-13.4159],[48.3494,-13.3823],[48.332,-13.2813],[48.2534,-13.2111]],[[39.9159,-16.2818],[39.7995,-16.3355],[39.8985,-16.4192],[39.9159,-16.2818]],[[36.4503,-18.5725],[36.362,-18.6249],[36.247,-18.6144],[36.2124,-18.6804],[36.2891,-18.7949],[36.3902,-18.7796],[36.4503,-18.5725]],[[98.4302,8.0425],[98.3047,8.1927],[98.2746,7.987],[98.309,7.7588],[98.3458,7.823],[98.4398,7.8819],[98.3942,7.9787],[98.4302,8.0425]],[[99.0181,7.8278],[99.0419,7.7022],[99.1031,7.6967],[99.13,7.7833],[99.0514,7.8519],[99.0181,7.8278]],[[99.712,6.3612],[99.808,6.32],[99.9113,6.3289],[99.8938,6.4146],[99.8189,6.4644],[99.712,6.3612]],[[100.2031,5.4631],[100.1965,5.3113],[100.2919,5.28],[100.3183,5.3872],[100.2561,5.4831],[100.2031,5.4631]],[[101.6154,1.6881],[101.7322,1.7638],[101.78,1.9784],[101.705,2.0957],[101.6383,2.1141],[101.5646,2.0461],[101.4769,2.0657],[101.3975,2.0054],[101.3832,1.9113],[101.4549,1.7255],[101.6154,1.6881]],[[102.4974,1.4689],[102.4078,1.5382],[102.1858,1.5692],[102.0286,1.6089],[102.019,1.5503],[102.1067,1.466],[102.2954,1.4282],[102.3971,1.3235],[102.5083,1.2543],[102.4974,1.4689]],[[102.2774,1.0029],[102.3924,0.9135],[102.4832,0.9535],[102.4397,1.0636],[102.4863,1.2011],[102.4684,1.2551],[102.2953,1.41],[102.2154,1.4143],[102.2052,1.2772],[102.2494,1.1759],[102.2361,1.102],[102.2774,1.0029]],[[102.6076,1.005],[102.5438,1.124],[102.4632,1.0547],[102.5002,0.9507],[102.6076,1.005]],[[67.4976,24.0381],[67.4607,23.9716],[67.6087,23.9206],[67.6643,23.949],[67.6507,24.0621],[67.5647,24.0734],[67.4976,24.0381]],[[67.713,23.9181],[67.7548,23.8385],[67.9017,23.9749],[67.839,24.0743],[67.7366,24.0388],[67.713,23.9181]],[[67.864,23.9041],[67.9504,23.7919],[68.0338,23.7777],[68.0379,23.9038],[67.9609,23.9946],[67.864,23.9041]],[[68.2031,23.5946],[68.3467,23.5978],[68.4186,23.7242],[68.3358,23.7258],[68.2031,23.5946]],[[68.1881,23.835],[68.0855,23.8051],[68.0705,23.7067],[68.1489,23.7046],[68.1881,23.835]],[[58.9466,20.494],[58.8927,20.6974],[58.8648,20.6169],[58.6344,20.344],[58.6369,20.165],[58.7824,20.2739],[58.8268,20.4222],[58.9466,20.494]],[[53.7518,12.3014],[54.0251,12.3475],[54.1406,12.3513],[54.2587,12.439],[54.3901,12.4603],[54.4803,12.5436],[54.1285,12.6918],[53.8487,12.6003],[53.7325,12.6398],[53.6514,12.7017],[53.5429,12.7136],[53.3977,12.6553],[53.3974,12.5636],[53.3162,12.5224],[53.4658,12.4398],[53.5586,12.3406],[53.7518,12.3014]],[[70.3801,23.083],[70.3632,23.1049],[70.3056,23.0983],[70.2893,23.106],[70.2305,23.0789],[70.2365,22.9796],[70.3505,22.9308],[70.3933,22.9627],[70.3948,23.0298],[70.367,23.0357],[70.3766,23.0585],[70.371,23.0685],[70.3801,23.083]],[[70.4052,23.0528],[70.5035,23.1153],[70.4452,23.1693],[70.3739,23.1541],[70.3538,23.108],[70.3648,23.1054],[70.38,23.0897],[70.3815,23.0804],[70.3735,23.0646],[70.3945,23.0642],[70.4052,23.0528]],[[97.4383,16.4825],[97.4858,16.2411],[97.5564,16.2911],[97.6006,16.4931],[97.54,16.4969],[97.4383,16.4825]],[[95.8013,16.4612],[95.7617,16.4806],[95.7344,16.4703],[95.7373,16.4156],[95.6841,16.3445],[95.7377,16.1411],[95.8409,16.1906],[95.8879,16.2431],[95.9233,16.3977],[95.8781,16.4169],[95.862,16.4312],[95.8543,16.4643],[95.8013,16.4612]],[[95.6393,16.4163],[95.6367,16.3857],[95.6287,16.3806],[95.6127,16.3894],[95.6042,16.3728],[95.5796,16.3654],[95.5636,16.368],[95.5602,16.3641],[95.5575,16.3477],[95.5371,16.3318],[95.4732,16.3198],[95.4547,16.3025],[95.4433,16.305],[95.4284,16.3244],[95.4155,16.3046],[95.3926,16.2987],[95.3905,16.2413],[95.3306,16.0992],[95.3468,15.9418],[95.2673,15.8046],[95.2787,15.7274],[95.4587,15.7397],[95.6427,15.9245],[95.738,16.1186],[95.6829,16.285],[95.6804,16.3361],[95.6984,16.3842],[95.6631,16.39],[95.6557,16.4121],[95.6393,16.4163]],[[94.9083,15.9248],[94.8516,15.7604],[94.958,15.7447],[94.9744,15.8815],[94.9083,15.9248]],[[94.4587,16.0319],[94.3859,16.0052],[94.4013,15.8359],[94.4994,15.9833],[94.5772,16.0084],[94.6453,16.1204],[94.6442,16.2536],[94.5164,16.1283],[94.4587,16.0319]],[[94.6042,15.9279],[94.6418,15.8642],[94.7197,15.8556],[94.8348,16.074],[94.7611,16.1011],[94.7185,16.0104],[94.6042,15.9279]],[[94.9526,16.202],[94.8918,16.1932],[94.856,16.1147],[95.0432,16.1902],[95.1343,16.3728],[95.0427,16.3628],[95.0472,16.3339],[95.022,16.2666],[94.9526,16.202]],[[95.2465,16.5278],[95.311,16.6237],[95.2147,16.6245],[95.1085,16.5306],[95.0557,16.3879],[95.2465,16.5278]],[[95.1455,16.2958],[95.1355,16.2677],[95.1487,16.2507],[95.1493,16.2362],[95.1402,16.2282],[95.2005,16.2185],[95.2731,16.3675],[95.2516,16.4175],[95.305,16.5203],[95.4064,16.5951],[95.3446,16.6765],[95.2518,16.5287],[95.1932,16.4791],[95.1895,16.3926],[95.1375,16.3747],[95.125,16.3207],[95.1455,16.2958]],[[95.4179,16.3188],[95.4314,16.3262],[95.5351,16.3336],[95.5614,16.3682],[95.569,16.3694],[95.58,16.367],[95.5897,16.3747],[95.604,16.3746],[95.6085,16.3866],[95.6118,16.3906],[95.6175,16.3897],[95.6346,16.3852],[95.6381,16.4183],[95.6557,16.4138],[95.6648,16.3898],[95.697,16.3945],[95.7363,16.4166],[95.732,16.4686],[95.7383,16.476],[95.7578,16.4829],[95.8197,16.4651],[95.8309,16.5077],[95.8811,16.5483],[95.8854,16.6139],[95.8062,16.6311],[95.776,16.6254],[95.7792,16.6612],[95.7676,16.6992],[95.7259,16.7318],[95.6678,16.7186],[95.6408,16.7694],[95.6649,16.824],[95.5516,16.8369],[95.4824,16.7399],[95.4045,16.6722],[95.4125,16.5894],[95.3095,16.516],[95.313,16.34],[95.4094,16.3036],[95.4179,16.3188]],[[95.9177,16.4105],[95.9771,16.416],[96.1072,16.3252],[96.2559,16.3594],[96.3281,16.4587],[96.2602,16.5211],[96.1903,16.749],[96.1449,16.7672],[95.9697,16.7143],[95.9321,16.7205],[95.859,16.6461],[95.8892,16.618],[95.8852,16.5431],[95.828,16.4959],[95.8608,16.4679],[95.8774,16.422],[95.9177,16.4105]],[[96.0762,16.3144],[95.9916,16.3897],[95.9476,16.2459],[96.0762,16.3144]],[[95.1751,15.7718],[95.2636,16.0279],[95.3216,16.1002],[95.3113,16.1832],[95.3852,16.2402],[95.3833,16.3128],[95.2974,16.3413],[95.2716,16.1626],[95.1814,16.0816],[95.1272,15.9837],[95.1147,15.8031],[95.1751,15.7718]],[[95.1439,16.2371],[95.1311,16.2719],[95.1416,16.2959],[95.1192,16.3015],[95.0087,16.1362],[94.9441,16.1166],[94.9458,16.0476],[95.0201,16.0237],[95.1092,16.1119],[95.134,16.17],[95.1155,16.1973],[95.1439,16.2371]],[[98.4653,12.5549],[98.3901,12.578],[98.378,12.6628],[98.3058,12.6875],[98.296,12.6198],[98.332,12.4544],[98.3031,12.3458],[98.3369,12.3121],[98.4569,12.4496],[98.4653,12.5549]],[[98.5963,12.4767],[98.6117,12.4108],[98.7762,12.3142],[98.7572,12.4777],[98.6776,12.51],[98.5963,12.4767]],[[98.8069,12.3083],[98.7591,12.2114],[98.7958,12.1627],[98.8614,12.2033],[98.8522,12.2483],[98.8367,12.2865],[98.8069,12.3083]],[[98.7439,12.1785],[98.7666,12.269],[98.6706,12.3193],[98.5637,12.3016],[98.5978,12.1951],[98.686,12.2425],[98.7439,12.1785]],[[98.4741,11.8756],[98.5467,11.9151],[98.4371,12.1123],[98.4393,11.9891],[98.4741,11.8756]],[[98.7294,11.8729],[98.6065,11.8504],[98.6287,11.795],[98.7242,11.749],[98.8013,11.807],[98.7926,11.8613],[98.7294,11.8729]],[[98.541,11.6697],[98.5144,11.8111],[98.3972,11.7909],[98.3769,11.654],[98.4354,11.5624],[98.5483,11.6107],[98.541,11.6697]],[[98.2755,11.5036],[98.2671,11.7345],[98.1912,11.5754],[98.2755,11.5036]],[[92.7644,12.0634],[92.8755,12.1931],[92.8728,12.3012],[92.8089,12.3127],[92.7424,12.2453],[92.7674,12.1849],[92.7644,12.0634]],[[98.2615,10.0662],[98.1702,10.011],[98.2506,9.9514],[98.2615,10.0662]],[[92.7239,9.2183],[92.7317,9.1244],[92.7894,9.1169],[92.8208,9.2092],[92.7239,9.2183]],[[93.4655,7.928],[93.3267,8.0024],[93.3556,7.8893],[93.4655,7.928]],[[93.6324,7.3704],[93.629,7.2658],[93.7249,7.3099],[93.7564,7.3743],[93.711,7.4451],[93.6324,7.3704]],[[42.0576,16.6955],[42.1763,16.6676],[42.0848,16.8189],[42.02,16.7375],[41.9045,16.7496],[41.8545,16.8429],[41.7765,16.8051],[41.9659,16.6693],[42.0576,16.6955]],[[40.4138,15.6311],[40.2968,15.6955],[40.2495,15.6198],[40.1552,15.6445],[40.1394,15.777],[40.0366,15.8486],[40.0007,15.7371],[40.1216,15.6003],[40.3171,15.5615],[40.4263,15.5615],[40.4138,15.6311]],[[42.7465,13.9109],[42.7941,14.0297],[42.7591,14.0714],[42.6797,14.0101],[42.7465,13.9109]],[[80.3343,9.6941],[80.2521,9.8255],[80.0361,9.8184],[79.9069,9.7675],[80.019,9.6502],[80.0987,9.6177],[80.1696,9.6566],[80.3776,9.5243],[80.4997,9.5556],[80.3343,9.6941]],[[81.9443,16.3951],[81.9652,16.5135],[81.8608,16.5399],[81.7557,16.4146],[81.7385,16.3193],[81.9443,16.3951]],[[81.8577,16.7627],[81.8651,16.6102],[81.9667,16.5281],[81.9786,16.4117],[82.2859,16.5571],[82.2781,16.636],[81.9533,16.6964],[81.8577,16.7627]],[[93.7014,18.6706],[93.7506,18.7324],[93.738,18.8523],[93.6103,18.9115],[93.4782,18.8723],[93.5441,18.7677],[93.7014,18.6706]],[[93.6324,19.3366],[93.6079,19.4068],[93.5128,19.4327],[93.4751,19.3528],[93.6621,19.0281],[93.8349,18.9302],[93.9388,18.8811],[93.9859,18.9717],[93.9681,19.1254],[93.8543,19.2508],[93.8123,19.2255],[93.6324,19.3366]],[[93.6654,19.5205],[93.6478,19.4449],[93.7663,19.3031],[93.8644,19.3042],[93.8569,19.4292],[93.7409,19.5506],[93.6654,19.5205]],[[93.883,19.4726],[93.8867,19.3554],[93.9728,19.4104],[93.883,19.4726]],[[93.4946,19.7616],[93.5333,19.9185],[93.429,19.8715],[93.4946,19.7616]],[[93.1024,19.9659],[93.1384,19.9963],[93.0693,20.1216],[92.984,20.0659],[93.1641,19.8039],[93.1024,19.9659]],[[93.1759,20.1937],[93.0837,20.1756],[93.1285,20.0772],[93.234,20.1149],[93.1759,20.1937]],[[93.3103,20.4173],[93.2998,20.4614],[93.2823,20.4845],[93.2668,20.4786],[93.2667,20.4513],[93.2586,20.4474],[93.2533,20.4332],[93.2317,20.4145],[93.2086,20.3249],[93.2196,20.309],[93.1641,20.1934],[93.2399,20.3128],[93.2839,20.3302],[93.275,20.3523],[93.3129,20.3848],[93.3245,20.4022],[93.3103,20.4173]],[[93.299,20.2201],[93.3092,20.1892],[93.3182,20.1126],[93.4134,20.1289],[93.3223,20.3318],[93.2643,20.3068],[93.2762,20.2772],[93.2663,20.2583],[93.2839,20.2515],[93.2902,20.2284],[93.299,20.2201]],[[93.2847,20.2094],[93.2848,20.2416],[93.2657,20.2567],[93.1768,20.196],[93.2371,20.1151],[93.2159,20.0288],[93.3071,20.0418],[93.3481,20.0684],[93.3111,20.1158],[93.3016,20.156],[93.3036,20.2049],[93.2847,20.2094]],[[86.8344,20.667],[86.8259,20.6735],[86.8059,20.6757],[86.8228,20.6477],[86.8157,20.6366],[86.7943,20.6453],[86.7713,20.6424],[86.7686,20.6223],[86.7151,20.5949],[86.7106,20.5652],[86.7384,20.5238],[86.7755,20.5177],[86.9998,20.677],[86.934,20.7108],[86.8711,20.6676],[86.851,20.6532],[86.8404,20.652],[86.8344,20.667]],[[86.8398,20.6543],[86.8515,20.6552],[86.8938,20.6958],[86.9418,20.7167],[86.9936,20.7096],[86.9947,20.7686],[86.8303,20.7599],[86.7777,20.6469],[86.8219,20.6472],[86.8036,20.6766],[86.8172,20.6769],[86.8299,20.6726],[86.8364,20.6659],[86.8398,20.6543]],[[88.2176,21.7622],[88.2437,21.568],[88.286,21.5617],[88.3115,21.6722],[88.2176,21.7622]],[[88.155,21.6507],[88.1698,21.8174],[88.1219,21.8652],[88.0443,21.7181],[88.1159,21.626],[88.155,21.6507]],[[88.6829,22.0802],[88.7894,22.1691],[88.6981,22.2087],[88.6342,22.1062],[88.6785,22.0217],[88.6829,22.0802]],[[88.8205,22.3596],[88.8042,22.3295],[88.8116,22.3206],[88.8122,22.3138],[88.805,22.2952],[88.8202,22.2691],[88.8992,22.1775],[88.9375,22.2978],[88.8918,22.3428],[88.8509,22.3626],[88.8364,22.3583],[88.8205,22.3596]],[[88.9986,22.43],[88.9599,22.5487],[88.8946,22.5577],[88.9275,22.4035],[88.9986,22.43]],[[89.3473,22.4549],[89.3437,22.464],[89.335,22.4593],[89.3217,22.4637],[89.2969,22.4609],[89.269,22.4502],[89.2466,22.448],[89.2409,22.4276],[89.2685,22.3725],[89.2764,22.3453],[89.2734,22.3187],[89.3082,22.2164],[89.4161,22.3207],[89.3633,22.3709],[89.3633,22.4407],[89.3686,22.4553],[89.354,22.4514],[89.3473,22.4549]],[[89.4734,22.3063],[89.5393,22.2023],[89.6245,22.3449],[89.565,22.5528],[89.4818,22.5403],[89.4332,22.3567],[89.4734,22.3063]],[[89.4089,22.5857],[89.5307,22.6663],[89.487,22.7697],[89.4089,22.5857]],[[90.0296,22.2105],[90.0891,22.3454],[90.1921,22.4965],[90.1752,22.6283],[90.3405,22.6481],[90.4325,22.7359],[90.3418,22.8247],[90.274,22.8039],[90.2216,22.8267],[90.172,22.8195],[90.1511,22.7778],[90.1093,22.7659],[90.0671,22.67],[90.0755,22.6441],[90.0322,22.5973],[90.0276,22.504],[89.9128,22.3799],[89.8716,22.2879],[89.9112,22.1387],[89.9006,22.0704],[89.9718,22.0163],[90.0221,22.0797],[90.0296,22.2105]],[[90.3474,23.0144],[90.3415,22.9826],[90.3635,22.9154],[90.3588,22.8459],[90.4584,22.9801],[90.4244,22.9896],[90.4171,22.9986],[90.3932,23.0041],[90.3552,23.0246],[90.3474,23.0144]],[[90.54,23.2817],[90.4459,23.3112],[90.2994,23.4213],[90.108,23.4406],[90.1239,23.2954],[90.2052,23.252],[90.2222,23.2207],[90.2107,23.1831],[90.2399,23.1737],[90.251,23.131],[90.2763,23.1302],[90.2989,23.11],[90.3243,23.1101],[90.3334,23.1068],[90.3311,23.0961],[90.3163,23.0841],[90.3301,23.0677],[90.3478,23.0223],[90.3543,23.0273],[90.3664,23.0273],[90.4154,23.0055],[90.4849,23.0272],[90.5876,23.1769],[90.54,23.2817]],[[90.7084,23.4375],[90.6926,23.4818],[90.6847,23.4873],[90.6682,23.4904],[90.6459,23.503],[90.5924,23.4803],[90.5958,23.4239],[90.6375,23.3368],[90.7454,23.3972],[90.7282,23.4241],[90.7164,23.4308],[90.7101,23.4316],[90.7084,23.4375]],[[90.621,22.5677],[90.6692,22.5309],[90.6774,22.2766],[90.6253,22.1874],[90.5976,22.0452],[90.6953,22.0053],[90.8238,22.1518],[90.8407,22.3676],[90.8671,22.4346],[90.7017,22.6551],[90.6419,22.8681],[90.5336,22.8898],[90.4554,22.8023],[90.5186,22.7098],[90.5963,22.6898],[90.621,22.5677]],[[91.5747,22.4367],[91.4597,22.6108],[91.428,22.5022],[91.4793,22.4004],[91.5747,22.4367]],[[91.1322,22.385],[91.0672,22.42],[91.0683,22.2472],[91.0175,22.1217],[91.1369,22.1314],[91.1919,22.2844],[91.1322,22.385]],[[88.9762,21.8692],[88.9148,21.9279],[88.8394,21.9064],[88.891,21.8127],[88.9762,21.8692]],[[88.762,22.0149],[88.7517,21.9591],[88.8513,21.9197],[88.903,22.0112],[88.762,22.0149]],[[89.6661,22.0564],[89.5941,22.0861],[89.5503,21.9734],[89.6405,21.9591],[89.6661,22.0564]],[[89.669,22.3596],[89.6304,22.3263],[89.5929,22.2755],[89.6095,22.16],[89.7316,22.2699],[89.6991,22.2774],[89.7053,22.306],[89.6956,22.3109],[89.6778,22.3332],[89.669,22.3596]],[[89.7149,21.9604],[89.7484,21.8555],[89.8428,21.9569],[89.8238,22.0505],[89.742,22.0493],[89.7149,21.9604]],[[90.2832,22.3718],[90.2549,22.3379],[90.2131,22.3355],[90.2397,22.1891],[90.2164,22.1201],[90.1584,22.1142],[90.0922,22.0446],[90.0242,21.9244],[90.0765,21.8622],[90.1515,21.9803],[90.3096,21.9847],[90.3783,22.0835],[90.4104,22.3397],[90.2832,22.3718]],[[90.3019,22.4687],[90.3516,22.4749],[90.3368,22.5512],[90.4091,22.5783],[90.5028,22.7131],[90.4633,22.7519],[90.3466,22.6465],[90.1779,22.6227],[90.2129,22.5085],[90.0983,22.3462],[90.1151,22.3006],[90.0372,22.1319],[90.1366,22.1009],[90.1533,22.1238],[90.2051,22.1268],[90.206,22.3397],[90.2571,22.3551],[90.2618,22.3974],[90.3019,22.4687]],[[90.4334,22.0774],[90.5932,22.2652],[90.6251,22.3546],[90.5743,22.5443],[90.5096,22.5792],[90.4326,22.5047],[90.453,22.4152],[90.3868,22.1199],[90.4334,22.0774]],[[90.5982,22.1883],[90.4813,22.0517],[90.5908,22.0608],[90.5982,22.1883]],[[89.5734,21.9344],[89.5473,21.8759],[89.6826,21.7604],[89.7002,21.7928],[89.5734,21.9344]],[[89.4002,21.9627],[89.3477,21.8054],[89.4057,21.7213],[89.4742,21.7923],[89.4553,21.8596],[89.4002,21.9627]],[[90.1019,21.8217],[90.1632,21.8008],[90.2581,21.8409],[90.3043,21.9727],[90.211,21.9531],[90.0868,21.8593],[90.1019,21.8217]],[[90.2672,22.3773],[90.3606,22.3651],[90.4045,22.4253],[90.3098,22.4654],[90.2672,22.3773]],[[90.3795,22.4892],[90.5059,22.5871],[90.4722,22.6502],[90.3795,22.4892]],[[55.5653,26.715],[55.264,26.6262],[55.2808,26.5406],[55.4886,26.5888],[55.871,26.7358],[55.9429,26.6886],[56.1419,26.842],[56.2353,26.9796],[56.1516,26.9986],[55.8768,26.8978],[55.7924,26.944],[55.7663,26.7985],[55.6976,26.8071],[55.5653,26.715]],[[48.195,29.5856],[48.3024,29.6382],[48.3766,29.7437],[48.2747,29.9198],[48.1501,29.9844],[48.1499,29.871],[48.0817,29.8242],[48.195,29.5856]],[[49.0146,30.2888],[49.1952,30.2049],[49.2351,30.2582],[49.2509,30.2689],[49.2123,30.3373],[49.2054,30.3562],[49.0847,30.3562],[49.0146,30.2888]],[[50.6311,26.1383],[50.6728,26.1589],[50.5921,26.2503],[50.4397,26.229],[50.4852,26.0414],[50.4542,25.9744],[50.6066,25.8533],[50.6311,26.1383]],[[53.6334,24.1794],[53.7327,24.1301],[53.8971,24.1358],[53.973,24.1821],[53.8424,24.2659],[53.6334,24.1794]],[[143.8349,-39.9012],[143.9237,-40.1304],[144.097,-40.0477],[144.1391,-39.9332],[144.1008,-39.7543],[144.1105,-39.6757],[143.9489,-39.5782],[143.8695,-39.7051],[143.8349,-39.9012]],[[145.2888,-38.283],[145.29,-38.396],[145.3529,-38.4201],[145.4487,-38.3047],[145.2888,-38.283]],[[138.1235,-35.8326],[138.0065,-35.7264],[137.8924,-35.7581],[137.5994,-35.736],[137.6423,-35.653],[137.4906,-35.5794],[137.3285,-35.5779],[137.0703,-35.669],[136.784,-35.7001],[136.5886,-35.748],[136.5403,-35.8998],[136.7078,-36.0352],[136.9977,-36.0187],[137.1308,-36.0345],[137.189,-35.9792],[137.3791,-36.015],[137.4815,-36.0635],[137.6029,-36.0103],[137.5981,-35.938],[137.7429,-35.8523],[137.9095,-35.86],[138.0455,-35.903],[138.1235,-35.8326]],[[119.4352,-8.684],[119.4979,-8.5861],[119.5612,-8.5889],[119.5725,-8.497],[119.4227,-8.4441],[119.4459,-8.4839],[119.3797,-8.5826],[119.4352,-8.684]],[[120.1636,-8.7869],[120.2317,-8.8443],[120.3689,-8.8184],[120.6111,-8.826],[120.7544,-8.8937],[120.8508,-8.8361],[120.9521,-8.9429],[121.0368,-8.9552],[121.1404,-8.8979],[121.3681,-8.8819],[121.3882,-8.7891],[121.5894,-8.8038],[121.6425,-8.849],[121.7771,-8.8812],[121.8845,-8.8282],[122.0315,-8.7949],[122.0837,-8.7419],[122.4216,-8.7443],[122.6784,-8.6225],[122.8318,-8.5898],[122.8789,-8.385],[123.0207,-8.3048],[122.9615,-8.1962],[122.9696,-8.1299],[122.864,-8.0649],[122.7821,-8.1084],[122.7322,-8.2271],[122.8869,-8.1757],[122.8745,-8.2924],[122.7671,-8.3615],[122.603,-8.3923],[122.474,-8.6087],[122.2893,-8.6414],[122.1044,-8.5284],[121.9233,-8.49],[121.6749,-8.5098],[121.5408,-8.5854],[121.4291,-8.5871],[121.3447,-8.5475],[121.3069,-8.4809],[120.9976,-8.3947],[120.958,-8.3438],[120.7315,-8.3479],[120.6273,-8.2682],[120.2616,-8.2824],[120.1625,-8.3685],[120.0221,-8.3821],[119.8803,-8.4777],[119.8073,-8.5695],[119.8078,-8.7752],[119.9257,-8.8327],[120.1636,-8.7869]],[[123.3343,-8.2754],[123.1473,-8.2313],[123.034,-8.3066],[123.0284,-8.4001],[123.2946,-8.3884],[123.3343,-8.2754]],[[123.4244,-8.5772],[123.6405,-8.4027],[123.6759,-8.4276],[123.7562,-8.2965],[123.9233,-8.2505],[123.7911,-8.1712],[123.6992,-8.2168],[123.5899,-8.3478],[123.501,-8.343],[123.5567,-8.2406],[123.41,-8.2523],[123.3444,-8.3028],[123.3323,-8.4036],[123.2299,-8.5122],[123.4244,-8.5772]],[[124.2127,-8.4584],[124.2132,-8.4093],[124.3011,-8.3309],[124.3246,-8.2322],[124.2799,-8.1747],[124.1041,-8.3604],[124.0218,-8.316],[123.9639,-8.3483],[124.1181,-8.546],[124.2127,-8.4584]],[[124.4289,-8.4544],[124.5416,-8.4434],[124.6647,-8.3906],[124.7714,-8.4027],[125.0013,-8.3569],[125.1227,-8.3392],[125.1429,-8.251],[125.0945,-8.1469],[124.8298,-8.1657],[124.6898,-8.1577],[124.5971,-8.1929],[124.5491,-8.1225],[124.447,-8.1546],[124.3981,-8.2322],[124.429,-8.2907],[124.3415,-8.3918],[124.4289,-8.4544]],[[124.6679,-9.1205],[124.5282,-9.1861],[124.4484,-9.1669],[124.1866,-9.2493],[124.1561,-9.2958],[123.9946,-9.3416],[123.871,-9.4754],[123.6717,-9.6343],[123.6837,-9.6909],[123.6459,-9.8908],[123.5844,-9.9142],[123.5809,-10.0195],[123.7638,-10.0353],[123.7458,-10.0942],[123.5308,-10.1785],[123.4586,-10.3579],[123.5329,-10.3298],[123.7033,-10.3667],[123.8658,-10.3328],[124.0173,-10.2762],[124.1054,-10.1727],[124.17,-10.1542],[124.3431,-10.173],[124.4791,-10.1225],[124.5359,-10.0248],[124.7555,-9.8749],[124.8489,-9.7365],[124.9837,-9.6385],[125.0143,-9.5231],[125.14,-9.4197],[125.2101,-9.4107],[125.3935,-9.2637],[125.6012,-9.1861],[125.7015,-9.1945],[125.8529,-9.1245],[125.9367,-9.1347],[126.1427,-8.9944],[126.3049,-8.9823],[126.4799,-8.9465],[126.5664,-8.8217],[126.6733,-8.7648],[126.8216,-8.7606],[126.9641,-8.6806],[127.0135,-8.686],[127.1326,-8.5586],[127.3012,-8.4312],[127.2962,-8.3919],[127.1961,-8.3357],[127.0636,-8.3631],[126.9588,-8.3273],[126.7853,-8.4179],[126.7292,-8.4035],[126.5541,-8.4815],[126.4162,-8.4144],[126.2373,-8.5025],[126.0148,-8.5094],[125.8505,-8.4745],[125.7518,-8.5209],[125.5331,-8.5368],[125.2106,-8.6056],[125.1229,-8.6403],[125.0975,-8.7936],[125.0051,-8.8645],[124.9708,-8.9461],[124.6952,-9.0566],[124.6679,-9.1205]],[[127.6951,-8.1542],[127.6006,-8.2163],[127.6633,-8.238],[127.7539,-8.1999],[127.6951,-8.1542]],[[127.9433,-8.1456],[127.7879,-8.1036],[127.7926,-8.1828],[128.0459,-8.2593],[128.0777,-8.1371],[127.9433,-8.1456]],[[128.0797,-8.2586],[128.2342,-8.2667],[128.2175,-8.2072],[128.0797,-8.2586]],[[131.0304,-8.0763],[130.9169,-8.1413],[130.7588,-8.3423],[130.8099,-8.3436],[131.1455,-8.1566],[131.0304,-8.0763]],[[131.6194,-7.6489],[131.6786,-7.4497],[131.6512,-7.2328],[131.7176,-7.1641],[131.5846,-7.1256],[131.519,-7.1622],[131.4291,-7.3356],[131.2363,-7.4762],[131.1676,-7.6557],[131.1056,-7.7077],[131.0794,-7.8758],[131.1034,-7.9967],[131.2275,-8.0081],[131.2859,-7.9244],[131.5465,-7.7255],[131.6194,-7.6489]],[[131.7539,-7.1158],[131.7197,-7.1625],[131.9014,-7.1844],[131.9168,-7.1032],[131.7539,-7.1158]],[[130.5013,-11.6642],[130.5562,-11.6731],[130.6838,-11.7936],[130.8527,-11.8519],[130.9789,-11.9371],[131.0828,-11.8366],[131.1822,-11.7915],[131.3325,-11.6837],[131.3864,-11.5893],[131.4758,-11.6041],[131.4741,-11.3948],[131.4355,-11.3121],[131.2893,-11.1996],[131.1497,-11.2506],[131.0415,-11.3183],[131.0316,-11.3701],[130.8966,-11.3102],[130.8339,-11.3593],[130.56,-11.3896],[130.5945,-11.2885],[130.516,-11.2827],[130.396,-11.1644],[130.3645,-11.2572],[130.4089,-11.3138],[130.432,-11.5029],[130.4925,-11.5641],[130.5013,-11.6642]],[[132.5406,-11.7194],[132.6318,-11.7216],[132.6534,-11.6518],[132.5518,-11.6365],[132.5406,-11.7194]],[[130.386,-11.5218],[130.4008,-11.4252],[130.3376,-11.3196],[130.1692,-11.4622],[130.2011,-11.5142],[130.204,-11.65],[130.1571,-11.7052],[130.0735,-11.6709],[130.0642,-11.7597],[130.1187,-11.8274],[130.3139,-11.7709],[130.5119,-11.8318],[130.606,-11.8278],[130.6416,-11.7555],[130.4856,-11.6694],[130.4644,-11.5747],[130.386,-11.5218]],[[139.5942,-16.5554],[139.7026,-16.4906],[139.6042,-16.4029],[139.4742,-16.4418],[139.3068,-16.4616],[139.1609,-16.6084],[139.2268,-16.7284],[139.3125,-16.7302],[139.4784,-16.528],[139.5942,-16.5554]],[[139.4918,-16.9819],[139.4108,-17.1223],[139.5738,-17.0921],[139.4918,-16.9819]],[[137.08,-15.6578],[136.9981,-15.6263],[136.9342,-15.7035],[137.0408,-15.8362],[137.085,-15.8203],[137.08,-15.6578]],[[136.6125,-15.5282],[136.5116,-15.5449],[136.5391,-15.6535],[136.5913,-15.6445],[136.6125,-15.5282]],[[136.4966,-13.8373],[136.4083,-13.9767],[136.4434,-14.1211],[136.4004,-14.1777],[136.4909,-14.2376],[136.6834,-14.2844],[136.7827,-14.2608],[136.9015,-14.3065],[136.9513,-14.2434],[136.6992,-14.124],[136.7608,-14.0465],[136.8347,-13.8462],[136.6287,-13.7902],[136.4966,-13.8373]],[[136.1912,-13.6734],[136.1374,-13.837],[136.2157,-13.8539],[136.2679,-13.7378],[136.1912,-13.6734]],[[135.782,-11.9109],[135.5957,-11.9541],[135.5523,-12.0488],[135.7356,-12.0026],[135.8285,-11.9304],[135.782,-11.9109]],[[132.5795,-11.0075],[132.4892,-11.1759],[132.5958,-11.3207],[132.6204,-11.1732],[132.5795,-11.0075]],[[138.8029,-8.1344],[138.8889,-8.0352],[138.8914,-7.9151],[138.9795,-7.8623],[139.0438,-7.6237],[138.9369,-7.5444],[138.8651,-7.437],[138.7774,-7.3768],[138.6261,-7.369],[138.4185,-7.4038],[138.2145,-7.4726],[138.0402,-7.6125],[137.9146,-7.7799],[137.6817,-8.238],[137.6395,-8.416],[137.6715,-8.4375],[137.8614,-8.3839],[138.3044,-8.3894],[138.472,-8.349],[138.6152,-8.2496],[138.6864,-8.1468],[138.8029,-8.1344]],[[138.8111,-8.14],[138.678,-8.1712],[138.5642,-8.3537],[138.8672,-8.3912],[138.9146,-8.2973],[138.843,-8.254],[138.8111,-8.14]],[[139.2385,-7.0176],[139.1386,-6.9695],[138.9519,-6.8494],[138.7912,-6.8535],[138.6972,-6.9028],[138.6297,-6.8765],[138.5617,-6.9351],[138.5962,-6.9959],[138.7777,-7.1262],[139.0325,-7.201],[139.1812,-7.2126],[139.2153,-7.1445],[139.3066,-7.2067],[139.3801,-7.1142],[139.3446,-7.0475],[139.2385,-7.0176]],[[134.4743,-6.459],[134.4625,-6.4441],[134.4608,-6.4341],[134.434,-6.4417],[134.408,-6.4004],[134.3687,-6.4039],[134.2998,-6.3606],[134.3039,-6.2927],[134.2213,-6.2204],[134.0986,-6.1852],[134.131,-6.2777],[134.0833,-6.6971],[134.0524,-6.7721],[134.1987,-6.9413],[134.3319,-6.8619],[134.417,-6.7165],[134.496,-6.655],[134.5041,-6.5232],[134.4809,-6.4918],[134.4743,-6.459]],[[134.1147,-6.0971],[134.1814,-6.1599],[134.3535,-6.3415],[134.3692,-6.2522],[134.2373,-6.1333],[134.2454,-6.073],[134.1244,-6.0365],[134.1147,-6.0971]],[[134.6903,-5.7973],[134.6368,-5.7138],[134.6155,-5.7254],[134.577,-5.6776],[134.5714,-5.6659],[134.5726,-5.6578],[134.5462,-5.6513],[134.5365,-5.6326],[134.527,-5.5638],[134.4567,-5.5434],[134.4151,-5.6405],[134.334,-5.7268],[134.2409,-5.6683],[134.2112,-5.7186],[134.3966,-5.7895],[134.2984,-5.8983],[134.3098,-6.0059],[134.4379,-6.0128],[134.5334,-5.9166],[134.7367,-5.9332],[134.7726,-5.8852],[134.7217,-5.8329],[134.6903,-5.7973]],[[134.6098,-5.5667],[134.6228,-5.5818],[134.661,-5.5705],[134.698,-5.571],[134.7055,-5.5159],[134.6484,-5.4403],[134.5008,-5.4194],[134.4912,-5.484],[134.5066,-5.555],[134.5481,-5.561],[134.5545,-5.5604],[134.5712,-5.5634],[134.5951,-5.572],[134.6098,-5.5667]],[[138.1489,-5.2602],[138.138,-5.1986],[137.9204,-5.3251],[137.9842,-5.3846],[138.0159,-5.3586],[138.0511,-5.3631],[138.0563,-5.3216],[138.0829,-5.2789],[138.1489,-5.2602]],[[138.4058,-5.6653],[138.2847,-5.6848],[138.1587,-5.7547],[138.174,-5.8194],[138.2783,-5.8423],[138.406,-5.8177],[138.4058,-5.6653]],[[134.5304,-5.5731],[134.5388,-5.6335],[134.547,-5.649],[134.5741,-5.6544],[134.5726,-5.6652],[134.5792,-5.6777],[134.589,-5.6851],[134.6025,-5.7089],[134.6145,-5.7224],[134.6372,-5.7115],[134.6708,-5.7271],[134.7477,-5.6207],[134.6498,-5.5765],[134.6242,-5.5859],[134.5532,-5.561],[134.5471,-5.5687],[134.5304,-5.5731]],[[134.4242,-6.2177],[134.5476,-6.3513],[134.6296,-6.3581],[134.7243,-6.3113],[134.7825,-6.0944],[134.6672,-5.9779],[134.5353,-5.9189],[134.4399,-6.0132],[134.283,-6.0449],[134.2837,-6.1457],[134.3444,-6.2195],[134.4242,-6.2177]],[[134.4378,-6.4377],[134.4557,-6.4274],[134.4694,-6.4308],[134.4665,-6.4451],[134.4843,-6.4471],[134.4926,-6.4613],[134.5483,-6.5355],[134.6105,-6.4265],[134.4608,-6.2764],[134.3618,-6.3514],[134.3676,-6.397],[134.4063,-6.397],[134.4378,-6.4377]],[[134.6717,-6.7844],[134.7608,-6.6219],[134.6856,-6.5961],[134.6244,-6.75],[134.6717,-6.7844]],[[138.6722,-6.7229],[138.82,-6.7742],[138.8227,-6.7085],[138.6972,-6.627],[138.6719,-6.6406],[138.6722,-6.7229]],[[138.615,-6.7717],[138.6792,-6.8692],[138.7961,-6.8319],[138.7394,-6.7619],[138.615,-6.7717]],[[137.72,-5.1401],[137.6942,-5.0547],[137.6489,-5.0511],[137.6039,-5.0919],[137.6811,-5.1925],[137.72,-5.1401]],[[119.6591,-8.6547],[119.6028,-8.7478],[119.6273,-8.7914],[119.7295,-8.7646],[119.6591,-8.6547]],[[123.4496,-10.1148],[123.3975,-10.1328],[123.3056,-10.3104],[123.4211,-10.2932],[123.4105,-10.2395],[123.5059,-10.1633],[123.4496,-10.1148]],[[122.008,-10.4667],[121.9006,-10.4197],[121.8355,-10.4979],[121.6852,-10.5742],[121.7496,-10.6149],[121.8613,-10.6237],[121.9571,-10.5516],[122.008,-10.4667]],[[116.0911,-4.0856],[116.3082,-3.8731],[116.2722,-3.8203],[116.2998,-3.7116],[116.2729,-3.5254],[116.3077,-3.4502],[116.2539,-3.3903],[116.2581,-3.2098],[116.1135,-3.3084],[116.0459,-3.4689],[116.0088,-3.6464],[116.0723,-3.7972],[116.0775,-3.9176],[116.0384,-4.0245],[116.0911,-4.0856]],[[120.4797,-6.2895],[120.4839,-6.498],[120.5379,-6.3281],[120.5258,-6.2214],[120.5685,-6.0559],[120.5254,-5.8354],[120.4699,-5.7808],[120.4465,-5.9243],[120.4661,-6.0914],[120.4335,-6.1817],[120.4797,-6.2895]],[[120.7825,-7.0894],[120.653,-7.0153],[120.6043,-7.0752],[120.6675,-7.1475],[120.7348,-7.1338],[120.7825,-7.0894]],[[115.898,-7.1799],[115.7522,-7.1436],[115.8302,-7.207],[115.898,-7.1799]],[[115.5218,-6.8827],[115.3878,-6.8341],[115.2453,-6.827],[115.1971,-6.9219],[115.2931,-7.0131],[115.5218,-6.8827]],[[117.5421,-8.151],[117.48,-8.1919],[117.5076,-8.2691],[117.4711,-8.3577],[117.5273,-8.3894],[117.6664,-8.151],[117.5421,-8.151]],[[119.0834,-8.2547],[119.1241,-8.1885],[119.0535,-8.1272],[118.9984,-8.2241],[119.0834,-8.2547]],[[112.6092,-5.8589],[112.7083,-5.8519],[112.7417,-5.7894],[112.685,-5.7147],[112.6114,-5.7661],[112.6092,-5.8589]],[[106.8046,-2.8862],[106.7098,-2.9682],[106.861,-3.0352],[106.9107,-2.9444],[106.8046,-2.8862]],[[107.3519,-2.8781],[107.4128,-2.9458],[107.4856,-2.8481],[107.4236,-2.8267],[107.3519,-2.8781]],[[105.2617,-6.5217],[105.1647,-6.5736],[105.2439,-6.6347],[105.2617,-6.5217]],[[112.6914,-7.1547],[112.8638,-7.163],[113.1008,-7.2296],[113.3278,-7.2139],[113.5479,-7.2331],[113.6032,-7.1283],[113.6748,-7.1104],[113.8926,-7.1332],[113.8777,-7.0797],[113.9694,-7.0141],[114.0577,-7.0043],[114.0901,-6.928],[113.9069,-6.8631],[113.7899,-6.8854],[113.4831,-6.8964],[112.8588,-6.8929],[112.7723,-7.0002],[112.6729,-7.0724],[112.6914,-7.1547]],[[123.2167,-4.0205],[123.0873,-4.0219],[123.0132,-3.9774],[122.9384,-4.0975],[122.997,-4.2036],[123.073,-4.2499],[123.1526,-4.2393],[123.248,-4.1243],[123.2167,-4.0205]],[[122.8025,-5.0429],[122.714,-5.262],[122.6548,-5.324],[122.6196,-5.4004],[122.6496,-5.4365],[122.5638,-5.4828],[122.6362,-5.6951],[122.6984,-5.6364],[122.801,-5.6978],[122.887,-5.5763],[122.8582,-5.4712],[122.9702,-5.3971],[123.0212,-5.4431],[123.1348,-5.3967],[123.2254,-5.2778],[123.1518,-5.2472],[123.0333,-5.1362],[122.9733,-5.1158],[122.9555,-5.0024],[123.0096,-4.9066],[123.0008,-4.8436],[123.103,-4.7366],[123.2026,-4.775],[123.1966,-4.5891],[123.0789,-4.4578],[123.0734,-4.3667],[122.9077,-4.4604],[122.8529,-4.5746],[122.8562,-4.7847],[122.8057,-4.8676],[122.8314,-4.922],[122.8025,-5.0429]],[[123.5817,-5.3825],[123.645,-5.2983],[123.5756,-5.2447],[123.519,-5.2659],[123.5817,-5.3825]],[[132.6773,-5.7254],[132.6895,-5.8348],[132.7804,-5.9416],[132.8101,-5.8054],[132.7387,-5.6916],[132.6773,-5.7254]],[[122.6651,-4.6111],[122.477,-4.7373],[122.375,-4.7404],[122.3181,-4.835],[122.3745,-4.9504],[122.3838,-5.0855],[122.327,-5.1048],[122.3154,-5.2379],[122.2684,-5.3841],[122.3782,-5.3771],[122.5295,-5.442],[122.6398,-5.3562],[122.6404,-5.2652],[122.5892,-5.16],[122.7584,-4.8885],[122.7208,-4.6935],[122.6651,-4.6111]],[[128.6239,-7.2136],[128.6992,-7.1256],[128.6064,-7.0656],[128.5306,-7.12],[128.6239,-7.2136]],[[130.969,-7.4904],[131.0601,-7.524],[131.1684,-7.4162],[130.9881,-7.4297],[130.969,-7.4904]],[[127.4072,-7.6031],[127.4833,-7.5211],[127.3642,-7.5036],[127.4072,-7.6031]],[[129.8184,-7.8164],[129.6969,-7.7894],[129.615,-7.8039],[129.5811,-7.8945],[129.6711,-8.0093],[129.7934,-8.0426],[129.8681,-7.9066],[129.8184,-7.8164]],[[126.6957,-7.7509],[126.8425,-7.7334],[126.7865,-7.6621],[126.7219,-7.6665],[126.6328,-7.5587],[126.4697,-7.589],[126.3248,-7.6941],[126.2372,-7.6876],[126.1432,-7.7246],[125.9444,-7.6628],[125.874,-7.8072],[125.806,-7.863],[125.8057,-7.9784],[126.0635,-7.8887],[126.1722,-7.9249],[126.3312,-7.9145],[126.4632,-7.9737],[126.5485,-7.8246],[126.6957,-7.7509]],[[125.5784,-8.3091],[125.6443,-8.1632],[125.6137,-8.1393],[125.5007,-8.2632],[125.5784,-8.3091]],[[128.0295,-3.5908],[127.9197,-3.6835],[127.9435,-3.7754],[128.1537,-3.7083],[128.0934,-3.7943],[128.2411,-3.7429],[128.2988,-3.6944],[128.3224,-3.5642],[128.2851,-3.4898],[128.1707,-3.5865],[128.0295,-3.5908]],[[128.5648,-3.5018],[128.6446,-3.6307],[128.682,-3.5437],[128.5648,-3.5018]],[[128.551,-3.5391],[128.4473,-3.5101],[128.4085,-3.6353],[128.5422,-3.614],[128.551,-3.5391]],[[127.6422,-3.3706],[127.5725,-3.2558],[127.5068,-3.3298],[127.6422,-3.3706]],[[117.415,-0.5386],[117.4214,-0.5511],[117.4183,-0.5611],[117.4425,-0.5633],[117.4753,-0.5494],[117.4794,-0.5631],[117.5117,-0.5706],[117.5194,-0.6028],[117.5792,-0.5783],[117.62,-0.4642],[117.595,-0.4094],[117.4981,-0.4708],[117.4775,-0.4947],[117.4558,-0.5042],[117.4369,-0.5214],[117.4214,-0.53],[117.415,-0.5386]],[[117.3656,-0.5872],[117.3233,-0.6289],[117.3946,-0.6868],[117.5017,-0.6025],[117.5067,-0.5708],[117.4789,-0.565],[117.4678,-0.5544],[117.4439,-0.5661],[117.41,-0.5656],[117.3656,-0.5872]],[[116.3985,-3.6276],[116.4347,-3.4207],[116.4061,-3.3665],[116.3125,-3.5577],[116.3985,-3.6276]],[[103.9731,1.3163],[104.0003,1.3907],[103.9502,1.3826],[103.7965,1.4668],[103.6778,1.4288],[103.6341,1.3499],[103.8047,1.2626],[103.9731,1.3163]]],[[[102.2385,6.2157],[102.1439,6.2075],[101.9529,6.3386],[101.7586,6.5259],[101.5575,6.8457],[101.346,6.9102],[101.2087,6.8709],[100.9924,6.86],[100.8495,6.9619],[100.8068,6.9559],[100.7031,7.057],[100.6232,7.1817],[100.4891,7.1336],[100.42,7.1619],[100.4252,7.2592],[100.3624,7.3438],[100.2581,7.3873],[100.1791,7.5254],[100.1458,7.7275],[100.2796,7.8017],[100.3158,7.7071],[100.3203,7.5758],[100.3902,7.5661],[100.4342,7.253],[100.5573,7.2476],[100.4751,7.3885],[100.3566,7.8314],[100.2603,8.3152],[100.1895,8.4838],[100.0887,8.4133],[100.0472,8.5172],[99.9521,8.6327],[99.9148,8.9097],[99.9093,9.0983],[99.8779,9.2203],[99.817,9.2975],[99.6854,9.3301],[99.6096,9.2681],[99.5296,9.285],[99.4923,9.2142],[99.3504,9.1679],[99.2376,9.2379],[99.2195,9.3379],[99.2909,9.4021],[99.1712,9.6533],[99.1382,9.8138],[99.1658,9.8578],[99.1493,10.1273],[99.1946,10.2145],[99.1471,10.3449],[99.286,10.367],[99.2328,10.4599],[99.3152,10.6642],[99.3793,10.7066],[99.4416,10.871],[99.4911,10.9381],[99.5006,11.1723],[99.5575,11.2403],[99.5548,11.3202],[99.6563,11.5555],[99.7326,11.6907],[99.7917,11.7453],[99.8187,11.9094],[99.8637,11.9943],[100.0205,12.1888],[99.9739,12.2746],[99.998,12.3434],[99.9561,12.5839],[99.9643,12.7276],[100.0299,12.9363],[100.1039,13.0566],[100.0682,13.1483],[99.9508,13.2635],[100.0644,13.4192],[100.261,13.4802],[100.5725,13.5147],[100.9722,13.4664],[100.9675,13.3514],[100.8985,13.3008],[100.9359,13.2026],[100.8721,13.0763],[100.9213,12.9904],[100.8563,12.9094],[100.9116,12.8207],[100.8401,12.7509],[100.8405,12.6765],[100.9688,12.6452],[101.1003,12.6783],[101.2925,12.6519],[101.4102,12.5959],[101.4697,12.6331],[101.6423,12.6436],[101.7489,12.7078],[102.0033,12.5329],[102.2592,12.3057],[102.3138,12.1822],[102.468,12.1636],[102.5638,12.189],[102.7513,12.0443],[102.7801,11.9025],[102.8671,11.7935],[102.9689,11.5235],[103.0433,11.5178],[103.0945,11.3514],[103.0749,11.2237],[103.0985,10.9162],[103.1392,10.8621],[103.2589,10.9229],[103.3589,10.8736],[103.4115,10.9606],[103.4436,11.1016],[103.5542,11.1667],[103.6271,11.089],[103.7126,10.8512],[103.663,10.7503],[103.5444,10.7163],[103.4917,10.6192],[103.6469,10.4981],[103.7968,10.5188],[103.8692,10.6232],[104.0481,10.5493],[104.1661,10.5688],[104.3489,10.4963],[104.4826,10.3761],[104.5867,10.2431],[104.6869,10.1985],[104.7656,10.2207],[104.8907,10.0868],[104.9919,10.0982],[105.0764,10.0114],[105.0647,9.9492],[104.958,9.8552],[104.9017,9.8514],[104.8577,9.7236],[104.7829,8.8046],[104.8512,8.6945],[104.9136,8.6934],[105.0009,8.7603],[105.0009,8.7572],[104.9142,8.6895],[104.7294,8.6492],[104.7188,8.6051],[102.2385,6.2157]],[[99.9689,9.4121],[100.0553,9.4716],[100.0622,9.5289],[99.9811,9.5879],[99.9152,9.5723],[99.9347,9.4261],[99.9689,9.4121]],[[103.9481,10.2432],[103.9906,10.0483],[104.0457,10.0076],[104.0368,10.1189],[104.0816,10.2451],[104.075,10.3787],[103.9952,10.4522],[103.8594,10.306],[103.9481,10.2432]],[[102.2536,12.1289],[102.294,11.9818],[102.4356,11.9536],[102.3261,12.1335],[102.2536,12.1289]]]]}},{"type":"Feature","properties":{"NAME":"Mediterranean Sea","region":"Mediterranean Sea","n_subregions":13,"subregions":"Adriatic Sea; Aegean Sea; Alboran Sea; Balearic (Iberian Sea); Black Sea; Ionian Sea; Ligurian Sea; Mediterranean Sea - Eastern Basin; Mediterranean Sea - Western Basin; Sea of Azov; Sea of Marmara; Strait of Gibraltar; Tyrrhenian Sea","area_sum_original":2997999},"geometry":{"type":"Polygon","coordinates":[[[-1.7047,35.178],[-1.9692,35.0732],[-2.2063,35.0832],[-2.4206,35.1414],[-2.5657,35.0814],[-2.8997,35.1451],[-2.9315,35.2937],[-3.0053,35.3942],[-3.0667,35.2944],[-3.1935,35.2256],[-3.333,35.1863],[-3.4913,35.1993],[-3.7052,35.2882],[-3.8488,35.1967],[-3.98,35.2364],[-4.2555,35.1871],[-4.3563,35.1474],[-4.6818,35.2046],[-4.7841,35.2388],[-5.0624,35.4072],[-5.1734,35.5317],[-5.2431,35.5529],[-5.3421,35.742],[-5.3535,35.8449],[-5.2787,35.9009],[-5.4651,35.9142],[-5.5526,35.8449],[-5.7493,35.8186],[-5.7922,35.776],[-5.9081,35.8012],[-6.0325,36.1801],[-5.9096,36.1826],[-5.7964,36.0773],[-5.5817,36.0126],[-5.3453,36.1091],[-5.3358,36.1773],[-5.1752,36.4148],[-4.8598,36.5075],[-4.7579,36.4856],[-4.639,36.5063],[-4.5098,36.5992],[-4.4226,36.7124],[-4.2502,36.7105],[-4.0793,36.7469],[-3.956,36.7265],[-3.8359,36.7537],[-3.764,36.7292],[-3.601,36.7435],[-3.4681,36.6934],[-3.2603,36.753],[-2.9756,36.738],[-2.8488,36.6949],[-2.6448,36.7038],[-2.5657,36.8131],[-2.3671,36.8415],[-2.1934,36.721],[-2.1366,36.7287],[-2.0085,36.8336],[-1.8496,37.0692],[-1.8093,37.2111],[-1.671,37.3568],[-1.5186,37.4314],[-1.326,37.5623],[-0.9527,37.5575],[-0.7176,37.6068],[-0.8598,37.7194],[-0.7583,37.8263],[-0.7508,37.8969],[-0.6471,37.9996],[-0.638,38.1371],[-0.5104,38.2012],[-0.5117,38.3236],[-0.3755,38.4419],[-0.1474,38.5365],[-0.0049,38.63],[0.0683,38.6392],[0.2027,38.7314],[0.1775,38.8136],[-0.0143,38.8711],[-0.1532,38.991],[-0.2081,39.0726],[-0.2203,39.1869],[-0.3329,39.4147],[-0.3161,39.5232],[-0.0874,39.8558],[-0.0055,39.9153],[0.0537,40.0385],[0.12,40.0614],[0.1837,40.1628],[0.3872,40.3406],[0.6013,40.6219],[0.7705,40.6477],[0.8762,40.708],[0.6999,40.801],[0.9926,41.0423],[1.5325,41.1819],[1.6738,41.1975],[2.1357,41.2973],[2.2562,41.4516],[2.5515,41.5781],[2.7774,41.6495],[3.0446,41.7786],[3.1812,41.8749],[3.2318,41.9687],[3.2037,42.081],[3.1266,42.127],[3.1201,42.2302],[3.2765,42.2524],[3.1861,42.3433],[3.1299,42.5186],[3.057,42.5369],[3.0261,42.8113],[2.9572,42.8475],[3.0717,43.0452],[3.2467,43.22],[3.3845,43.2837],[3.5156,43.274],[3.6587,43.3912],[3.7989,43.4417],[3.9074,43.5174],[4.1015,43.5549],[4.1368,43.4819],[4.2344,43.459],[4.5792,43.4334],[4.5791,43.3624],[4.8562,43.3349],[4.9332,43.4327],[5.0412,43.3278],[5.3636,43.3105],[5.3666,43.2068],[5.5332,43.2126],[5.8095,43.1127],[6.1814,43.1076],[6.497,43.151],[6.6651,43.211],[6.7321,43.4081],[6.9204,43.4486],[6.972,43.5454],[7.101,43.5705],[7.1495,43.6477],[7.4062,43.7185],[7.539,43.7824],[7.6727,43.7758],[7.9673,43.8516],[8.1752,43.9585],[8.2735,44.142],[8.3852,44.1804],[8.4409,44.2747],[8.5712,44.3567],[8.7464,44.4272],[9.2374,44.3451],[9.4938,44.2355],[9.6352,44.1335],[9.8344,44.0485],[10.0181,44.0459],[10.1467,43.9748],[10.2405,43.8718],[10.3295,43.4763],[10.4249,43.3988],[10.527,43.2393],[10.5381,43.0884],[10.4981,42.9349],[10.6777,42.9494],[10.7851,42.8854],[10.7421,42.7985],[10.9637,42.7308],[11.0091,42.6613],[11.158,42.5616],[11.1914,42.4902],[11.096,42.3929],[11.1583,42.3615],[11.2628,42.4199],[11.4613,42.3743],[11.6366,42.2925],[11.8401,42.029],[11.9144,42.0393],[12.1544,41.9039],[12.2355,41.7385],[12.3627,41.6926],[12.5509,41.5363],[12.6233,41.4441],[12.847,41.4134],[12.9695,41.3469],[13.0463,41.226],[13.2901,41.2974],[13.5487,41.2066],[13.6219,41.2606],[13.7159,41.2508],[13.812,41.1868],[14.0812,40.8275],[14.2813,40.8393],[14.482,40.6985],[14.4182,40.6096],[14.5765,40.6134],[14.7976,40.6599],[14.9012,40.5562],[14.9845,40.4239],[14.9261,40.2314],[15.1181,40.1766],[15.2851,40.0344],[15.4194,39.99],[15.518,40.0703],[15.6185,40.0685],[15.7811,39.8917],[15.7857,39.817],[15.8819,39.5434],[15.9963,39.442],[16.057,39.2713],[16.0979,39.0344],[16.2191,38.9221],[16.184,38.7485],[16.101,38.7115],[15.9867,38.7232],[15.8521,38.6616],[15.9314,38.546],[15.7953,38.2806],[15.7125,38.2537],[15.6359,38.2323],[15.6388,38.0017],[15.764,37.9161],[16.0634,37.9239],[16.1449,38.0325],[16.1602,38.1271],[16.3237,38.2936],[16.4561,38.3357],[16.5831,38.4556],[16.5588,38.6817],[16.6048,38.8127],[16.7767,38.8961],[16.9594,38.9395],[17.1016,38.9052],[17.199,39.0269],[17.1074,39.112],[17.1471,39.2064],[17.111,39.316],[17.1551,39.3983],[17.0309,39.4756],[16.8707,39.5362],[16.7799,39.6159],[16.6014,39.6259],[16.5225,39.661],[16.5023,39.826],[16.6301,39.9658],[16.6091,40.0841],[16.689,40.1481],[16.8698,40.403],[16.9908,40.4942],[17.1293,40.5175],[17.2514,40.4491],[17.2338,40.4005],[17.5055,40.2948],[17.6714,40.305],[17.9037,40.2571],[17.9941,40.1321],[18.0464,39.929],[18.2017,39.8401],[18.376,39.7992],[18.4036,39.9621],[18.5208,40.1076],[18.4241,40.294],[18.2438,40.4402],[18.0361,40.5658],[18.0184,40.6414],[17.8391,40.6912],[17.7073,40.7589],[17.4731,40.8318],[17.2822,40.9702],[17.0555,41.0778],[16.5835,41.2078],[15.9822,41.4449],[15.9004,41.5354],[15.9011,41.6163],[16.1898,41.7747],[16.1531,41.9086],[16.0023,41.9457],[15.4193,41.9002],[15.0994,41.9342],[14.9984,41.9959],[14.8515,42.0361],[14.7181,42.1056],[14.7174,42.1733],[14.5114,42.25],[14.4101,42.3602],[14.2598,42.4409],[14.1088,42.5631],[13.9941,42.7103],[13.88,42.9656],[13.8426,43.1033],[13.6245,43.4989],[13.6281,43.5488],[13.5037,43.6312],[13.4308,43.6172],[13.2852,43.6793],[12.9095,43.9208],[12.7173,43.9726],[12.5033,44.1153],[12.3592,44.2654],[12.2872,44.4671],[12.2836,44.5959],[12.2403,44.694],[12.3013,44.9521],[12.4952,44.9685],[12.3494,45.0826],[12.3299,45.1675],[12.2197,45.1923],[12.1557,45.2591],[12.1511,45.3648],[12.3566,45.5054],[12.5388,45.5746],[12.7396,45.5324],[12.9177,45.6128],[13.0988,45.6355],[13.114,45.7395],[13.2283,45.7548],[13.4855,45.704],[13.5456,45.7844],[13.6341,45.7658],[13.7529,45.6796],[13.7193,45.5431],[13.4899,45.4862],[13.5397,45.3278],[13.5871,45.2839],[13.6068,45.1158],[13.8018,44.931],[13.8674,44.8082],[13.9825,44.8518],[14.0502,44.937],[14.1698,44.9789],[14.1632,45.0448],[14.3335,45.3513],[14.4605,45.3202],[14.7401,45.1383],[14.8443,45.1037],[14.927,44.9509],[14.8791,44.7909],[14.8961,44.696],[14.9889,44.5734],[15.2771,44.3659],[15.4078,44.3169],[15.178,44.2428],[15.1625,44.1769],[15.4688,43.9141],[15.7481,43.7504],[15.8794,43.7293],[15.9272,43.5507],[16.0931,43.4727],[16.3575,43.5514],[16.7105,43.4203],[16.8898,43.3934],[17.1675,43.1765],[17.3453,43.1032],[17.4442,42.952],[17.2694,43.0111],[17.2177,42.9808],[17.4418,42.8695],[17.729,42.7916],[17.8063,42.8061],[18.0615,42.6488],[18.1991,42.623],[18.2337,42.5584],[18.5081,42.4077],[18.6711,42.459],[18.707,42.3223],[18.9054,42.22],[19.1435,42.0397],[19.1634,41.9396],[19.5184,41.8417],[19.5811,41.7459],[19.5683,41.5878],[19.421,41.3861],[19.4358,41.3104],[19.5168,41.2385],[19.4371,41.1468],[19.4567,41.0758],[19.3693,40.7272],[19.3124,40.6626],[19.3781,40.5319],[19.4602,40.4625],[19.485,40.3509],[19.3692,40.3411],[19.4439,40.2338],[19.8557,40.043],[19.9526,39.8964],[20.0206,39.8457],[19.9858,39.7434],[20.1867,39.6243],[20.1635,39.5553],[20.2607,39.5089],[20.2331,39.4459],[20.2866,39.3267],[20.4438,39.28],[20.4734,39.2204],[20.6825,39.0724],[20.9258,39.0112],[21.0548,39.0274],[21.1522,38.995],[21.1393,38.9231],[21.0201,38.8969],[20.9713,38.9446],[20.7953,38.9194],[20.7394,38.8525],[20.763,38.7566],[20.8698,38.7953],[20.9206,38.67],[20.9885,38.6687],[21.0272,38.5024],[21.1107,38.4523],[21.1024,38.3698],[21.2278,38.3152],[21.3735,38.4142],[21.5268,38.3123],[21.6396,38.3573],[21.7717,38.3341],[21.9351,38.4068],[22.1435,38.3441],[22.2862,38.3379],[22.5036,38.3816],[22.7857,38.2821],[22.8072,38.2252],[23.107,38.2057],[23.2218,38.1561],[23.1132,38.0594],[22.9643,38.0797],[22.8726,37.9332],[22.727,38.0346],[22.4907,38.1361],[22.214,38.1811],[22.0103,38.3134],[21.7781,38.3071],[21.6707,38.1672],[21.6003,38.1432],[21.3703,38.2123],[21.364,38.115],[21.2568,37.97],[21.1307,37.9376],[21.11,37.8422],[21.2729,37.7863],[21.3203,37.7028],[21.5233,37.5749],[21.6216,37.4827],[21.6989,37.3106],[21.5657,37.1642],[21.5769,37.0618],[21.7101,36.9431],[21.7029,36.817],[21.9357,36.7611],[21.9352,36.9865],[22.0499,37.0273],[22.1535,37.0142],[22.1628,36.8915],[22.2938,36.8167],[22.3632,36.6753],[22.3676,36.4777],[22.4682,36.409],[22.5031,36.4962],[22.4768,36.6137],[22.5631,36.7691],[22.6244,36.8055],[22.7828,36.7985],[22.8307,36.6889],[22.9683,36.5209],[23.1425,36.5396],[23.0324,36.6258],[23.0258,36.7271],[23.1006,36.7777],[22.9587,37.1152],[22.7732,37.3873],[22.7173,37.5626],[22.9805,37.5138],[23.1331,37.4097],[23.2247,37.3774],[23.4551,37.4139],[23.5191,37.4553],[23.3731,37.5519],[23.3213,37.532],[23.1587,37.6173],[23.178,37.8047],[23.1319,37.9194],[23.2407,37.9751],[23.3802,37.9704],[23.4506,38.0232],[23.7162,37.907],[23.7698,37.8134],[23.9004,37.7748],[23.9373,37.6723],[24.0733,37.6826],[24.0308,37.9906],[23.9806,38.097],[24.0704,38.1626],[23.9544,38.2853],[23.6778,38.3397],[23.5711,38.4583],[23.3358,38.5321],[23.1988,38.6799],[23.1117,38.6248],[23.0308,38.7553],[22.7725,38.7777],[22.7535,38.8688],[22.9901,38.9438],[23.0372,39.0379],[22.9822,39.0995],[22.8506,39.1538],[22.8219,39.2762],[23.02,39.3156],[23.1194,39.3052],[23.2213,39.1807],[23.3513,39.1824],[23.2767,39.3136],[23.099,39.4968],[22.9331,39.5812],[22.8516,39.8011],[22.7362,39.8685],[22.7106,39.9507],[22.5949,40.0113],[22.5479,40.1439],[22.6603,40.3642],[22.6019,40.4757],[22.7159,40.5005],[22.7409,40.5568],[22.9518,40.6213],[22.9375,40.5132],[22.8171,40.502],[22.911,40.3803],[23.1448,40.2731],[23.3052,40.2297],[23.3043,40.1],[23.3801,40.0067],[23.5928,39.9208],[23.6804,39.972],[23.508,40.0262],[23.3312,40.1985],[23.4247,40.2773],[23.6508,40.2249],[23.7624,40.1282],[23.8104,40.03],[23.9415,39.9375],[24.0214,40.0086],[23.9758,40.126],[23.7803,40.1892],[23.694,40.286],[23.8618,40.37],[24.0397,40.2925],[24.1638,40.2792],[24.3049,40.1141],[24.3981,40.1396],[24.2498,40.3078],[24.1549,40.3588],[23.9304,40.3806],[23.8364,40.4422],[23.8349,40.5182],[23.6937,40.6716],[23.7307,40.747],[23.8477,40.7858],[24.0459,40.7184],[24.3178,40.8207],[24.3988,40.9346],[24.5559,40.9507],[24.6282,40.8628],[24.8014,40.8457],[25.0937,41.0187],[25.1702,40.9421],[25.358,40.937],[25.5626,40.8568],[25.9498,40.8424],[26.0336,40.7728],[26.0752,40.6176],[26.3037,40.5905],[26.7957,40.6569],[26.8375,40.5844],[26.7078,40.5124],[26.5891,40.497],[26.2187,40.3195],[26.2703,40.1938],[26.1742,40.0428],[26.3811,40.1433],[26.3585,40.1997],[26.4246,40.2207],[26.6259,40.3544],[26.7412,40.4775],[27.1466,40.615],[27.3096,40.7024],[27.4547,40.8448],[27.5118,40.9744],[27.7632,41.0139],[27.9334,40.9636],[28.0743,41.0567],[28.2337,41.0774],[28.4331,41.037],[28.5989,40.9687],[28.8389,40.9572],[29.0332,41.0497],[29.0409,41.1583],[29.1162,41.2329],[28.8391,41.2866],[28.6393,41.348],[28.2726,41.4958],[28.0918,41.6386],[27.9768,41.8457],[28.0501,41.9455],[28.0155,42.0278],[27.7551,42.246],[27.7861,42.307],[27.6467,42.4513],[27.5089,42.4378],[27.5091,42.5509],[27.6357,42.5729],[27.7217,42.7041],[27.9006,42.7006],[27.8828,42.8302],[27.9423,43.2103],[28.0158,43.2264],[28.0935,43.3767],[28.3564,43.4131],[28.4711,43.3811],[28.603,43.5203],[28.5683,43.6018],[28.5776,43.7982],[28.6683,43.9865],[28.6404,44.0599],[28.631,44.3116],[28.8473,44.4991],[28.934,44.6166],[29.0948,44.7538],[29.2505,44.7971],[29.5938,44.835],[29.6173,44.8766],[29.5318,44.9356],[29.4837,44.9595],[29.4556,44.9546],[29.4567,44.9702],[29.4221,44.9681],[29.4059,44.9509],[29.3951,44.945],[29.3792,44.9445],[29.3305,44.9711],[29.3215,44.9682],[29.3127,44.9695],[29.3109,44.9718],[29.3158,44.9805],[29.3036,44.9946],[29.2898,44.9975],[29.285,45.0051],[29.2698,45.0244],[29.2424,45.0363],[29.1099,45.0775],[29.0526,45.1161],[28.9105,45.1525],[28.8926,45.1826],[28.835,45.2014],[28.7902,45.1843],[28.7898,45.2084],[28.739,45.2266],[28.7596,45.2636],[28.7494,45.2803],[28.754,45.2899],[28.7864,45.2924],[28.8217,45.3366],[28.9288,45.2838],[28.9845,45.3563],[29.1708,45.3968],[29.231,45.4463],[29.2723,45.4293],[29.3163,45.4457],[29.3356,45.4484],[29.3545,45.439],[29.4008,45.4395],[29.5313,45.4439],[29.7785,45.6195],[29.7888,45.7299],[29.9573,45.7704],[29.9742,45.8163],[30.1418,45.8215],[30.3,45.9321],[30.3341,46.0019],[30.4599,46.0661],[30.379,46.1852],[30.2031,46.2442],[30.1014,46.3308],[30.2411,46.3854],[30.5504,46.1491],[30.7726,46.4366],[30.7604,46.5497],[31.1729,46.6277],[31.3519,46.6008],[31.4292,46.6541],[31.5502,46.6],[31.638,46.6498],[31.7964,46.6097],[31.8884,46.6382],[32.2413,46.5909],[32.3864,46.5474],[32.3455,46.4626],[32.1196,46.4985],[32.0167,46.4878],[31.7549,46.5466],[31.5802,46.5367],[31.6803,46.4514],[31.7667,46.487],[32.0579,46.3993],[32.0069,46.3592],[31.8079,46.3295],[31.7839,46.2755],[32.0463,46.2572],[32.218,46.19],[32.2266,46.1328],[32.5165,46.0698],[32.7695,46.1221],[32.9405,46.1062],[33.1279,46.1242],[33.2055,46.1738],[33.4173,46.0329],[33.5727,46.1538],[33.6425,46.0782],[33.6535,45.8738],[33.4259,45.834],[33.3172,45.7701],[32.9817,45.6726],[32.5007,45.4231],[32.4947,45.3457],[32.6532,45.3151],[32.7559,45.3648],[33.0284,45.341],[33.151,45.2021],[33.2761,45.1467],[33.4137,45.193],[33.5618,45.0849],[33.601,45.0077],[33.597,44.8485],[33.5335,44.791],[33.5428,44.6582],[33.4018,44.5592],[33.636,44.4719],[33.778,44.3861],[33.9708,44.3909],[34.127,44.4283],[34.3495,44.5825],[34.4609,44.7126],[34.7293,44.8116],[34.9652,44.8407],[35.0823,44.7917],[35.1608,44.8961],[35.4259,45.0127],[35.4487,45.0991],[35.566,45.1303],[35.7786,45.067],[35.841,44.9987],[36.0302,45.0499],[36.2256,45.028],[36.454,45.1009],[36.4021,45.213],[36.5028,45.3628],[36.5969,45.4375],[36.3451,45.4795],[36.1437,45.4668],[35.9808,45.3697],[35.8488,45.4397],[35.7159,45.3329],[35.3989,45.256],[35.2042,45.3404],[35.0987,45.3516],[35.0322,45.4312],[35.1095,45.4861],[35.0731,45.5825],[34.9709,45.6867],[34.7834,45.7918],[34.5631,45.8016],[34.5631,45.8812],[34.6499,45.9323],[34.594,46.018],[34.6819,46.1841],[34.8143,46.1615],[34.8956,46.2381],[35.0595,46.27],[35.2663,46.4429],[35.3462,46.3426],[35.4662,46.4471],[35.5797,46.4802],[35.7232,46.5856],[35.9217,46.6599],[36.188,46.6713],[36.2944,46.6385],[36.4162,46.7268],[36.7045,46.7807],[36.8355,46.7084],[36.9721,46.8554],[37.2348,46.9512],[37.3381,46.8914],[37.5367,47.0807],[37.7058,47.0799],[37.8996,47.1107],[38.1665,47.0709],[38.2278,47.1183],[38.468,47.1532],[38.5651,47.1147],[38.8792,47.194],[38.9379,47.2499],[39.203,47.2826],[39.3732,47.1297],[39.2934,47.0198],[39.105,47.0352],[38.8385,46.9065],[38.5485,46.8557],[38.4123,46.8051],[38.4123,46.7544],[38.5767,46.7265],[38.5069,46.6424],[38.3356,46.663],[38.288,46.7083],[38.0614,46.6476],[37.906,46.6342],[37.7547,46.6617],[37.872,46.4486],[38.0988,46.3964],[38.3591,46.2021],[38.5687,46.114],[38.4729,46.0399],[38.254,46.1707],[38.1025,46.0588],[37.9688,46.0313],[37.8508,45.782],[37.6037,45.6404],[37.5907,45.4353],[37.4499,45.3466],[37.231,45.332],[37.0828,45.3626],[36.9242,45.433],[36.7857,45.4422],[36.7827,45.3318],[36.8669,45.2491],[36.603,45.2103],[36.6332,45.1407],[36.9018,45.1048],[37.1443,45.0335],[37.3034,44.9415],[37.2964,44.8907],[37.3863,44.7618],[37.5304,44.6809],[37.7256,44.6491],[37.8422,44.7141],[37.9048,44.6305],[38.0835,44.5326],[38.2018,44.417],[38.3625,44.3717],[38.5678,44.3495],[38.7912,44.2811],[38.8621,44.2013],[38.9985,44.1616],[39.1526,44.0198],[39.295,43.9426],[39.4652,43.7857],[39.6802,43.639],[39.731,43.569],[39.8607,43.5129],[39.9232,43.4164],[40.2451,43.3156],[40.2775,43.1904],[40.5125,43.1437],[40.5741,43.0939],[40.8666,43.0747],[40.9775,42.9815],[41.0787,42.951],[41.1066,42.843],[41.4369,42.7407],[41.5214,42.566],[41.5569,42.3921],[41.6428,42.2434],[41.6589,42.1346],[41.7537,42.1355],[41.7783,41.8618],[41.7185,41.7066],[41.5737,41.6039],[41.522,41.4828],[41.4014,41.3807],[41.2792,41.3474],[41.0639,41.2185],[40.8037,41.1624],[40.7211,41.0879],[40.5459,41.0278],[40.3822,41.0251],[40.2309,40.9285],[40.1202,40.9122],[40.0356,40.9594],[39.8531,40.9598],[39.7202,41.012],[39.5666,41.0258],[39.4185,41.1073],[39.2522,41.0472],[39.1628,41.0791],[39.0569,41.0376],[38.9186,41.0392],[38.7149,40.9507],[38.6235,40.9732],[38.529,40.9165],[38.323,40.9198],[37.8028,41.0294],[37.7891,41.1109],[37.6809,41.1328],[37.5375,41.0209],[37.2929,41.1455],[37.1442,41.1483],[37.0321,41.1873],[37.0077,41.2773],[36.8755,41.3368],[36.6205,41.3668],[36.5673,41.2876],[36.3953,41.2514],[36.1323,41.4612],[36.1155,41.6245],[35.9538,41.7349],[35.7467,41.6634],[35.5141,41.6359],[35.2767,41.7157],[35.0904,41.9212],[35.1133,42.0025],[35.0106,42.0905],[34.7977,41.9546],[34.5591,41.9465],[34.476,41.9661],[34.2904,41.9419],[34.105,41.978],[33.8296,41.9727],[33.3389,42.0202],[32.9722,41.8909],[32.5999,41.8303],[32.2321,41.6883],[32.1488,41.6063],[31.8679,41.5102],[31.6202,41.3827],[31.3919,41.3058],[31.407,41.2094],[31.3415,41.1386],[31.2169,41.0979],[31.0125,41.0727],[30.756,41.0862],[30.6523,41.1288],[30.4142,41.1644],[30.2629,41.2075],[30.1532,41.1377],[29.8207,41.143],[29.5886,41.1697],[29.2779,41.2277],[29.1534,41.2191],[29.0873,41.1785],[29.0215,40.9786],[29.1401,40.904],[29.2848,40.855],[29.3497,40.7675],[29.7314,40.7716],[29.5569,40.6864],[29.5026,40.7271],[29.2644,40.6579],[28.9963,40.6459],[28.8166,40.5651],[28.7802,40.5188],[28.9703,40.4602],[29.0826,40.4775],[29.0531,40.3628],[28.9282,40.3555],[28.7707,40.3945],[28.6473,40.3605],[28.5081,40.3954],[28.1591,40.3961],[27.9545,40.3531],[27.8971,40.3901],[28.0234,40.4857],[27.7189,40.5225],[27.6867,40.4725],[27.8783,40.3793],[27.7619,40.3064],[27.6318,40.3267],[27.5327,40.3009],[27.305,40.3964],[27.0899,40.4418],[27.0332,40.3896],[26.7478,40.4011],[26.5243,40.2177],[26.4078,40.1939],[26.409,40.1174],[26.3213,40.0175],[26.2114,40.006],[26.1426,39.8444],[26.1635,39.6595],[26.0634,39.4783],[26.1314,39.4531],[26.3672,39.481],[26.4878,39.5276],[26.7275,39.5671],[26.9517,39.5472],[26.9317,39.4856],[26.6353,39.2925],[26.7342,39.2386],[26.8809,39.0645],[26.7991,39.0322],[26.8014,38.9506],[27.0049,38.913],[27.0074,38.8663],[26.8311,38.7612],[26.7286,38.7268],[26.7326,38.648],[26.8404,38.5869],[26.9341,38.3837],[26.7647,38.3685],[26.5998,38.4339],[26.6331,38.5113],[26.4773,38.6736],[26.3633,38.6611],[26.381,38.5195],[26.5156,38.4311],[26.4512,38.3477],[26.276,38.2918],[26.6045,38.1021],[26.6707,38.2073],[26.7737,38.2093],[26.8844,38.0514],[26.9809,38.0748],[27.2774,37.9274],[27.2594,37.7616],[27.0952,37.6388],[27.2277,37.4719],[27.1926,37.3534],[27.3541,37.37],[27.4735,37.2853],[27.611,37.2575],[27.4908,37.0949],[27.3775,37.1509],[27.2253,37.0581],[27.2643,36.9641],[27.4294,37.0346],[27.5594,36.9849],[27.7812,36.9925],[27.9263,37.0308],[28.2134,36.9934],[28.0748,36.9417],[28.0249,36.7905],[27.8151,36.8124],[27.6013,36.763],[27.4286,36.7483],[27.514,36.677],[27.6768,36.701],[27.75,36.7653],[27.8484,36.7478],[28.1001,36.7681],[28.0688,36.6728],[28.1763,36.679],[28.2667,36.7302],[28.2456,36.8324],[28.3983,36.7848],[28.5662,36.8192],[28.6481,36.7217],[28.79,36.6856],[28.9494,36.7366],[29.1219,36.6473],[29.0312,36.6083],[29.1132,36.489],[29.1379,36.3606],[29.4773,36.2109],[29.6445,36.1963],[29.6648,36.1462],[30.1063,36.2454],[30.2009,36.3152],[30.2753,36.3156],[30.4007,36.2521],[30.4876,36.2791],[30.4768,36.3975],[30.5879,36.5779],[30.5569,36.6192],[30.5782,36.8005],[30.7008,36.8841],[30.7585,36.8449],[31.0062,36.8579],[31.2785,36.8185],[31.5804,36.703],[31.6647,36.6492],[32.0516,36.5242],[32.1648,36.4183],[32.2952,36.235],[32.5172,36.0969],[32.8054,36.0231],[32.9504,36.1038],[33.0918,36.0857],[33.1263,36.1309],[33.5633,36.1277],[33.6876,36.1597],[33.8667,36.315],[34.0429,36.295],[34.0773,36.3988],[34.2785,36.5855],[34.4292,36.6635],[34.5607,36.7682],[34.6559,36.8054],[34.8338,36.7901],[34.9082,36.7238],[34.9977,36.7133],[35.3245,36.5587],[35.4393,36.5917],[35.5651,36.5648],[35.6383,36.6586],[36.0076,36.9306],[36.1468,36.8567],[36.2057,36.7834],[36.1954,36.6004],[36.0371,36.5337],[35.9019,36.4382],[35.7806,36.2986],[35.8961,36.1592],[35.9805,36.0149],[35.8799,35.8738],[35.8137,35.8573],[35.8454,35.7513],[35.7329,35.5634],[35.9012,35.4355],[35.9508,35.1894],[35.8872,35.1061],[35.8807,34.8822],[35.9856,34.6067],[35.9863,34.5297],[35.7347,34.3748],[35.6583,34.2847],[35.6265,34.15],[35.6417,34.0127],[35.582,33.915],[35.4726,33.9026],[35.4782,33.7931],[35.3665,33.5655],[35.2879,33.4618],[35.2048,33.2044],[35.1039,33.096],[35.0423,32.8228],[34.956,32.8266],[34.9104,32.5772],[34.7839,32.1291],[34.6499,31.8303],[34.4596,31.5537],[34.332,31.4207],[34.1732,31.2922],[33.8688,31.1592],[33.6815,31.1178],[33.5398,31.1153],[33.383,31.1627],[33.175,31.0482],[33.0886,31.18],[32.955,31.0959],[32.7905,31.0442],[32.6024,31.0584],[32.3496,31.2328],[32.31,31.0937],[32.3191,30.828],[32.3438,30.7241],[32.3438,30.6911],[32.3275,30.6214],[32.3063,30.5785],[32.3128,30.5472],[32.3395,30.5126],[32.3656,30.4142],[32.4473,30.2914],[32.5627,30.2351],[32.5732,30.0681],[32.57,30.0682],[32.5238,30.2451],[32.4564,30.2316],[32.3496,30.2844],[32.3022,30.3514],[32.3573,30.413],[32.2994,30.5582],[32.2707,30.5815],[32.3077,30.5891],[32.3243,30.6218],[32.3427,30.7061],[32.3225,30.7469],[32.3167,30.8162],[32.3021,31.2291],[32.0067,31.4083],[31.9462,31.5136],[31.8437,31.5271],[31.7323,31.4762],[31.5324,31.4471],[31.3226,31.5435],[31.1043,31.6027],[30.9772,31.5876],[30.5191,31.4576],[30.3626,31.4665],[30.3135,31.3548],[30.1638,31.2678],[30.0582,31.32],[29.8209,31.136],[29.7622,31.1168],[29.5481,30.972],[29.3461,30.878],[29.1544,30.824],[28.999,30.8255],[28.7103,31.0025],[28.5999,31.02],[28.432,31.0881],[28.3165,31.0672],[28.1589,31.0923],[28.013,31.0869],[27.8986,31.1129],[27.8662,31.2256],[27.7257,31.1873],[27.4497,31.2143],[27.3854,31.2621],[27.329,31.373],[27.1829,31.3591],[26.9829,31.4428],[26.8452,31.4406],[26.7486,31.4832],[26.6032,31.4883],[26.3269,31.5269],[26.0549,31.6012],[25.886,31.6285],[25.5196,31.5238],[25.3953,31.5029],[25.2122,31.5194],[25.1305,31.7204],[25.0292,31.8497],[24.9966,31.9625],[24.6635,32.0214],[24.5446,31.9823],[24.0882,32.012],[23.9742,32.1056],[23.7696,32.1663],[23.4211,32.1741],[23.2538,32.2034],[23.2156,32.2736],[23.0895,32.3282],[23.159,32.4571],[23.11,32.5014],[23.1053,32.6359],[22.911,32.6749],[22.4868,32.815],[22.3737,32.8724],[22.2158,32.8757],[22.175,32.9269],[21.923,32.8938],[21.7161,32.9407],[21.6445,32.929],[21.4395,32.7974],[21.3703,32.7775],[21.1019,32.7709],[20.5527,32.5332],[20.3739,32.4167],[20.1014,32.1815],[20.0351,32.0632],[19.959,31.9922],[19.9215,31.7462],[19.9922,31.4722],[20.1498,31.2368],[20.1662,31.0778],[20.0543,30.8473],[19.9075,30.6645],[19.7755,30.5312],[19.6146,30.4152],[19.579,30.4211],[19.381,30.3176],[19.1852,30.2671],[18.9421,30.2876],[18.7944,30.3833],[18.6869,30.4046],[18.5767,30.5124],[18.41,30.5957],[18.1746,30.7898],[17.912,30.8557],[17.8517,30.9249],[17.7208,30.9437],[17.2999,31.0846],[17.0488,31.1532],[16.699,31.2192],[16.3798,31.2185],[16.1244,31.2519],[15.8073,31.3627],[15.6605,31.449],[15.5204,31.6146],[15.3653,31.9467],[15.3576,32.1661],[15.2144,32.3744],[14.9105,32.438],[14.7517,32.4395],[14.606,32.4978],[14.5026,32.5041],[14.2196,32.698],[14.0051,32.733],[13.946,32.7718],[13.7888,32.7992],[13.5826,32.7972],[13.3913,32.8959],[13.2393,32.9111],[12.9565,32.8227],[12.7424,32.793],[12.3405,32.8232],[12.2077,32.8711],[11.853,33.0686],[11.6444,33.098],[11.5704,33.1635],[11.4712,33.1632],[11.1751,33.2079],[11.1234,33.2954],[11.1736,33.3405],[11.0942,33.4461],[11.108,33.5576],[11.048,33.6257],[10.9214,33.6189],[10.9257,33.5279],[10.7496,33.4741],[10.6973,33.4932],[10.7448,33.6778],[10.4809,33.6539],[10.3316,33.7092],[10.1844,33.8235],[10.0848,33.9321],[10.035,34.0387],[10.0212,34.1705],[10.1223,34.3169],[10.3721,34.4188],[10.4398,34.4926],[10.5925,34.5379],[10.6547,34.6361],[10.9224,34.8869],[10.9261,34.9661],[11.0066,35.0143],[11.0244,35.111],[11.1444,35.2383],[11.0415,35.3254],[11.0462,35.6204],[10.8626,35.6831],[10.8062,35.7849],[10.6474,35.8146],[10.4811,36.0596],[10.4773,36.2365],[10.5233,36.3453],[10.8117,36.46],[10.8791,36.6027],[11.0207,36.7853],[11.136,36.8744],[11.0421,37.085],[10.9154,37.047],[10.7589,36.9028],[10.6093,36.8789],[10.5363,36.7573],[10.4119,36.7146],[10.2866,36.7821],[10.3504,36.8763],[10.212,36.9716],[10.1726,37.0446],[10.2488,37.1695],[10.0683,37.263],[9.965,37.2478],[9.9138,37.158],[9.8155,37.1408],[9.8002,37.2373],[9.8628,37.3351],[9.667,37.3385],[9.5726,37.2952],[9.3294,37.2314],[9.2128,37.2377],[9.0278,37.1392],[8.8347,36.9745],[8.7399,36.9696],[8.515,36.9078],[8.2823,36.915],[8.2269,36.9519],[8.0548,36.8785],[7.9107,36.844],[7.7653,36.8749],[7.7666,36.959],[7.6219,36.9622],[7.5123,37.0431],[7.2743,37.0662],[7.1769,36.9258],[6.9221,36.8825],[6.8403,36.9564],[6.6678,36.9485],[6.5703,36.9823],[6.5096,37.0771],[6.3375,37.0689],[6.2628,37.0249],[6.2124,36.9085],[5.9778,36.8346],[5.793,36.8064],[5.7398,36.8293],[5.5989,36.7778],[5.5529,36.7149],[5.4312,36.6553],[5.2723,36.6376],[5.102,36.6963],[5.0475,36.7832],[4.9219,36.8507],[4.7599,36.8952],[4.7049,36.8795],[3.9655,36.8975],[3.8925,36.9232],[3.718,36.8785],[3.4991,36.7693],[3.3179,36.7875],[3.0921,36.7471],[3.0114,36.8202],[2.9284,36.805],[2.8136,36.7049],[2.6033,36.6011],[2.4747,36.5915],[2.3308,36.6417],[2.1147,36.5835],[1.9199,36.5754],[1.6061,36.537],[1.3383,36.5492],[0.9354,36.4467],[0.9004,36.3886],[0.7601,36.3348],[0.6653,36.3319],[0.4751,36.2311],[0.3385,36.1907],[0.1397,36.0429],[0.0377,35.8731],[-0.1159,35.788],[-0.3017,35.8355],[-0.3858,35.9082],[-0.4717,35.8868],[-0.5035,35.7907],[-0.6347,35.7102],[-0.8053,35.772],[-0.938,35.7283],[-1.1614,35.5723],[-1.1883,35.5779],[-1.2616,35.3866],[-1.387,35.3047],[-1.4623,35.3088],[-1.7047,35.178]],[[9.1241,42.7326],[9.0115,42.6398],[8.8799,42.6291],[8.7227,42.5551],[8.5737,42.3825],[8.6874,42.2635],[8.5596,42.2359],[8.5743,42.152],[8.6905,42.1152],[8.7425,42.0413],[8.5945,41.9659],[8.6094,41.907],[8.8043,41.8925],[8.7724,41.7411],[8.8104,41.5564],[9.054,41.46],[9.0992,41.3915],[9.2223,41.4387],[9.4008,41.6921],[9.4077,41.9496],[9.5549,42.1244],[9.5606,42.2824],[9.5326,42.3696],[9.5277,42.5644],[9.4468,42.686],[9.491,42.7944],[9.4574,42.9505],[9.3431,43.0001],[9.3367,42.8644],[9.3452,42.7354],[9.1241,42.7326]],[[15.3504,38.2163],[15.2285,38.2089],[15.0898,38.1199],[14.9143,38.1918],[14.7484,38.1657],[14.6306,38.0703],[14.3759,38.0168],[14.228,38.0107],[13.9501,38.0314],[13.7461,37.9702],[13.382,38.1101],[13.3184,38.2245],[13.0525,38.1371],[13.0778,38.0889],[12.8952,38.0241],[12.7372,38.1397],[12.5781,38.0703],[12.4633,37.9104],[12.4243,37.8015],[12.5198,37.6601],[12.6114,37.6379],[12.6733,37.5594],[12.781,37.5809],[12.9468,37.5711],[13.038,37.495],[13.1549,37.4966],[13.3222,37.3634],[13.4789,37.2871],[13.5523,37.2869],[13.7507,37.1492],[13.906,37.0948],[14.0644,37.1102],[14.2421,37.066],[14.3794,36.9609],[14.4589,36.8154],[14.6869,36.7222],[14.8529,36.7296],[15.1363,36.6801],[15.0944,36.7973],[15.177,36.9358],[15.2584,36.9736],[15.2965,37.1056],[15.2201,37.1304],[15.1827,37.2116],[15.2182,37.2761],[15.1042,37.3105],[15.0846,37.4825],[15.1769,37.5763],[15.2083,37.7488],[15.3043,37.8757],[15.4771,38.054],[15.5852,38.2477],[15.6523,38.2675],[15.5215,38.2981],[15.3504,38.2163]],[[1.4475,38.733],[1.3833,38.6473],[1.4653,38.6841],[1.5716,38.6501],[1.4475,38.733]],[[4.0491,40.0523],[3.8282,40.0537],[3.8206,39.9254],[4.0263,39.9201],[4.2374,39.8139],[4.2884,39.8152],[4.2621,39.9992],[4.0898,40.0774],[4.0491,40.0523]],[[8.8174,40.9397],[8.6999,40.9147],[8.5429,40.8259],[8.3205,40.8432],[8.222,40.8923],[8.1376,40.7272],[8.1844,40.637],[8.2919,40.5939],[8.3979,40.4298],[8.3788,40.3578],[8.483,40.2862],[8.4191,40.0415],[8.4673,39.9263],[8.5409,39.8901],[8.5416,39.7706],[8.4891,39.732],[8.4537,39.5504],[8.3852,39.4716],[8.3763,39.3679],[8.4331,39.3077],[8.3676,39.2295],[8.6573,38.8762],[8.7257,38.9366],[8.8629,38.8848],[9.0267,38.9987],[9.0095,39.1236],[9.0922,39.2116],[9.292,39.2141],[9.4033,39.1439],[9.5615,39.138],[9.5957,39.3476],[9.6412,39.4401],[9.6475,39.6517],[9.6972,39.8541],[9.6846,39.9552],[9.7296,40.0911],[9.6353,40.1788],[9.6328,40.2772],[9.767,40.3923],[9.8286,40.5286],[9.7576,40.59],[9.6939,40.8464],[9.5455,40.9258],[9.5236,41.0486],[9.5701,41.1099],[9.3026,41.19],[9.2247,41.2592],[9.1375,41.2374],[9.173,41.176],[9.0124,41.125],[8.8174,40.9397]],[[2.3482,39.5961],[2.4559,39.5051],[2.6286,39.5645],[2.6878,39.5531],[2.7895,39.3617],[2.9571,39.3632],[3.0735,39.2686],[3.2322,39.3612],[3.301,39.5033],[3.4547,39.6549],[3.4581,39.7437],[3.3842,39.765],[3.2372,39.7314],[3.1528,39.7675],[3.0797,39.9013],[3.2123,39.962],[2.875,39.8787],[2.7001,39.8115],[2.5556,39.7003],[2.3482,39.5961]],[[1.6202,39.0369],[1.5333,39.1185],[1.3635,39.0733],[1.2131,38.903],[1.4023,38.8477],[1.6202,39.0369]],[[10.4001,42.8601],[10.3598,42.8178],[10.1398,42.8088],[10.1366,42.7317],[10.4344,42.7337],[10.4001,42.8601]],[[19.673,39.7954],[19.6284,39.7524],[19.7404,39.6246],[19.8193,39.5842],[19.8681,39.4563],[19.9363,39.4743],[19.8452,39.7068],[19.9411,39.7431],[19.8465,39.8221],[19.673,39.7954]],[[14.339,44.7117],[14.5172,44.6086],[14.4463,44.8744],[14.3663,44.792],[14.339,44.7117]],[[14.542,45.1738],[14.4342,45.0922],[14.5053,45.0199],[14.7347,44.9344],[14.8114,44.9905],[14.542,45.1738]],[[15.0533,44.4767],[14.9093,44.6125],[14.8528,44.6033],[14.7352,44.704],[14.9065,44.4843],[15.0828,44.3975],[15.1583,44.3047],[15.2472,44.3493],[15.0533,44.4767]],[[16.4348,43.3753],[16.5298,43.2695],[16.8547,43.2708],[16.7814,43.3573],[16.6082,43.3811],[16.4348,43.3753]],[[28.2208,36.4583],[27.8783,36.3222],[27.7659,36.1872],[27.7249,35.9376],[27.7634,35.8936],[27.8627,35.9265],[27.9533,36.0451],[28.1397,36.1899],[28.2362,36.3932],[28.2208,36.4583]],[[27.0837,35.4493],[27.1342,35.3988],[27.2117,35.5347],[27.1618,35.6548],[27.0611,35.598],[27.1128,35.5448],[27.0837,35.4493]],[[24.0415,35.1932],[24.3807,35.1939],[24.5608,35.1028],[24.7272,35.0912],[24.7935,34.923],[25.1916,34.9454],[25.3751,34.9983],[25.5054,34.9813],[25.6934,35.0142],[25.8151,34.9995],[25.9885,35.0371],[26.1156,34.9929],[26.2302,35.0326],[26.3183,35.1956],[26.2637,35.2664],[26.1348,35.1957],[26.0256,35.2294],[25.8916,35.1796],[25.8121,35.1096],[25.7112,35.1662],[25.73,35.3405],[25.6598,35.3479],[25.4427,35.2918],[25.368,35.3392],[25.0471,35.3451],[24.9605,35.4036],[24.6484,35.42],[24.5524,35.3755],[24.2627,35.3629],[24.1875,35.4493],[24.1758,35.5867],[24.069,35.5833],[23.9935,35.5116],[23.7794,35.5472],[23.7179,35.5074],[23.6122,35.5212],[23.5961,35.6284],[23.5145,35.3068],[23.607,35.2305],[23.826,35.2486],[23.992,35.228],[24.0415,35.1932]],[[22.9087,36.1988],[22.9929,36.1325],[23.1043,36.2427],[22.9288,36.378],[22.9087,36.1988]],[[14.3359,35.8793],[14.531,35.8056],[14.5758,35.8673],[14.3671,35.9989],[14.3359,35.8793]],[[33.0178,34.6537],[33.1485,34.7127],[33.3699,34.7311],[33.6398,34.8654],[33.6643,34.9653],[33.7519,34.9821],[33.8563,34.9431],[34.077,34.9902],[33.912,35.1616],[33.9033,35.2484],[33.9557,35.3153],[34.0622,35.3263],[34.1366,35.417],[34.2846,35.4788],[34.2903,35.5765],[34.1725,35.5592],[34.1258,35.5055],[33.6468,35.3571],[33.4846,35.332],[32.9916,35.3689],[32.8986,35.1759],[32.8263,35.1409],[32.6504,35.1964],[32.5488,35.1731],[32.4862,35.081],[32.4087,35.0398],[32.306,35.0833],[32.3021,34.9502],[32.4252,34.7431],[32.7055,34.641],[32.8804,34.6637],[32.9401,34.5688],[33.0178,34.6537]],[[11.2161,34.784],[11.1255,34.6633],[11.3036,34.7341],[11.2161,34.784]],[[11.0607,33.7822],[10.9465,33.8864],[10.7934,33.8984],[10.7451,33.8884],[10.7271,33.7631],[10.8779,33.6897],[10.9758,33.6871],[11.0607,33.7822]],[[24.7831,40.686],[24.7166,40.7858],[24.6429,40.7948],[24.5613,40.7599],[24.5112,40.6633],[24.627,40.5825],[24.7773,40.6186],[24.7831,40.686]],[[25.5532,40.5079],[25.4585,40.4577],[25.5602,40.3951],[25.6977,40.4225],[25.6566,40.4939],[25.5532,40.5079]],[[25.9437,40.2411],[25.7848,40.21],[25.671,40.1537],[25.7387,40.0907],[25.9432,40.1291],[25.9437,40.2411]],[[25.2514,39.8475],[25.3401,39.8746],[25.4444,39.9849],[25.4408,40.0349],[25.2913,39.9396],[25.1398,40.0075],[25.0457,39.981],[25.0569,39.8431],[25.2514,39.8475]],[[26.3259,38.9767],[26.4183,38.9611],[26.6082,39.0086],[26.5334,39.1618],[26.3774,39.2768],[26.4124,39.3224],[26.3158,39.3731],[25.9974,39.2782],[25.882,39.2787],[25.8427,39.1748],[26.3259,38.9767]],[[24.4583,38.8797],[24.6172,38.7634],[24.6672,38.8243],[24.5093,38.9618],[24.4583,38.8797]],[[23.1302,39.008],[22.9606,38.8363],[23.1955,38.8348],[23.5989,38.5716],[23.6217,38.4448],[23.7716,38.3912],[24.0524,38.392],[24.1594,38.2686],[24.2068,38.0964],[24.3082,38.0678],[24.3463,37.9793],[24.5585,37.9785],[24.5891,38.0608],[24.5572,38.1414],[24.3366,38.1619],[24.2488,38.2283],[24.1882,38.4841],[24.048,38.6871],[23.956,38.6611],[23.7564,38.7082],[23.7242,38.7479],[23.5891,38.765],[23.4701,38.8364],[23.3772,39.0072],[23.2808,39.039],[23.1302,39.008]],[[26.0102,38.1554],[26.0982,38.2078],[26.1544,38.3036],[26.135,38.4204],[26.1617,38.5465],[26.0062,38.6046],[25.8575,38.5806],[25.9935,38.3716],[25.9539,38.2928],[25.8642,38.2473],[26.0102,38.1554]],[[24.8419,37.9112],[24.7878,37.9989],[24.6929,37.9662],[24.9298,37.6961],[24.9813,37.7286],[24.947,37.904],[24.8419,37.9112]],[[26.7267,37.8086],[26.611,37.7696],[26.7935,37.6431],[27.0365,37.7337],[26.8577,37.8029],[26.7267,37.8086]],[[26.0621,37.6258],[26.0791,37.5265],[26.2936,37.6101],[26.0621,37.6258]],[[25.0625,37.5921],[25.189,37.5243],[25.2532,37.6087],[24.9819,37.678],[25.0625,37.5921]],[[25.8656,36.7866],[26.0359,36.9193],[25.8452,36.8526],[25.8656,36.7866]],[[27.0745,36.8509],[27.1663,36.8058],[27.3253,36.8455],[27.2725,36.9115],[27.0745,36.8509]],[[24.5141,36.7676],[24.3371,36.6513],[24.5351,36.6775],[24.5141,36.7676]],[[25.1066,37.0592],[25.1817,36.9751],[25.2489,37.0122],[25.2861,37.1247],[25.1661,37.1269],[25.1066,37.0592]],[[25.5358,37.2033],[25.3484,37.0776],[25.4475,36.9164],[25.5509,36.958],[25.6,37.1157],[25.5358,37.2033]],[[25.2495,36.7254],[25.3263,36.6781],[25.402,36.7172],[25.3029,36.7917],[25.2495,36.7254]],[[20.7215,38.8091],[20.6907,38.8421],[20.6455,38.8314],[20.5556,38.6816],[20.6176,38.5964],[20.7257,38.636],[20.7215,38.8091]],[[20.6319,38.1138],[20.7883,38.0569],[20.8161,38.1098],[20.6884,38.2664],[20.6067,38.2946],[20.4096,38.3436],[20.3373,38.1906],[20.4705,38.1857],[20.5104,38.1037],[20.6319,38.1138]],[[20.7342,37.869],[20.6968,37.9324],[20.6308,37.8127],[20.805,37.6537],[20.9094,37.7368],[20.9056,37.8043],[20.7342,37.869]],[[29.7637,45.3403],[29.7393,45.45],[29.599,45.3873],[29.7637,45.3403]],[[29.2832,45.4247],[29.2391,45.4307],[29.1825,45.3995],[29.0418,45.3591],[28.9515,45.3094],[28.9427,45.2774],[28.8216,45.3327],[28.8075,45.304],[28.7875,45.2891],[28.7646,45.2904],[28.7554,45.2824],[28.7688,45.2636],[28.7921,45.2579],[28.7944,45.2401],[28.7922,45.1896],[28.8433,45.2046],[28.8703,45.1999],[28.9329,45.1546],[29.2061,45.0966],[29.2787,45.04],[29.2796,45.02],[29.3045,45.0214],[29.2885,45.0031],[29.3097,44.9957],[29.318,44.9845],[29.3137,44.9707],[29.323,44.9702],[29.3412,44.9835],[29.349,44.9675],[29.3681,44.9523],[29.3916,44.9451],[29.4231,44.9738],[29.4447,44.9749],[29.4819,44.9616],[29.5313,44.94],[29.6201,44.8833],[29.6497,45.0819],[29.7021,45.1609],[29.6519,45.3364],[29.5463,45.4076],[29.4163,45.4043],[29.3649,45.4197],[29.3359,45.4458],[29.2832,45.4247]]]}},{"type":"Feature","properties":{"NAME":"North Atlantic Ocean","region":"North Atlantic Ocean","n_subregions":18,"subregions":"Baltic Sea; Bay of Biscay; Bay of Fundy; Bristol Channel; Caribbean Sea; Celtic Sea; English Channel; Gulf of Bothnia; Gulf of Finland; Gulf of Guinea; Gulf of Riga; Gulf of St. Lawrence; Inner Seas off the West Coast of Scotland; Irish Sea and St. George's Channel; Kattegat; North Atlantic Ocean; North Sea; Skagerrak","area_sum_original":39985569},"geometry":{"type":"MultiPolygon","coordinates":[[[[-62.2499,8.5968],[-62.1882,8.6953],[-62.0758,8.7498],[-62.0627,8.8173],[-62.0245,8.8438],[-62.0068,8.8374],[-62.0016,8.8237],[-61.958,8.8045],[-61.8631,8.8849],[-61.8234,9.0605],[-61.8652,9.1095],[-61.7798,9.2242],[-61.7869,9.247],[-61.7525,9.3136],[-61.7281,9.3476],[-61.6315,9.4356],[-61.622,9.5239],[-61.5147,9.6739],[-61.5738,9.7924],[-61.7753,9.8294],[-61.8639,9.8074],[-62.0281,9.9595],[-62.1958,10.0209],[-62.2412,9.9829],[-62.245,9.8532],[-62.2919,9.7287],[-62.4426,9.5409],[-62.4109,9.4206],[-62.325,9.3685],[-62.3227,9.2949],[-62.2775,9.3001],[-62.2639,9.3069],[-62.24,9.3032],[-62.2421,9.2715],[-62.2153,9.2451],[-62.217,9.2235],[-62.2016,9.2179],[-62.1913,9.2059],[-62.1313,9.128],[-62.1327,9.1266],[-62.1929,9.0621],[-62.266,9.1112],[-62.2638,9.1317],[-62.3017,9.1367],[-62.3245,9.1259],[-62.3307,9.1316],[-62.3282,9.1665],[-62.321,9.1791],[-62.3049,9.1898],[-62.3024,9.2264],[-62.3476,9.3241],[-62.3253,9.3618],[-62.406,9.4018],[-62.4395,9.4825],[-62.4471,9.5785],[-62.3096,9.7623],[-62.4156,9.9678],[-62.5105,10.1905],[-62.5943,10.233],[-62.6628,10.198],[-62.69,10.3292],[-62.7991,10.4198],[-62.8291,10.3789],[-62.8862,10.3689],[-62.9179,10.4056],[-63.0049,10.3879],[-63.0071,10.4185],[-63.0215,10.4149],[-63.0292,10.4167],[-63.0313,10.4237],[-63.0376,10.4544],[-63.0334,10.4592],[-63.0251,10.4618],[-63.0138,10.4603],[-62.9984,10.4458],[-62.9377,10.4893],[-62.9195,10.5191],[-62.6725,10.5762],[-62.5289,10.5439],[-62.3219,10.5388],[-62.249,10.6351],[-61.9542,10.6442],[-61.9978,10.7253],[-62.1554,10.6849],[-62.6896,10.7456],[-62.9034,10.692],[-63.0006,10.7197],[-63.2334,10.6753],[-63.3905,10.6857],[-63.5325,10.6269],[-63.7621,10.659],[-63.9164,10.6251],[-64.0605,10.6499],[-64.2066,10.5524],[-63.9718,10.5802],[-63.8185,10.5499],[-63.6925,10.4815],[-63.7969,10.4409],[-64.0443,10.4399],[-64.1921,10.4757],[-64.2345,10.4133],[-64.3924,10.3754],[-64.379,10.299],[-64.5425,10.2374],[-64.6047,10.2567],[-64.6966,10.197],[-64.7666,10.0976],[-64.9414,10.0977],[-65.0626,10.0529],[-65.1777,10.0918],[-65.4578,10.1465],[-65.7177,10.232],[-65.844,10.2524],[-66.1158,10.525],[-66.1014,10.5921],[-66.2287,10.6462],[-66.349,10.6067],[-66.4112,10.6311],[-66.5694,10.6298],[-66.9531,10.6027],[-67.0159,10.6151],[-67.1595,10.5599],[-67.9028,10.4736],[-68.165,10.5009],[-68.2758,10.6377],[-68.3214,10.7536],[-68.2954,10.8613],[-68.2217,10.8731],[-68.3193,11.0062],[-68.3883,11.1458],[-68.5312,11.2647],[-68.6535,11.3409],[-68.7665,11.3736],[-68.8295,11.4439],[-69.051,11.4391],[-69.1074,11.4935],[-69.2836,11.5333],[-69.3687,11.4824],[-69.5133,11.5055],[-69.607,11.4588],[-69.687,11.5406],[-69.7534,11.6728],[-69.8143,11.8873],[-69.8235,12.004],[-69.93,12.1707],[-70.0225,12.1955],[-70.2156,12.0473],[-70.2909,11.9016],[-70.2765,11.8173],[-70.2063,11.7644],[-70.1847,11.6047],[-69.8409,11.6915],[-69.7705,11.6863],[-69.6635,11.4896],[-69.8106,11.4195],[-69.8711,11.4362],[-69.947,11.523],[-70.0439,11.5093],[-70.1277,11.4539],[-70.1921,11.358],[-70.2745,11.3549],[-70.5289,11.2317],[-70.7114,11.2272],[-70.8434,11.1951],[-71.1442,11.0258],[-71.3329,10.9599],[-71.4361,10.9682],[-71.4494,10.7907],[-71.5236,10.7251],[-71.5374,10.5479],[-71.4583,10.4845],[-71.4797,10.3917],[-71.4324,10.3581],[-71.3659,10.2262],[-71.2554,10.1123],[-71.2105,9.9737],[-71.1535,9.9531],[-71.0771,9.8357],[-71.0356,9.7114],[-71.0852,9.5481],[-71.0624,9.3136],[-71.216,9.1987],[-71.2369,9.1489],[-71.4693,9.0514],[-71.609,9.0369],[-71.6867,9.0634],[-71.7697,9.281],[-71.7362,9.3529],[-71.9474,9.5023],[-71.9732,9.606],[-72.0943,9.7535],[-72.1268,9.8339],[-72.0412,9.9323],[-71.9897,10.0734],[-71.9084,10.1166],[-71.8397,10.2074],[-71.7917,10.3247],[-71.63,10.4402],[-71.633,10.5142],[-71.587,10.6684],[-71.7054,10.8573],[-71.755,11.0791],[-71.8962,11.2526],[-71.9602,11.4254],[-71.9574,11.5841],[-71.872,11.6242],[-71.6374,11.6869],[-71.463,11.7165],[-71.3382,11.7939],[-71.3394,11.8349],[-71.2365,11.9514],[-71.1361,12.0024],[-71.1152,12.0854],[-71.2253,12.2737],[-71.3262,12.3491],[-71.542,12.4401],[-71.6247,12.4402],[-71.701,12.3575],[-71.8756,12.3162],[-71.8685,12.1923],[-71.9853,12.1491],[-71.9714,12.2565],[-72.1396,12.2402],[-72.1387,12.1026],[-72.227,11.9111],[-72.2977,11.855],[-72.5349,11.7416],[-72.5969,11.744],[-72.7643,11.6802],[-72.8598,11.5692],[-73.0327,11.489],[-73.2785,11.2848],[-73.3536,11.2629],[-73.7919,11.2566],[-74.0305,11.3467],[-74.1944,11.302],[-74.2388,11.2188],[-74.2144,11.0742],[-74.2668,11.0055],[-74.3755,10.7448],[-74.4566,10.726],[-74.5136,10.8984],[-74.4913,10.9671],[-74.8314,11.0982],[-75.025,10.9614],[-75.0498,10.8951],[-75.26,10.8013],[-75.2743,10.7152],[-75.395,10.6815],[-75.5115,10.5726],[-75.4963,10.4766],[-75.5475,10.4325],[-75.5038,10.3085],[-75.5433,10.2439],[-75.5797,9.956],[-75.6538,9.707],[-75.581,9.6426],[-75.597,9.4895],[-75.6771,9.4032],[-75.7835,9.3933],[-75.9479,9.4435],[-75.9809,9.374],[-76.0842,9.3355],[-76.1705,9.2295],[-76.1875,9.1176],[-76.3285,8.9288],[-76.6456,8.6753],[-76.886,8.6229],[-76.9117,8.533],[-76.8428,8.5074],[-76.7585,8.3923],[-76.7733,8.271],[-76.7191,8.0422],[-76.7482,7.9224],[-76.802,7.9038],[-77.0198,7.9102],[-76.988,8.0317],[-76.94,8.0632],[-76.9767,8.2572],[-77.0355,8.253],[-77.1304,8.4122],[-77.2484,8.4717],[-77.2842,8.5674],[-77.3679,8.6686],[-77.4683,8.6693],[-77.5354,8.7554],[-77.6439,8.8193],[-77.7621,8.9522],[-77.7737,9.0078],[-77.8779,9.0701],[-78.0423,9.2439],[-78.2135,9.2915],[-78.3314,9.3559],[-78.5762,9.4435],[-78.728,9.4582],[-78.8521,9.4222],[-78.9605,9.4591],[-79.0525,9.4384],[-79.0751,9.5013],[-79.5531,9.6303],[-79.6684,9.5819],[-79.6907,9.5029],[-79.9163,9.3316],[-79.8156,9.271],[-79.8245,9.1806],[-79.768,9.1151],[-79.6899,9.1081],[-79.6615,9.0613],[-79.663,9.0605],[-79.6921,9.1071],[-79.9623,9.1279],[-79.9298,9.2613],[-80.0019,9.318],[-80.0859,9.2342],[-80.2944,9.1559],[-80.5314,9.1041],[-80.7594,8.975],[-80.8244,8.8949],[-80.9936,8.8352],[-81.2019,8.7865],[-81.4966,8.7995],[-81.5861,8.8615],[-81.7608,9.0626],[-81.8215,9.064],[-81.8817,9.1841],[-81.9476,9.1372],[-81.7695,8.9792],[-81.8016,8.9364],[-81.8986,8.9795],[-82.1076,8.9313],[-82.1384,8.9899],[-82.249,9.0097],[-82.2563,9.1687],[-82.3541,9.2075],[-82.3512,9.3102],[-82.3858,9.4191],[-82.622,9.6349],[-82.7818,9.6652],[-83.0271,9.9675],[-83.1073,10.01],[-83.3913,10.3571],[-83.524,10.5836],[-83.6412,10.9111],[-83.7195,10.9407],[-83.8117,11.0742],[-83.8606,11.2257],[-83.8659,11.3969],[-83.8002,11.4432],[-83.7511,11.5612],[-83.6506,11.5943],[-83.7038,11.8557],[-83.7831,11.8],[-83.8401,11.8777],[-83.7651,11.9516],[-83.7622,12.0345],[-83.6865,12.0402],[-83.6737,12.3471],[-83.7313,12.3373],[-83.7464,12.5533],[-83.7015,12.5492],[-83.5988,12.6447],[-83.6584,12.8104],[-83.5471,12.7914],[-83.579,12.5611],[-83.6392,12.5367],[-83.5969,12.3789],[-83.4888,12.4069],[-83.5448,12.6691],[-83.5098,12.8763],[-83.5545,13.1118],[-83.5721,13.3191],[-83.5253,13.5389],[-83.6131,13.65],[-83.5071,13.717],[-83.4567,13.8688],[-83.4668,13.964],[-83.3539,14.0492],[-83.268,14.1966],[-83.3232,14.2467],[-83.3291,14.3491],[-83.2069,14.3004],[-83.2165,14.4432],[-83.2992,14.7153],[-83.3853,14.7528],[-83.4149,14.8364],[-83.3537,14.9061],[-83.2973,14.8395],[-83.2179,14.952],[-83.2289,15.0313],[-83.3132,15.1],[-83.3902,15.2556],[-83.5973,15.3263],[-83.6485,15.2656],[-83.7703,15.2678],[-83.9014,15.3118],[-83.932,15.231],[-84.1025,15.3432],[-84.1154,15.4743],[-84.0033,15.5621],[-84.3085,15.8176],[-84.4534,15.8262],[-84.531,15.783],[-84.6587,15.8677],[-84.9975,15.9804],[-85.0638,15.9832],[-85.212,15.8941],[-85.4886,15.8606],[-85.6959,15.9582],[-85.8228,15.9863],[-85.9897,15.9049],[-86.1232,15.9043],[-86.2841,15.8134],[-86.4226,15.7803],[-86.4917,15.8154],[-86.7099,15.7877],[-86.7785,15.7988],[-86.9065,15.7552],[-87.2181,15.8028],[-87.374,15.8486],[-87.4595,15.7818],[-87.5326,15.7996],[-87.7132,15.9183],[-87.8705,15.8895],[-87.9528,15.806],[-88.0461,15.7677],[-88.1432,15.6814],[-88.2504,15.7301],[-88.4362,15.8495],[-88.5477,15.8773],[-88.5545,15.8123],[-88.6268,15.7527],[-88.7531,15.8127],[-88.7757,15.7808],[-88.8309,15.771],[-88.8969,15.6836],[-88.9982,15.6566],[-88.9842,15.5265],[-89.0978,15.4163],[-89.2334,15.4135],[-89.3901,15.4794],[-89.2261,15.5727],[-89.16,15.5647],[-89.0113,15.6275],[-88.9978,15.6707],[-88.8742,15.7477],[-88.8588,15.7849],[-88.7815,15.7827],[-88.7469,15.829],[-88.8287,15.8735],[-88.8801,15.861],[-88.9351,15.9637],[-88.7952,16.1192],[-88.7476,16.2189],[-88.5448,16.2722],[-88.3086,16.6675],[-88.3188,16.7732],[-88.2561,16.8128],[-88.2891,16.8835],[-88.2252,16.9404],[-88.2443,17.0618],[-88.3046,17.1416],[-88.3038,17.2448],[-88.2477,17.4743],[-88.2927,17.6218],[-88.2262,17.7334],[-88.1938,17.9216],[-88.1054,18.0996],[-88.0959,18.3263],[-88.2552,18.3564],[-88.323,18.4254],[-88.1747,18.7096],[-88.0719,18.8528],[-88.0015,18.7382],[-88.003,18.6545],[-88.0707,18.4804],[-87.9324,18.4341],[-87.8188,18.3326],[-87.7637,18.4187],[-87.7252,18.6673],[-87.6675,18.7705],[-87.6272,18.9393],[-87.549,19.086],[-87.5008,19.3244],[-87.6653,19.1883],[-87.6867,19.231],[-87.6342,19.3746],[-87.5206,19.3995],[-87.4458,19.4681],[-87.4139,19.5652],[-87.6143,19.5528],[-87.651,19.5048],[-87.7479,19.6006],[-87.7394,19.6683],[-87.653,19.6797],[-87.5563,19.8076],[-87.4596,19.8881],[-87.4782,20.0779],[-87.4248,20.2234],[-87.2558,20.4756],[-87.1076,20.5867],[-86.8743,20.8477],[-86.8208,21.0046],[-86.745,21.1329],[-86.8497,21.2526],[-86.8869,21.4033],[-87.0098,21.5563],[-87.0871,21.589],[-87.0869,21.5901],[-87.1026,21.6048],[-84.9516,21.863],[-84.8097,21.8109],[-84.7309,21.8739],[-84.5562,21.9331],[-84.47,21.9131],[-84.5127,21.8037],[-84.4398,21.7671],[-84.2579,21.8959],[-84.0868,21.9307],[-84.0321,21.9105],[-83.9689,22.0178],[-83.974,22.1106],[-83.9215,22.1647],[-83.4171,22.1839],[-83.3506,22.2157],[-83.2642,22.3463],[-83.1718,22.3319],[-83.0671,22.4906],[-82.9119,22.5474],[-82.7867,22.6295],[-82.7705,22.6973],[-82.3418,22.6775],[-82.24,22.6883],[-82.0985,22.655],[-81.8702,22.6789],[-81.6493,22.5746],[-81.6468,22.491],[-81.8458,22.4272],[-82.1147,22.431],[-82.0973,22.3406],[-81.856,22.2443],[-81.7784,22.1813],[-81.6443,22.1504],[-81.5179,22.2032],[-81.3991,22.1739],[-81.3421,22.0829],[-81.2275,22.1312],[-81.1406,22.2206],[-81.1137,22.106],[-80.9703,22.0438],[-80.7382,22.0576],[-80.5995,22.0446],[-80.4618,22.0795],[-80.4414,22.0321],[-80.2902,21.8976],[-80.0656,21.8076],[-80.031,21.7655],[-79.657,21.6888],[-79.5357,21.6159],[-79.3595,21.6016],[-79.2077,21.5429],[-79.0444,21.5916],[-78.7519,21.6381],[-78.7424,21.5944],[-78.6008,21.4786],[-78.5255,21.2835],[-78.4864,21.0284],[-78.2628,20.9002],[-78.1428,20.7612],[-78.0389,20.7006],[-77.9232,20.6929],[-77.8496,20.7249],[-77.7752,20.6939],[-77.5639,20.6938],[-77.4735,20.6686],[-77.3175,20.7048],[-77.2361,20.5965],[-77.2464,20.5438],[-77.123,20.5202],[-77.0772,20.476],[-77.1227,20.3486],[-77.1815,20.2864],[-77.3828,20.2079],[-77.6069,20.0437],[-77.7412,19.8743],[-77.6058,19.8441],[-77.3406,19.8581],[-77.3118,19.911],[-76.9922,19.8853],[-76.8697,19.9374],[-76.6702,19.9621],[-76.5714,19.9448],[-76.2576,19.9924],[-75.9634,19.9556],[-75.7044,19.9586],[-75.5968,19.8939],[-75.285,19.8848],[-75.0189,19.9082],[-74.8361,20.0344],[-74.4875,20.0697],[-74.2939,20.0659],[-74.1435,20.1804],[-74.1451,20.2509],[-74.2289,20.3186],[-74.3886,20.2991],[-74.4881,20.3399],[-74.5694,20.4571],[-74.7194,20.558],[-74.7569,20.6261],[-75.0313,20.6999],[-75.0756,20.6677],[-75.2339,20.7204],[-75.4736,20.7379],[-75.515,20.7898],[-75.7586,20.7044],[-75.7832,20.7464],[-75.6975,20.9219],[-75.6559,20.8812],[-75.5763,21.0178],[-75.7168,21.1264],[-75.8108,21.1342],[-76.0169,21.0845],[-76.1458,21.1664],[-76.3804,21.2771],[-76.5355,21.275],[-76.6347,21.3027],[-76.6557,21.3552],[-76.8124,21.3758],[-76.9228,21.4422],[-77.0655,21.594],[-77.1124,21.5889],[-77.1581,21.4761],[-77.2606,21.4703],[-77.2786,21.6134],[-77.1821,21.5722],[-77.1064,21.6053],[-77.2417,21.7016],[-77.4258,21.8012],[-77.4855,21.772],[-77.6678,21.7716],[-77.7431,21.7967],[-77.7484,21.9554],[-77.6445,21.8748],[-77.623,21.997],[-77.6484,22.0593],[-77.7542,22.0547],[-77.8354,22.1044],[-77.9013,22.2296],[-78.0569,22.2908],[-78.1109,22.4138],[-78.2657,22.4291],[-78.3783,22.5503],[-78.4797,22.523],[-78.6128,22.5398],[-78.6449,22.4832],[-78.546,22.4356],[-78.34,22.4198],[-78.2415,22.3247],[-78.0601,22.2679],[-78.0339,22.1606],[-77.9507,22.1083],[-77.9382,22.0376],[-77.8555,21.9653],[-77.873,21.8595],[-78.0567,22.0731],[-78.3165,22.1592],[-78.3962,22.2476],[-78.7767,22.389],[-79.0032,22.4001],[-79.2492,22.3726],[-79.3694,22.4262],[-79.5076,22.5344],[-79.6129,22.6599],[-79.6484,22.7607],[-79.9736,22.8696],[-80.034,22.9372],[-80.1108,22.9497],[-80.2756,22.9049],[-80.527,22.985],[-80.6271,23.0962],[-80.7504,23.0957],[-80.9364,23.0494],[-81.0772,23.0872],[-81.1752,23.0269],[-81.2908,23.1348],[-81.5337,23.0683],[-81.6054,23.1535],[-81.9421,23.1588],[-81.9995,23.1836],[-82.2288,23.1805],[-82.3909,23.147],[-82.6055,23.0394],[-82.7356,23.0199],[-82.9999,23.0117],[-83.0,24.5833],[-82.5833,24.5833],[-81.8078,24.5566],[-81.7305,24.5691],[-81.5101,24.6257],[-81.4019,24.6234],[-81.1108,24.6903],[-80.908,24.7766],[-80.7952,24.8105],[-80.7348,24.8479],[-80.6137,24.9438],[-80.5658,24.956],[-80.3998,25.1059],[-80.4277,25.2614],[-80.3739,25.2957],[-80.3406,25.4988],[-80.1704,25.8669],[-80.1214,25.9162],[-80.1099,26.0827],[-80.0463,26.5324],[-80.048,26.7842],[-80.1061,27.0495],[-80.1933,27.1617],[-80.3216,27.4433],[-80.3771,27.6575],[-80.6566,28.1921],[-80.7409,28.3883],[-80.5852,28.5166],[-80.5751,28.5852],[-80.7673,28.7576],[-80.9175,29.018],[-80.9961,29.2038],[-81.2616,29.764],[-81.307,29.8293],[-81.3086,29.966],[-81.3788,30.2457],[-81.3985,30.3955],[-81.5274,30.3576],[-81.6648,30.2771],[-81.6235,30.2315],[-81.6698,30.0589],[-81.5735,29.9665],[-81.5895,29.8905],[-81.5211,29.7685],[-81.5763,29.6982],[-81.6757,29.4527],[-81.5293,29.2921],[-81.6105,29.2032],[-81.6807,29.3277],[-81.6862,29.5912],[-81.6351,29.7129],[-81.5622,29.7814],[-81.6199,29.8763],[-81.6106,29.9625],[-81.6914,30.0084],[-81.7078,30.2856],[-81.5972,30.4154],[-81.4647,30.3909],[-81.4482,30.4497],[-81.5277,30.5593],[-81.4841,30.5979],[-81.4522,30.7991],[-81.4041,30.916],[-81.5111,30.9649],[-81.4257,31.0485],[-81.4562,31.1958],[-81.4023,31.3048],[-81.333,31.3322],[-81.3754,31.4254],[-81.2315,31.5495],[-81.1603,31.5704],[-81.1424,31.6992],[-81.2005,31.735],[-81.1836,31.7979],[-81.1785,31.8164],[-81.1614,31.8244],[-81.1595,31.8379],[-81.145,31.8506],[-81.1018,31.9255],[-81.0744,31.9246],[-81.0023,32.081],[-80.8966,32.1037],[-80.8639,32.2157],[-80.76,32.2773],[-80.8452,32.383],[-80.8261,32.4789],[-80.7882,32.498],[-80.7849,32.5274],[-80.7643,32.54],[-80.7486,32.5423],[-80.7356,32.5366],[-80.6732,32.5244],[-80.6519,32.511],[-80.6249,32.5181],[-80.6028,32.5752],[-80.5546,32.5101],[-80.4648,32.5195],[-80.386,32.6167],[-80.2879,32.6254],[-80.1029,32.7882],[-80.0091,32.7723],[-79.9715,32.6397],[-79.9116,32.666],[-79.8507,32.77],[-79.7786,32.8036],[-79.5517,33.0429],[-79.4805,33.0081],[-79.1939,33.1709],[-79.2131,33.2458],[-79.0971,33.4666],[-78.8428,33.722],[-78.6822,33.814],[-78.4988,33.8858],[-78.3157,33.9172],[-78.0736,33.9018],[-77.9582,33.9755],[-77.8592,34.1525],[-77.7014,34.3441],[-77.5369,34.4543],[-77.3165,34.5463],[-77.2052,34.6327],[-76.9002,34.7269],[-76.7125,34.7191],[-76.6872,34.7836],[-76.6916,34.8828],[-76.6801,34.9534],[-76.6008,35.0716],[-76.5896,35.2416],[-76.4969,35.3107],[-76.7129,35.3501],[-76.711,35.4289],[-76.5773,35.3882],[-76.38,35.3869],[-76.2685,35.3407],[-76.1556,35.3357],[-76.0147,35.4214],[-75.8939,35.5749],[-75.7817,35.577],[-75.7173,35.7041],[-75.7309,35.8252],[-75.7828,35.9332],[-75.8539,35.9747],[-75.9855,35.8888],[-76.0626,35.9903],[-76.1484,35.9955],[-76.3701,35.9349],[-76.4001,35.9821],[-76.5806,36.0108],[-76.2369,36.0992],[-75.9545,36.2035],[-75.8765,36.1842],[-75.9299,36.3643],[-76.046,36.5036],[-75.9886,36.5545],[-75.9429,36.7224],[-75.9925,36.9141],[-76.0905,36.9081],[-76.3316,36.9601],[-76.4759,36.8821],[-76.5145,36.9689],[-76.6683,37.0531],[-76.624,37.1268],[-76.4648,37.0278],[-76.4309,36.9658],[-76.2986,37.0244],[-76.2703,37.0879],[-76.4212,37.2233],[-76.4155,37.4083],[-76.2891,37.3217],[-76.252,37.4355],[-76.3631,37.5232],[-76.3074,37.7033],[-76.3088,37.8336],[-76.2377,37.8832],[-76.5508,38.0407],[-76.612,38.1481],[-76.8814,38.1753],[-76.963,38.2182],[-76.9261,38.2945],[-76.7781,38.2285],[-76.721,38.2547],[-76.5923,38.2153],[-76.5009,38.1375],[-76.3212,38.1368],[-76.3862,38.2197],[-76.3829,38.3865],[-76.4933,38.4836],[-76.5573,38.744],[-76.3945,39.012],[-76.4586,39.0602],[-76.3836,39.3079],[-76.2896,39.3166],[-76.1023,39.4346],[-76.0842,39.5467],[-75.9699,39.5573],[-75.998,39.4657],[-75.8637,39.5322],[-75.8046,39.5296],[-75.7544,39.5415],[-75.704,39.5483],[-75.5638,39.5619],[-75.6114,39.5973],[-75.5718,39.621],[-75.5023,39.5704],[-75.544,39.4737],[-75.3844,39.3556],[-75.1707,39.2351],[-74.9011,39.1742],[-74.8985,39.0961],[-74.9724,38.9387],[-74.8341,38.9906],[-74.7829,39.071],[-74.5829,39.2699],[-74.408,39.3643],[-74.4571,39.4472],[-74.41,39.5383],[-74.2662,39.616],[-74.1807,39.7027],[-74.1335,39.9279],[-74.0618,39.9889],[-73.9721,40.3272],[-73.983,40.4032],[-74.1388,40.4559],[-74.262,40.4652],[-74.2547,40.5473],[-74.214,40.5672],[-74.2067,40.6245],[-74.1893,40.6445],[-74.0867,40.6535],[-73.9697,40.8281],[-73.8717,40.801],[-73.6406,41.0038],[-73.4791,41.0364],[-73.372,41.1087],[-73.1174,41.1514],[-72.9339,41.2597],[-72.5439,41.2484],[-72.112,41.2993],[-71.9681,41.3513],[-71.8513,41.31],[-71.5067,41.3749],[-71.4184,41.4719],[-71.4081,41.6629],[-71.2123,41.6389],[-71.1865,41.46],[-70.9364,41.5404],[-70.9313,41.6077],[-70.8008,41.6292],[-70.7256,41.7303],[-70.5149,41.7887],[-70.5367,41.9206],[-70.6615,41.9562],[-70.6417,42.0915],[-70.765,42.2443],[-70.8745,42.2756],[-70.9618,42.243],[-71.0438,42.3231],[-70.9789,42.4285],[-70.8481,42.5194],[-70.5909,42.6482],[-70.7447,42.6808],[-70.7946,42.7508],[-70.8099,42.9117],[-70.6652,43.0755],[-70.5754,43.2222],[-70.5621,43.3155],[-70.4376,43.356],[-70.3649,43.438],[-70.3624,43.5281],[-70.2053,43.5574],[-70.2564,43.6746],[-70.1193,43.8073],[-70.0186,43.8597],[-69.8039,43.9096],[-69.6674,43.8553],[-69.5136,43.8447],[-69.442,43.9696],[-69.2025,43.9422],[-69.1357,44.0026],[-69.0397,44.2341],[-68.9582,44.3144],[-68.9831,44.388],[-68.8059,44.5052],[-68.8261,44.3343],[-68.5734,44.2605],[-68.5286,44.3986],[-68.434,44.4007],[-68.2015,44.5091],[-68.1144,44.4071],[-67.8926,44.4233],[-67.8579,44.5284],[-67.5671,44.531],[-67.3624,44.6352],[-67.1893,44.644],[-66.9792,44.8053],[-67.1176,45.0571],[-66.9552,45.1598],[-66.9089,45.052],[-66.8073,45.0409],[-66.4803,45.1229],[-66.1869,45.1559],[-66.1347,45.2945],[-65.9095,45.1935],[-65.8021,45.2624],[-65.5345,45.3235],[-65.342,45.4482],[-65.0334,45.5372],[-64.8665,45.6317],[-64.7933,45.6191],[-64.5681,45.8432],[-64.5278,45.741],[-64.4382,45.7073],[-64.5733,45.6065],[-64.8307,45.4858],[-64.9219,45.4202],[-64.8495,45.3547],[-64.7096,45.3137],[-64.6746,45.3826],[-64.5689,45.4063],[-64.4091,45.372],[-64.098,45.408],[-63.6112,45.3956],[-63.7024,45.3245],[-64.1726,45.186],[-64.1954,45.1087],[-64.34,45.1268],[-64.3766,45.2019],[-64.4727,45.2394],[-64.8287,45.1508],[-65.1612,45.0033],[-65.7424,44.7118],[-65.9195,44.6096],[-65.8455,44.5694],[-65.9746,44.483],[-66.1275,44.3326],[-66.1398,44.227],[-66.213,44.088],[-66.1655,44.0391],[-66.1307,43.7633],[-66.0002,43.727],[-65.9622,43.7993],[-65.856,43.7922],[-65.7642,43.6703],[-65.7867,43.5672],[-65.7288,43.4906],[-65.5462,43.5141],[-65.4387,43.5911],[-65.3498,43.6019],[-65.1005,43.7328],[-65.02,43.7102],[-64.883,43.8483],[-64.6274,44.0591],[-64.569,44.1418],[-64.4782,44.1501],[-64.4344,44.2237],[-64.2817,44.2598],[-64.3447,44.4375],[-64.3006,44.5092],[-64.0572,44.6181],[-63.9225,44.6573],[-63.9173,44.4901],[-63.5693,44.4597],[-63.4046,44.6794],[-63.3137,44.6362],[-63.1231,44.7246],[-62.864,44.7305],[-62.4979,44.8705],[-62.4627,44.8511],[-62.2425,44.9482],[-62.0527,44.965],[-62.0227,45.0227],[-61.8682,45.0735],[-61.6889,45.0961],[-61.6943,45.1602],[-61.4619,45.1506],[-61.3057,45.2558],[-61.1352,45.2718],[-61.0492,45.2415],[-60.9946,45.3385],[-61.4649,45.3535],[-61.3218,45.4306],[-61.2395,45.5118],[-61.3334,45.5472],[-61.4897,45.6932],[-61.6284,45.6264],[-61.9143,45.6866],[-61.8886,45.7355],[-61.9693,45.8781],[-62.0838,45.7885],[-62.2984,45.692],[-62.4417,45.6676],[-62.6252,45.6858],[-62.7141,45.7615],[-63.0974,45.7973],[-63.1734,45.7461],[-63.3144,45.7663],[-63.4455,45.8241],[-63.4632,45.877],[-63.7137,45.8508],[-63.8635,45.9624],[-63.9258,46.055],[-63.8399,46.1496],[-64.0732,46.1586],[-64.266,46.236],[-64.5128,46.2413],[-64.6153,46.3362],[-64.6163,46.4167],[-64.715,46.5576],[-64.7083,46.6232],[-64.8723,46.7424],[-64.9407,46.8631],[-64.8129,46.9752],[-64.8285,47.0503],[-65.0143,47.0859],[-65.1426,47.0382],[-65.2671,47.1158],[-65.0278,47.2723],[-64.8717,47.4664],[-64.9044,47.5472],[-64.6783,47.7109],[-64.8016,47.804],[-64.9712,47.7907],[-65.1474,47.8249],[-65.3658,47.7476],[-65.4902,47.6743],[-65.6501,47.6561],[-65.7329,47.8297],[-65.8376,47.9051],[-66.0852,47.9253],[-66.1074,47.9532],[-66.5365,48.0577],[-66.498,48.1096],[-66.1355,48.1086],[-65.9379,48.2005],[-65.7314,48.114],[-65.3281,48.0022],[-65.1678,48.043],[-64.9562,48.1486],[-64.7731,48.2058],[-64.6715,48.3467],[-64.4697,48.4036],[-64.3161,48.4193],[-64.2282,48.5008],[-64.3143,48.614],[-64.1753,48.6286],[-64.3359,48.7534],[-64.2035,48.8618],[-64.4738,49.0537],[-64.9269,49.2053],[-65.3513,49.2495],[-65.5673,49.2572],[-65.7296,49.2294],[-66.0363,49.2214],[-66.4055,49.1635],[-66.4796,49.1298],[-66.7452,49.0884],[-67.1602,48.942],[-67.8332,48.7506],[-68.3852,48.5502],[-68.6695,48.3932],[-68.9538,48.2901],[-69.3487,48.0132],[-69.4833,47.9517],[-69.6475,47.7318],[-69.9005,47.5281],[-69.9957,47.4994],[-70.0612,47.3703],[-70.1925,47.3094],[-70.3131,47.1675],[-70.5204,47.0012],[-70.8816,46.8925],[-70.9898,46.8356],[-71.18,46.823],[-71.2118,46.7741],[-71.3971,46.7049],[-71.6423,46.6375],[-71.8712,46.6638],[-72.0129,46.5636],[-72.2075,46.5065],[-72.2485,46.4185],[-72.4737,46.3602],[-72.7832,46.145],[-72.9349,46.1271],[-72.9993,46.0715],[-73.1564,46.0329],[-73.2081,45.91],[-73.4324,45.7155],[-73.4592,45.5996],[-73.5266,45.5253],[-73.4909,45.4313],[-73.5266,45.4005],[-73.7622,45.399],[-74.0455,45.2146],[-74.4086,45.1252],[-74.455,45.1552],[-74.2204,45.2554],[-74.0474,45.3037],[-74.004,45.3617],[-74.0532,45.4574],[-73.7951,45.6172],[-73.7646,45.6577],[-73.7255,45.6827],[-73.69,45.6893],[-73.6542,45.6854],[-73.5263,45.7007],[-73.4686,45.7145],[-73.2881,45.8665],[-73.2017,45.9715],[-73.1544,46.105],[-72.8915,46.2409],[-72.5798,46.3011],[-72.4646,46.3922],[-72.2613,46.4583],[-72.2174,46.5445],[-72.0466,46.5852],[-71.8967,46.683],[-71.6928,46.6677],[-71.6281,46.694],[-71.2875,46.7485],[-71.2005,46.8491],[-70.903,47.0301],[-70.7154,47.1086],[-70.4523,47.4263],[-70.2321,47.4875],[-70.1262,47.6506],[-69.9056,47.7697],[-69.805,47.9103],[-69.7163,48.124],[-69.4253,48.299],[-69.216,48.5812],[-69.0844,48.6366],[-69.0493,48.7505],[-68.6339,48.9447],[-68.6358,49.0045],[-68.524,49.0734],[-68.3991,49.0453],[-68.1914,49.0993],[-68.2196,49.186],[-68.126,49.2707],[-67.9163,49.2914],[-67.8181,49.2686],[-67.7108,49.3102],[-67.3841,49.316],[-67.2394,49.4582],[-67.2344,49.594],[-67.1656,49.6681],[-67.1734,49.7763],[-67.0418,49.8239],[-66.9333,49.998],[-66.7266,50.0526],[-66.7037,50.1053],[-66.5257,50.1703],[-66.4554,50.2696],[-66.3598,50.1861],[-66.0631,50.2102],[-65.9679,50.2844],[-65.8197,50.2504],[-65.3499,50.3035],[-64.8762,50.2604],[-64.5448,50.284],[-64.4195,50.3161],[-64.1612,50.2554],[-63.9588,50.3008],[-63.6883,50.252],[-63.466,50.2433],[-63.4013,50.2011],[-63.1732,50.2408],[-62.9926,50.3067],[-62.6078,50.2623],[-62.2604,50.2553],[-62.0014,50.2084],[-61.8791,50.2221],[-61.7287,50.0857],[-61.4163,50.1729],[-61.2583,50.1963],[-61.0652,50.1801],[-60.8693,50.2236],[-60.5489,50.2084],[-60.4489,50.2462],[-60.1543,50.2261],[-59.9252,50.2746],[-59.8178,50.4301],[-59.5937,50.4791],[-59.3253,50.6983],[-59.1252,50.7927],[-58.9583,50.8213],[-58.9416,51.0401],[-58.8068,51.0665],[-58.6229,51.1455],[-58.5786,51.2356],[-58.428,51.3135],[-58.3042,51.2611],[-57.985,51.3187],[-57.8659,51.3953],[-57.4764,51.4353],[-57.2596,51.4984],[-57.1748,51.4066],[-57.0324,51.413],[-56.8183,51.483],[-56.7099,51.5783],[-56.424,51.7275],[-56.2015,51.7915],[-55.8878,51.9628],[-55.6997,52.0878],[-55.7199,52.2015],[-55.6208,52.2178],[-55.2801,52.0167],[-55.316,51.9379],[-55.4264,51.6412],[-55.4415,51.583],[-55.4427,51.581],[-55.6373,51.5629],[-55.7028,51.5004],[-55.859,51.5007],[-55.9117,51.6278],[-56.1111,51.5316],[-56.4328,51.4133],[-56.6621,51.3545],[-56.8003,51.2429],[-56.7905,51.1509],[-57.0753,50.7973],[-57.2382,50.7323],[-57.4753,50.4762],[-57.6059,50.1734],[-57.8351,49.8856],[-57.9668,49.6715],[-57.9047,49.5461],[-58.0201,49.5557],[-58.2185,49.4204],[-58.2549,49.2852],[-58.2045,49.23],[-58.0635,49.2097],[-58.1628,49.0611],[-58.3446,49.0522],[-58.5001,49.0069],[-58.5371,48.8785],[-58.6882,48.6819],[-58.7129,48.5618],[-58.5408,48.5426],[-58.4416,48.4471],[-58.675,48.3736],[-58.9775,48.1299],[-59.2634,48.0054],[-59.4131,47.8977],[-59.3014,47.7497],[-59.3031,47.6182],[-59.1695,47.5656],[-58.8838,47.6079],[-58.7372,47.6014],[-58.5146,47.6558],[-58.4074,47.6495],[-58.1346,47.6967],[-57.8497,47.6539],[-57.7543,47.661],[-57.6503,47.5999],[-57.5463,47.6338],[-57.3407,47.6484],[-57.3443,47.5929],[-57.0096,47.5948],[-56.7857,47.5385],[-56.6474,47.6135],[-56.3839,47.6026],[-56.2443,47.6253],[-56.0477,47.7016],[-55.9726,47.7643],[-55.8629,47.599],[-55.9633,47.5536],[-56.1682,47.5161],[-56.1146,47.4653],[-55.9449,47.5299],[-55.835,47.458],[-55.6726,47.4875],[-55.5744,47.4366],[-55.4396,47.4674],[-55.4018,47.5606],[-55.4225,47.6773],[-55.24,47.656],[-55.0919,47.5913],[-54.8751,47.6032],[-54.9571,47.5045],[-55.1118,47.49],[-55.2834,47.3995],[-55.3367,47.246],[-55.5212,47.1427],[-55.6786,47.0896],[-55.772,47.1106],[-55.9787,46.9871],[-55.9356,46.8943],[-55.8041,46.8425],[-55.5761,46.92],[-55.4812,46.8775],[-55.2322,46.938],[-55.1936,47.0495],[-55.1096,47.0545],[-55.0621,47.2136],[-54.8164,47.4016],[-54.7595,47.3632],[-54.5859,47.3481],[-54.4038,47.4503],[-54.4563,47.4954],[-54.2111,47.7833],[-54.0913,47.8303],[-53.9918,47.7492],[-53.8929,47.4297],[-53.9332,47.3046],[-54.0422,47.1949],[-54.1913,46.9369],[-54.1843,46.8436],[-54.067,46.8058],[-53.9603,46.8495],[-53.7099,47.0886],[-53.568,46.9167],[-53.6613,46.8225],[-53.6513,46.6984],[-53.5409,46.6134],[-53.4499,46.6697],[-53.2598,46.7083],[-53.225,46.6386],[-53.0715,46.6599],[-52.9808,46.7578],[-52.8957,46.9418],[-52.913,47.0965],[-52.8472,47.2099],[-52.6584,47.4358],[-52.6228,47.5263],[-43.9123,59.7783],[-43.6438,59.8638],[-43.8063,59.931],[-43.7925,59.9533],[-43.5829,59.9032],[-43.4992,60.0152],[-43.4728,60.0409],[-43.4514,60.0436],[-43.3462,60.0262],[-43.2308,59.9777],[-43.1507,60.0588],[-43.6749,60.119],[-43.6772,60.1389],[-43.124,60.0656],[-43.2609,60.2295],[-43.0809,60.246],[-43.1112,60.3172],[-43.4211,60.3846],[-43.0636,60.4908],[-43.0438,60.5398],[-42.8314,60.5673],[-42.7521,60.7235],[-42.8058,60.8219],[-43.053,60.8769],[-42.6544,61.0197],[-42.7379,61.0608],[-42.7097,61.2615],[-42.465,61.3975],[-42.4507,61.4508],[-42.6014,61.5405],[-42.4138,61.5569],[-42.3091,61.6274],[-42.5003,61.7237],[-42.3113,61.7584],[-42.2131,61.8342],[-42.1214,62.0112],[-42.4258,62.0265],[-42.2855,62.099],[-42.2588,62.2332],[-42.4214,62.3312],[-42.6282,62.32],[-42.6959,62.4576],[-42.3244,62.3495],[-42.2906,62.429],[-42.3708,62.5565],[-42.615,62.6255],[-42.4275,62.8326],[-42.0459,62.7744],[-41.9948,62.8384],[-41.7583,62.8295],[-41.6026,62.9311],[-41.7378,63.0262],[-41.3932,63.0347],[-41.5745,63.2409],[-41.7074,63.3457],[-41.8362,63.3773],[-41.9298,63.4653],[-41.6912,63.5328],[-41.5618,63.4275],[-41.0642,63.3717],[-40.9507,63.5123],[-40.7607,63.5556],[-40.8813,63.6496],[-40.5105,63.6932],[-40.6467,63.7912],[-40.5835,63.8273],[-40.7272,63.961],[-40.5396,64.0641],[-40.7678,64.1627],[-41.0554,64.1368],[-41.4489,64.1643],[-41.5143,64.313],[-41.412,64.3386],[-41.1079,64.2996],[-40.8627,64.3616],[-40.3436,64.3503],[-40.5595,64.4907],[-40.5874,64.6676],[-40.7659,64.7297],[-40.9442,64.8566],[-41.0552,65.0725],[-40.5559,65.1258],[-40.418,65.0547],[-40.2154,65.049],[-39.9912,65.0942],[-39.7139,65.2837],[-39.8326,65.3462],[-39.5667,65.674],[-39.3251,65.528],[-39.2419,65.538],[-39.2199,65.6832],[-39.0629,65.6687],[-38.9867,65.5696],[-38.5242,65.5841],[-38.3558,65.6605],[-38.1476,65.6439],[-38.0392,65.7909],[-38.2433,65.8866],[-38.1423,65.9408],[-37.9361,65.9491],[-37.8824,66.2298],[-37.778,66.2969],[-37.2807,66.2854],[-37.4787,66.1923],[-37.5296,66.1141],[-37.7702,66.0451],[-37.7241,65.9333],[-37.5334,65.8972],[-37.2395,65.781],[-36.8307,65.8715],[-36.7113,65.9325],[-36.3827,66.0119],[-36.1083,65.9218],[-35.956,65.9832],[-35.8473,66.1417],[-35.5721,66.1374],[-35.5988,66.2981],[-35.2112,66.2454],[-34.6861,66.3662],[-34.4743,66.4913],[-34.4272,66.6026],[-34.2774,66.58],[-34.1773,66.6803],[-33.9477,66.7593],[-34.0581,66.8281],[-33.8833,66.9852],[-33.6033,67.0807],[-33.5753,67.207],[-33.4851,67.2358],[-33.4937,67.3885],[-33.3111,67.4784],[-33.0913,67.6426],[-32.7139,67.7685],[-32.712,67.8095],[-32.3351,67.8928],[-32.102,67.9159],[-32.0336,68.1087],[-32.2499,68.3544],[-32.5122,68.3969],[-32.628,68.4912],[-32.8108,68.544],[-32.4707,68.6034],[-32.3805,68.4471],[-32.1326,68.3791],[-32.0482,68.2769],[-31.6854,68.2381],[-31.6994,68.1045],[-30.9124,68.0753],[-30.7516,68.1077],[-30.4597,68.0908],[-30.035,68.1627],[-30.0876,68.3214],[-30.036,68.4143],[-29.8536,68.4337],[-29.7978,68.3318],[-29.4294,68.2286],[-23.1343,66.4336],[-23.0167,66.3842],[-23.0255,66.2971],[-22.6721,66.3308],[-22.9334,66.1835],[-22.4596,66.0753],[-22.3884,65.9743],[-22.5325,65.9426],[-22.6844,66.0448],[-22.987,66.0206],[-23.0093,66.0926],[-23.3454,66.192],[-23.4753,66.1979],[-23.777,66.0691],[-23.8675,65.8891],[-23.6284,65.7053],[-23.9573,65.7877],[-24.1486,65.6082],[-24.3741,65.5525],[-23.9647,65.4195],[-23.7038,65.4185],[-23.6385,65.4663],[-23.3579,65.4928],[-23.1986,65.5477],[-22.8974,65.5668],[-22.5342,65.5486],[-22.2029,65.432],[-22.0742,65.5233],[-21.9,65.4214],[-22.1603,65.3246],[-22.4948,65.2352],[-22.4583,65.1505],[-22.0979,65.1101],[-21.8531,65.1587],[-21.7903,65.0252],[-22.1995,65.0288],[-22.3226,65.0636],[-22.5474,65.0481],[-22.7333,65.0785],[-22.9071,64.998],[-23.2284,64.9956],[-23.4759,64.953],[-23.639,64.8889],[-23.8158,64.926],[-24.0454,64.8788],[-23.9193,64.7632],[-23.6504,64.7387],[-23.2615,64.8264],[-23.0266,64.7947],[-22.6225,64.7836],[-22.5199,64.8099],[-22.3109,64.759],[-22.3842,64.6321],[-22.226,64.4921],[-22.0803,64.4753],[-21.7638,64.2029],[-22.012,64.0499],[-22.2622,64.0309],[-22.4037,63.9734],[-22.7141,64.0618],[-22.6876,63.9421],[-22.7374,63.8242],[-22.5511,63.8093],[-22.349,63.8545],[-22.1719,63.8295],[-21.7466,63.8652],[-21.6511,63.8204],[-21.2044,63.8778],[-20.774,63.767],[-20.1559,63.5318],[-19.6875,63.516],[-19.1313,63.4009],[-18.671,63.3959],[-18.1669,63.4657],[-17.9042,63.5474],[-17.7377,63.6939],[-17.5264,63.7488],[-17.1933,63.7803],[-16.6369,63.7993],[-16.2742,64.0057],[-15.9739,64.1279],[-15.4789,64.227],[-15.3314,64.2948],[-15.1575,64.2721],[-14.9636,64.3113],[-14.4696,64.504],[-14.3934,64.7057],[-14.1817,64.6923],[-13.9846,64.7383],[-13.6891,64.9129],[-13.6607,64.9853],[-13.5006,65.0834],[-6.2638,62.3458],[-0.8833,61.0],[4.9233,61.0],[5.0338,61.0001],[5.0623,60.8445],[4.9439,60.7954],[4.8894,60.6942],[5.2956,60.5429],[5.5449,60.626],[5.6213,60.7162],[5.6646,60.7151],[5.6735,60.703],[5.7578,60.7009],[5.734,60.6882],[5.741,60.6513],[5.7186,60.5375],[5.7368,60.4573],[5.621,60.4292],[5.5062,60.426],[5.37,60.5091],[5.1697,60.3731],[5.2688,60.2034],[5.4033,60.172],[5.5761,60.2458],[5.723,60.1852],[5.7093,60.0386],[5.9209,60.0419],[5.9134,60.1108],[6.0142,60.2677],[6.1554,60.2435],[6.2046,60.3696],[6.353,60.3705],[6.1938,60.226],[6.2019,60.1144],[6.0442,60.0699],[5.9182,59.9559],[5.7822,59.9248],[5.7814,59.8302],[5.8807,59.7688],[5.7927,59.643],[5.4615,59.7041],[5.24,59.5462],[5.2374,59.4325],[5.3531,59.2683],[5.6396,59.2797],[5.9416,59.3615],[6.1346,59.3142],[6.1796,59.2384],[5.8893,59.0825],[5.8993,58.965],[5.5908,58.9276],[5.4938,58.7553],[5.5505,58.6575],[5.6957,58.5364],[6.0517,58.3742],[6.3861,58.2723],[6.7082,58.2247],[6.56,58.1088],[6.7015,58.0659],[6.9205,58.0709],[6.9994,58.0138],[7.2247,58.0321],[7.6761,58.0201],[7.7502,58.0693],[7.9646,58.1152],[8.2278,58.1206],[8.3712,58.2365],[8.515,58.2612],[8.773,58.4545],[8.9696,58.5286],[9.0368,58.6101],[9.2313,58.6876],[9.4559,58.8241],[9.4199,58.8633],[9.7488,59.0147],[9.9627,58.9605],[10.4365,59.1634],[10.5304,59.3166],[10.4413,59.4535],[10.6184,59.5699],[10.5209,59.6904],[10.4952,59.8561],[10.7305,59.9103],[10.5806,59.7622],[10.6808,59.4993],[10.604,59.4165],[10.8064,59.2064],[10.975,59.1865],[11.0846,59.1239],[11.1873,58.9003],[11.169,58.7241],[11.2576,58.677],[11.2387,58.5473],[11.2939,58.4403],[11.2665,58.3516],[11.5563,58.2344],[11.7622,58.3386],[11.8754,58.2368],[11.8572,58.1946],[11.8655,58.16],[11.8404,58.1424],[11.8139,58.077],[11.719,57.6981],[11.9379,57.5738],[11.9022,57.4342],[12.1637,57.2841],[12.2353,57.0871],[12.3493,57.007],[12.3661,56.9163],[12.5785,56.8409],[12.6802,56.6806],[12.8917,56.6408],[12.9469,56.5464],[12.8436,56.4323],[12.7277,56.472],[12.6275,56.393],[12.7401,56.3587],[12.8312,56.2549],[12.7729,56.2181],[12.5501,56.2851],[12.5672,56.1439],[12.7477,55.9898],[12.8313,55.8532],[13.0526,55.6949],[13.0458,55.6398],[12.889,55.564],[12.9682,55.4583],[12.8134,55.3825],[12.9683,55.4018],[13.3594,55.3362],[13.7047,55.4246],[13.9132,55.4344],[14.0554,55.3803],[14.2013,55.3872],[14.3456,55.5079],[14.1949,55.7532],[14.2468,55.8716],[14.4789,56.0341],[14.6729,55.9919],[14.7234,56.0625],[14.6906,56.1659],[14.8502,56.1462],[15.3745,56.1354],[15.5892,56.2038],[15.8369,56.0836],[16.0461,56.2566],[16.0921,56.4195],[16.2264,56.5501],[16.2422,56.6265],[16.3544,56.6555],[16.4936,57.0308],[16.5762,57.0406],[16.4598,57.1961],[16.575,57.3776],[16.7185,57.4392],[16.6245,57.6476],[16.7233,57.6983],[16.5679,57.8052],[16.6215,57.8919],[16.8022,57.917],[16.7314,58.1062],[16.8532,58.1913],[16.677,58.3307],[16.7052,58.4023],[16.938,58.4955],[16.7751,58.5693],[17.1109,58.6479],[17.5926,58.8867],[17.7068,58.9588],[17.8421,58.7971],[17.9561,58.8961],[18.0589,59.0513],[18.2944,59.0831],[18.4925,59.2157],[18.7105,59.2785],[18.6199,59.3699],[18.2996,59.3624],[18.2917,59.4101],[18.6297,59.5622],[18.7654,59.6855],[19.0716,59.7175],[18.8685,59.7884],[19.0475,59.898],[18.8817,59.9823],[18.808,60.1214],[18.5324,60.1548],[18.6148,60.2277],[18.458,60.339],[18.2788,60.354],[18.1213,60.4274],[17.9804,60.6048],[17.7821,60.5717],[17.6478,60.6329],[17.2604,60.6912],[17.3521,60.7512],[17.2572,60.8785],[17.1405,60.9448],[17.2033,61.2263],[17.0854,61.4148],[17.1731,61.4876],[17.2917,61.6962],[17.436,61.6229],[17.3373,61.9164],[17.4645,62.0321],[17.5319,62.1886],[17.3674,62.3459],[17.3324,62.4853],[17.5517,62.4442],[18.0451,62.5942],[17.9168,62.8272],[18.2323,62.7995],[18.4578,62.877],[18.5547,62.9596],[18.3485,63.0459],[18.8088,63.1956],[19.0317,63.1879],[19.1296,63.3299],[19.2488,63.3285],[19.3486,63.4435],[19.5819,63.5267],[19.7261,63.5085],[20.0014,63.6632],[20.2328,63.6547],[20.5593,63.7976],[20.7079,63.8253],[20.9435,64.0509],[20.96,64.1387],[21.2521,64.2925],[21.4671,64.3532],[21.5297,64.4193],[21.472,64.5373],[21.255,64.606],[21.1339,64.7755],[21.2324,64.9446],[21.473,65.0403],[21.5929,65.1504],[21.4861,65.2492],[21.6652,65.2706],[21.5094,65.4013],[21.8159,65.3937],[22.0077,65.4309],[21.9997,65.5126],[22.2861,65.5449],[22.3688,65.6371],[22.2996,65.7787],[22.5241,65.8171],[22.8749,65.7928],[23.1212,65.7163],[23.2247,65.7784],[23.6853,65.8355],[23.9816,65.7948],[24.2578,65.8234],[24.6481,65.6805],[24.8746,65.6677],[25.208,65.5602],[25.347,65.4551],[25.2616,65.4088],[25.3165,65.2888],[25.2309,65.1282],[25.3844,65.0971],[25.4815,64.9739],[25.2559,65.0021],[25.1318,64.9136],[24.8143,64.8861],[24.5391,64.8147],[24.5661,64.7306],[24.4442,64.6941],[24.351,64.5334],[24.0312,64.4036],[23.6197,64.119],[23.6183,64.0475],[23.3812,64.0595],[23.3938,63.9357],[23.1367,63.9184],[23.043,63.8737],[22.8341,63.9055],[22.9276,63.7267],[22.5537,63.6731],[22.4422,63.5908],[22.4111,63.4884],[22.2115,63.4524],[22.3929,63.3359],[22.1717,63.2434],[21.8855,63.2635],[21.6286,63.2244],[21.5165,63.162],[21.6136,63.0833],[21.453,63.0188],[21.4069,62.8798],[21.2908,62.8936],[21.1268,62.7757],[21.0923,62.6766],[21.2072,62.608],[21.1085,62.552],[21.1685,62.4293],[21.3655,62.3715],[21.3586,62.1814],[21.2859,61.9895],[21.4376,61.9243],[21.455,61.7839],[21.6518,61.5857],[21.4906,61.5788],[21.5386,61.4274],[21.4514,61.096],[21.3062,61.0595],[21.253,60.9762],[21.408,60.7891],[21.3444,60.684],[21.4178,60.6079],[21.6585,60.5184],[21.966,60.5211],[22.0208,60.4618],[22.1994,60.4469],[22.2946,60.3844],[22.4591,60.4125],[22.6071,60.377],[22.4715,60.2833],[22.6205,60.2362],[22.8071,60.2629],[22.9233,60.3155],[23.0102,60.2945],[22.8724,60.2004],[22.965,60.1341],[23.026,59.996],[22.8874,59.9153],[23.1691,59.8919],[22.9005,59.8182],[22.91,59.8081],[23.1862,59.8276],[23.3154,59.9216],[23.8384,59.9355],[23.999,60.0302],[24.3078,60.0864],[24.4453,59.9842],[24.6808,60.1261],[24.8292,60.1718],[25.0734,60.1934],[25.3713,60.2702],[25.4422,60.2248],[25.6171,60.3304],[25.7452,60.2507],[25.9405,60.3583],[26.5917,60.4599],[26.7034,60.4317],[27.0712,60.5332],[27.7839,60.4845],[28.1154,60.5222],[28.3743,60.6394],[28.6456,60.6511],[28.6556,60.5399],[28.5647,60.4763],[28.5848,60.3777],[28.9359,60.2695],[29.0179,60.1816],[29.4442,60.1609],[29.5714,60.1973],[29.9217,60.1471],[29.9628,60.0136],[30.3005,59.9836],[30.462,59.872],[30.6356,59.7941],[30.7836,59.7729],[30.9375,59.8217],[30.9892,59.9353],[31.0996,59.9888],[31.0873,60.1116],[30.9596,60.1991],[30.8644,60.3986],[30.6923,60.5659],[30.5113,60.6193],[30.5317,60.8113],[30.3608,60.9597],[30.1544,61.0793],[29.88,61.1554],[29.8256,61.2045],[30.2642,61.3011],[30.2036,61.4088],[30.468,61.4777],[30.6183,61.5451],[30.6939,61.699],[30.812,61.77],[31.0886,61.6902],[31.1003,61.6014],[31.4178,61.5984],[31.6304,61.4868],[31.6632,61.4173],[31.8508,61.2884],[31.9278,61.2988],[32.4308,61.1624],[32.5614,61.0956],[32.5818,60.9926],[32.8086,60.8402],[32.8114,60.7147],[32.9613,60.6306],[32.8521,60.5259],[32.9326,60.4904],[33.0965,60.5277],[33.0729,60.5555],[33.0712,60.5817],[33.1176,60.5886],[33.1447,60.6283],[33.169,60.6456],[33.3471,60.7214],[33.5334,60.7455],[33.564,60.7374],[33.6324,60.7486],[33.6637,60.765],[33.702,60.7645],[33.714,60.7761],[33.6952,60.7912],[33.6942,60.8153],[33.8686,60.9652],[33.7854,60.8483],[33.7051,60.806],[33.7193,60.7775],[33.7137,60.7688],[33.6949,60.7601],[33.5618,60.7343],[33.5389,60.7429],[33.3521,60.719],[33.293,60.6421],[33.2066,60.6452],[33.1502,60.6281],[33.1225,60.5849],[33.0792,60.5557],[33.1164,60.5345],[33.0565,60.509],[32.8712,60.4736],[32.6297,60.5366],[32.6821,60.3762],[32.5847,60.328],[32.6127,60.2066],[32.4954,60.1483],[32.2655,60.1221],[32.1596,60.2082],[31.7491,60.2551],[31.5687,60.0889],[31.5613,59.9678],[31.3886,59.8979],[30.9987,59.9338],[30.9447,59.8205],[30.7655,59.7638],[30.622,59.7942],[30.4885,59.8471],[30.3481,59.9503],[30.1474,59.8655],[30.0236,59.8611],[29.5483,59.9581],[29.1353,59.981],[28.9773,59.8118],[28.7218,59.7738],[28.4687,59.8244],[28.4363,59.6857],[28.2204,59.6871],[28.0974,59.7889],[28.0009,59.6934],[28.0871,59.6089],[28.0249,59.4543],[27.9144,59.4018],[27.595,59.4147],[27.3887,59.4464],[26.9285,59.4401],[26.7151,59.5283],[26.4931,59.5172],[26.2657,59.5864],[26.0476,59.6204],[25.8646,59.6104],[25.4239,59.4894],[25.2752,59.5097],[24.9229,59.4964],[24.787,59.4433],[24.547,59.4381],[24.3742,59.4749],[24.2013,59.3416],[23.9474,59.2704],[23.8217,59.2887],[23.7119,59.2299],[23.5104,59.2263],[23.5113,59.2148],[23.5125,59.0963],[23.4289,59.0625],[23.422,58.9119],[23.6038,58.7859],[23.4975,58.6876],[23.5489,58.5694],[23.6859,58.519],[23.7514,58.3374],[23.8427,58.3577],[24.1113,58.2399],[24.2653,58.276],[24.3037,58.3773],[24.4191,58.387],[24.5861,58.304],[24.4526,58.1762],[24.4813,58.0768],[24.3587,57.895],[24.3424,57.7017],[24.4114,57.2664],[24.3491,57.2007],[24.023,57.0243],[23.6272,56.9638],[23.4893,57.0342],[23.2388,57.1064],[23.1324,57.3601],[22.9458,57.4138],[22.8464,57.4917],[22.6102,57.607],[22.5541,57.7533],[21.9976,57.604],[21.7251,57.576],[21.5912,57.4285],[21.4269,57.3006],[21.411,57.0532],[21.2464,56.9184],[21.0684,56.8438],[21.0587,56.7014],[20.9875,56.5129],[20.9809,56.2281],[21.0723,56.0427],[21.05,55.9201],[21.083,55.729],[21.2435,55.487],[21.2471,55.4128],[21.388,55.3213],[21.2555,55.1946],[21.1783,55.1963],[21.2482,54.9655],[21.085,54.8924],[20.8703,54.9007],[20.5418,54.946],[20.349,54.937],[19.9782,54.9612],[19.9298,54.9001],[19.9392,54.7168],[20.2024,54.6942],[20.2588,54.6183],[19.7542,54.4333],[19.6274,54.3409],[19.3986,54.2635],[19.2783,54.2785],[19.2017,54.3519],[18.8775,54.3474],[18.5798,54.437],[18.5602,54.5511],[18.3295,54.8348],[17.8971,54.8232],[17.2427,54.7293],[16.9019,54.5943],[16.5267,54.5396],[16.3052,54.3759],[16.1135,54.2767],[15.6736,54.2004],[15.2817,54.1454],[14.8212,54.0415],[14.7646,53.9466],[14.6522,53.8976],[14.525,53.6607],[14.2295,53.7616],[14.1005,53.7403],[13.874,53.8205],[14.0392,53.8734],[14.1945,53.8714],[14.2709,53.9216],[14.0463,53.9737],[13.8346,53.984],[13.809,54.0993],[13.6964,54.149],[13.4383,54.1119],[13.285,54.2356],[13.1276,54.2706],[13.025,54.3967],[12.7205,54.3729],[12.4079,54.3775],[12.3399,54.2985],[12.1493,54.2008],[11.8532,54.1451],[11.6807,54.1526],[11.4026,54.0083],[11.3898,53.9388],[11.246,53.9417],[11.1789,54.0156],[10.8984,53.9557],[10.7495,54.0428],[11.0935,54.1979],[11.0722,54.3411],[10.9495,54.3844],[10.7845,54.3103],[10.3191,54.4355],[10.2154,54.4036],[10.1933,54.3646],[10.101,54.3708],[10.0273,54.3605],[10.011,54.3568],[9.9861,54.3449],[9.9698,54.3412],[9.9288,54.3412],[9.7837,54.3583],[9.7029,54.2975],[9.6323,54.2736],[9.5234,54.1894],[9.4486,54.1737],[9.3446,54.1411],[9.3309,54.1259],[9.3303,54.0996],[9.3086,54.0534],[9.2945,53.999],[9.1466,53.8882],[9.0158,53.8362],[8.7869,53.8338],[8.6838,53.8915],[8.552,53.8249],[8.4837,53.6558],[8.5768,53.5386],[8.272,53.6095],[8.2972,53.429],[8.2106,53.402],[8.0607,53.5],[8.1603,53.5575],[8.029,53.7065],[7.9111,53.7176],[7.5299,53.6714],[7.2966,53.6803],[7.1831,53.6406],[7.0255,53.4835],[7.0252,53.3366],[7.2576,53.329],[7.205,53.2366],[6.8981,53.3504],[6.8824,53.435],[6.7514,53.4657],[6.5795,53.4375],[5.8905,53.3902],[5.5811,53.2963],[5.4458,53.217],[5.3801,53.0546],[5.4078,52.8524],[5.6601,52.8285],[5.5947,52.7628],[5.6504,52.6156],[5.4917,52.5528],[5.4566,52.5942],[5.3987,52.6502],[5.3614,52.6746],[5.302,52.6915],[5.2594,52.7539],[5.1533,52.7392],[5.0289,52.9407],[4.8744,52.8885],[4.7151,52.9404],[4.6408,52.7344],[4.5963,52.4721],[4.8549,52.4172],[5.0661,52.4133],[5.0853,52.5039],[5.0211,52.5954],[5.2307,52.6525],[5.2474,52.6854],[5.3012,52.6911],[5.3614,52.6736],[5.4563,52.5926],[5.4675,52.5698],[5.439,52.5564],[5.4356,52.5112],[5.0017,52.3444],[4.8516,52.4156],[4.5838,52.4635],[4.3643,52.1768],[4.1338,52.0024],[4.2899,51.9],[4.7206,51.898],[5.0957,52.0033],[5.3441,51.9602],[5.4489,51.9128],[5.4644,51.8867],[5.4312,51.8734],[5.4143,51.845],[5.3671,51.8049],[5.2177,51.8074],[5.0923,51.8245],[5.0693,51.7804],[5.1257,51.7363],[5.0652,51.7135],[5.0289,51.7099],[4.6935,51.7189],[4.5219,51.6842],[4.4262,51.6978],[4.3364,51.645],[4.2357,51.6321],[4.1924,51.5974],[4.2393,51.5433],[4.2202,51.5123],[4.2423,51.4397],[4.2429,51.3713],[3.9573,51.366],[3.8447,51.3349],[3.5044,51.407],[3.0753,51.301],[2.7834,51.1749],[2.3822,51.0491],[1.9309,50.9954],[1.5808,50.8704],[1.6064,50.7678],[1.559,50.6986],[1.5786,50.5251],[1.5381,50.2867],[1.4554,50.1123],[1.2051,49.9726],[1.0195,49.9155],[0.5725,49.85],[0.3208,49.7417],[0.2065,49.7146],[0.0721,49.533],[0.129,49.4031],[0.0056,49.3281],[-0.2128,49.2858],[-0.412,49.3359],[-0.8309,49.3583],[-0.9338,49.3945],[-1.1174,49.3583],[-1.3018,49.5338],[-1.2298,49.6204],[-1.3819,49.7062],[-1.6032,49.6465],[-1.8248,49.6904],[-1.8505,49.5082],[-1.808,49.3713],[-1.7065,49.3174],[-1.6037,49.2059],[-1.6101,49.0769],[-1.5579,48.9938],[-1.5714,48.7431],[-1.4653,48.6732],[-1.7028,48.6083],[-1.8492,48.6195],[-1.9699,48.6864],[-2.1485,48.6339],[-2.3139,48.675],[-2.5528,48.5916],[-2.6317,48.526],[-2.8203,48.5947],[-2.8363,48.6563],[-3.0117,48.7665],[-3.0835,48.8737],[-3.2035,48.8358],[-3.5865,48.7767],[-3.5811,48.6705],[-3.8294,48.7123],[-3.8466,48.6277],[-4.0174,48.7118],[-4.3464,48.6769],[-4.5639,48.6256],[-4.7317,48.556],[-4.7812,48.4975],[-4.7627,48.3786],[-4.6142,48.3371],[-4.4796,48.3826],[-4.409,48.276],[-4.3039,48.1956],[-4.3627,48.1098],[-4.6723,48.0618],[-4.4511,47.9808],[-4.3877,47.9264],[-4.3558,47.7918],[-4.1916,47.7954],[-4.1279,47.8632],[-3.9823,47.8525],[-3.8521,47.8004],[-3.5223,47.7575],[-3.4529,47.6953],[-3.3426,47.717],[-3.2181,47.6662],[-3.125,47.5657],[-2.7175,47.5883],[-2.7861,47.4923],[-2.5065,47.5243],[-2.4993,47.2805],[-2.301,47.2339],[-2.1702,47.2688],[-2.1675,47.1661],[-1.9815,47.0274],[-2.1541,46.8899],[-2.1418,46.8179],[-1.95,46.6961],[-1.8529,46.6026],[-1.8132,46.4939],[-1.6248,46.4126],[-1.5049,46.3993],[-1.216,46.2726],[-1.1717,46.1403],[-1.0592,46.0431],[-1.0788,45.9019],[-1.1355,45.8155],[-1.2441,45.7826],[-1.2139,45.6969],[-1.0179,45.6202],[-0.8251,45.4845],[-0.747,45.3957],[-0.8068,45.3499],[-1.0663,45.5158],[-1.1521,45.4856],[-1.1617,45.2989],[-1.2504,44.7169],[-1.1807,44.6638],[-1.2517,44.5465],[-1.3147,44.1342],[-1.4485,43.6394],[-1.546,43.4947],[-1.6392,43.4079],[-1.7959,43.3934],[-1.9166,43.3371],[-2.1332,43.2914],[-2.3569,43.3037],[-2.5058,43.3744],[-2.8016,43.4319],[-2.9523,43.4293],[-3.0574,43.3437],[-3.2232,43.3966],[-3.4438,43.4226],[-3.5973,43.5131],[-3.7706,43.4488],[-3.8109,43.4943],[-4.2741,43.3893],[-4.6241,43.398],[-4.9236,43.4578],[-5.2238,43.4841],[-5.2953,43.5352],[-5.6205,43.5572],[-5.692,43.543],[-5.7806,43.6288],[-5.8576,43.6397],[-5.9618,43.5773],[-6.1164,43.5547],[-6.2557,43.5782],[-6.536,43.5458],[-6.6338,43.5688],[-6.8108,43.5545],[-6.9456,43.575],[-7.1702,43.5558],[-7.2952,43.5938],[-7.3558,43.6699],[-7.5236,43.7362],[-7.8673,43.7704],[-8.3245,43.5245],[-8.305,43.405],[-8.5082,43.3265],[-8.7001,43.291],[-8.8285,43.3294],[-8.952,43.2946],[-8.9526,43.2301],[-9.2122,43.1584],[-9.2858,43.0398],[-9.174,42.9439],[-9.0242,42.7102],[-9.0518,42.5748],[-8.9832,42.5679],[-8.85,42.666],[-8.7664,42.6012],[-8.8897,42.4962],[-8.8466,42.3913],[-8.7518,42.3425],[-8.8177,42.1169],[-8.9001,42.1122],[-8.8802,41.7502],[-8.7823,41.5258],[-8.7867,41.4154],[-8.7393,41.3321],[-8.6443,41.0237],[-8.6731,40.8779],[-8.8409,40.3366],[-8.9092,40.188],[-8.8589,40.1444],[-9.0508,39.7189],[-9.076,39.588],[-9.2276,39.4357],[-9.3565,39.3586],[-9.3576,39.1712],[-9.4224,39.0741],[-9.4192,38.9316],[-9.4993,38.7823],[-9.4595,38.6948],[-9.3246,38.6754],[-9.1262,38.7093],[-9.0143,38.9157],[-8.9314,38.7618],[-9.0424,38.7178],[-9.1133,38.6371],[-9.2113,38.6073],[-9.1805,38.5068],[-9.2219,38.4125],[-9.0646,38.4347],[-8.8862,38.5203],[-8.7205,38.4436],[-8.8045,38.3856],[-8.7749,38.2214],[-8.8599,37.9808],[-8.8046,37.9228],[-8.7863,37.7142],[-8.82,37.5989],[-8.7867,37.5225],[-8.8603,37.2686],[-8.9792,37.0561],[-8.8925,37.0411],[-8.649,37.1155],[-8.2875,37.0718],[-8.1788,37.0898],[-7.9915,37.0056],[-7.8044,37.0138],[-7.4587,37.1772],[-7.0847,37.2148],[-6.994,37.2511],[-6.8751,37.1488],[-6.5203,36.9768],[-6.397,36.8098],[-6.4427,36.7377],[-6.3927,36.6327],[-6.2274,36.581],[-6.2527,36.4684],[-6.1438,36.2972],[-6.0325,36.1801],[-5.9081,35.8012],[-5.9302,35.7878],[-6.029,35.4723],[-6.0815,35.3955],[-6.1503,35.2039],[-6.3904,34.6971],[-6.5402,34.4475],[-6.7863,34.0891],[-6.9732,33.9164],[-7.1135,33.8356],[-7.2659,33.7821],[-7.5208,33.6254],[-7.6534,33.6131],[-7.8013,33.5284],[-8.2085,33.3856],[-8.2977,33.3666],[-8.461,33.2457],[-8.5104,33.2673],[-8.6205,33.1772],[-8.6311,33.1132],[-8.7862,32.9473],[-9.1176,32.665],[-9.286,32.5426],[-9.2333,32.4796],[-9.2861,32.3769],[-9.2502,32.3168],[-9.2619,32.1751],[-9.3438,32.032],[-9.6755,31.7006],[-9.6767,31.6274],[-9.8332,31.4139],[-9.796,31.2868],[-9.8421,31.1037],[-9.8057,30.8144],[-9.8888,30.6293],[-9.7827,30.6088],[-9.7035,30.5424],[-9.5984,30.3997],[-9.67,30.0798],[-9.832,29.8057],[-9.9662,29.6933],[-10.0769,29.5029],[-10.2517,29.283],[-10.3386,29.2259],[-10.5101,29.0285],[-10.6708,28.9335],[-11.0392,28.7629],[-11.3044,28.5317],[-11.5193,28.3052],[-11.94,28.1554],[-12.0824,28.0865],[-12.6573,27.9819],[-12.9169,27.9531],[-13.0699,27.7358],[-13.1597,27.697],[-13.3048,27.3239],[-13.4091,27.1629],[-13.4183,27.0828],[-13.5647,26.742],[-13.6862,26.6401],[-13.9778,26.4708],[-14.1829,26.4242],[-14.3182,26.2816],[-14.4034,26.2624],[-14.475,26.1792],[-14.4959,25.9963],[-14.5672,25.8477],[-14.6347,25.7731],[-14.6979,25.5447],[-14.7875,25.4181],[-14.8291,25.2939],[-14.8459,25.1257],[-14.819,25.0429],[-14.8306,24.907],[-14.8831,24.7012],[-14.9876,24.6283],[-15.0194,24.55],[-15.1675,24.4882],[-15.325,24.3093],[-15.5721,24.0953],[-15.5994,24.0392],[-15.7498,23.9455],[-15.71,23.8925],[-15.742,23.785],[-15.9067,23.5645],[-15.9975,23.3894],[-16.19,23.1254],[-16.1416,23.0355],[-16.1568,22.9756],[-16.2735,22.8962],[-16.3302,22.7721],[-16.3598,22.5785],[-16.4274,22.5231],[-16.4948,22.3242],[-16.6361,22.2691],[-16.6812,22.2955],[-16.8072,22.1617],[-16.9817,21.7187],[-16.982,21.5599],[-17.0109,21.4448],[-17.1039,20.8489],[-17.0322,20.8588],[-17.003,21.0182],[-16.9486,21.1041],[-16.7782,20.9284],[-16.7576,20.8317],[-16.6727,20.6751],[-16.5317,20.5618],[-16.5283,20.7309],[-16.3995,20.5647],[-16.323,20.3618],[-16.2022,20.1931],[-16.2583,20.1163],[-16.2238,19.9955],[-16.2766,19.9106],[-16.2567,19.7808],[-16.3885,19.6322],[-16.3906,19.5738],[-16.5113,19.3498],[-16.472,19.2604],[-16.3627,19.1962],[-16.2517,19.0714],[-16.1943,18.9472],[-16.1259,18.6328],[-16.0526,18.4376],[-16.0202,17.9815],[-16.0576,17.6316],[-16.1523,17.3092],[-16.3531,16.8475],[-16.4434,16.6085],[-16.4511,16.5117],[-16.5202,16.2654],[-16.4134,16.1409],[-16.4637,16.063],[-16.4721,15.9274],[-16.5089,15.903],[-16.5409,15.7663],[-16.6149,15.6249],[-16.8513,15.2629],[-17.1283,14.9102],[-17.343,14.8058],[-17.3395,14.7339],[-17.2469,14.7002],[-17.1585,14.6182],[-17.0574,14.455],[-16.9601,14.3972],[-16.9291,14.2861],[-16.867,14.186],[-16.7196,14.0203],[-16.6291,13.9964],[-16.5769,14.0363],[-16.4766,13.9603],[-16.5042,13.8829],[-16.4834,13.8671],[-16.494,13.8338],[-16.4836,13.8157],[-16.482,13.7977],[-16.4789,13.7931],[-16.4807,13.783],[-16.5121,13.6691],[-16.585,13.6326],[-16.5301,13.5604],[-16.5445,13.4891],[-16.4129,13.3287],[-16.2609,13.3664],[-16.2262,13.3234],[-16.4452,13.2604],[-16.5414,13.2932],[-16.6126,13.4371],[-16.6939,13.4762],[-16.8132,13.3384],[-16.7872,13.1642],[-16.7362,13.0126],[-16.7772,12.8058],[-16.7462,12.7451],[-16.6086,12.7975],[-16.6515,12.9204],[-16.5771,12.9136],[-16.5836,12.7554],[-16.533,12.6542],[-16.6793,12.5529],[-16.7758,12.5227],[-16.7713,12.4044],[-16.7101,12.3362],[-16.6275,12.3199],[-16.4823,12.1963],[-16.3487,12.1932],[-16.3114,12.0025],[-16.2311,11.9312],[-16.0886,11.882],[-15.959,11.9215],[-15.9221,11.881],[-15.9681,11.7746],[-15.8156,11.7441],[-15.6478,11.8005],[-15.4899,11.9327],[-15.3675,11.9664],[-15.3791,11.8872],[-15.5128,11.7792],[-15.5366,11.6804],[-15.3752,11.5984],[-15.4701,11.4585],[-15.5001,11.3265],[-15.3208,11.2649],[-15.4065,11.2041],[-15.3232,11.132],[-15.1315,11.0799],[-15.0509,11.1328],[-15.0984,10.9416],[-14.9581,10.9791],[-14.8161,10.9276],[-14.7733,10.7185],[-14.5593,10.8608],[-14.5407,10.8162],[-14.6072,10.7053],[-14.6574,10.5545],[-14.6584,10.4773],[-14.5785,10.4515],[-14.4721,10.3475],[-14.4686,10.2552],[-14.3169,10.2001],[-14.1248,10.1967],[-13.9319,10.0088],[-13.9425,9.9571],[-13.7952,9.8379],[-13.6583,9.9049],[-13.6161,9.7718],[-13.6273,9.6349],[-13.5022,9.4394],[-13.4193,9.3969],[-13.4096,9.2787],[-13.3253,9.2789],[-13.3189,9.0678],[-13.2846,8.9537],[-13.2293,8.947],[-13.2432,8.6622],[-13.1698,8.5267],[-13.1086,8.6036],[-12.9908,8.5599],[-13.1387,8.451],[-13.2091,8.4941],[-13.2884,8.4271],[-13.1713,8.2797],[-13.1448,8.1799],[-13.0609,8.238],[-12.9928,8.2088],[-12.911,8.1005],[-12.8873,7.9589],[-12.9464,7.9018],[-12.7105,7.7015],[-12.5883,7.6842],[-12.4765,7.6141],[-12.437,7.5533],[-12.49,7.4485],[-12.4644,7.3766],[-12.3229,7.3336],[-11.9239,7.1774],[-11.6614,7.0407],[-11.6016,6.9791],[-11.4921,6.9278],[-11.3991,6.8504],[-11.3353,6.7528],[-11.2242,6.7773],[-11.1994,6.6739],[-10.8657,6.463],[-10.7932,6.3591],[-10.8175,6.3115],[-10.6937,6.234],[-10.3835,6.1409],[-10.2175,6.0339],[-10.0882,5.9256],[-10.0065,5.8095],[-9.8682,5.7041],[-9.778,5.6024],[-9.5953,5.4774],[-9.4616,5.3068],[-9.2948,5.1496],[-9.2087,5.1123],[-9.037,4.9801],[-8.8892,4.938],[-8.716,4.8081],[-8.5126,4.7303],[-8.4508,4.6752],[-8.3213,4.6297],[-8.2501,4.5728],[-8.0032,4.5255],[-7.8318,4.4545],[-7.725,4.3664],[-7.4817,4.362],[-7.2497,4.4663],[-7.1842,4.5213],[-7.0574,4.5389],[-6.9137,4.6637],[-6.707,4.694],[-6.5839,4.7652],[-6.4475,4.7928],[-6.1982,4.8843],[-5.9741,4.9935],[-5.8496,5.0356],[-5.577,5.0828],[-5.2054,5.123],[-4.759,5.1538],[-4.7873,5.2286],[-4.4922,5.274],[-4.4553,5.313],[-4.3219,5.3251],[-4.2342,5.3001],[-3.9944,5.3191],[-3.9962,5.2532],[-3.7147,5.1895],[-3.2868,5.1271],[-3.294,5.2844],[-3.2517,5.3587],[-3.1723,5.3029],[-3.2636,5.1224],[-2.7144,5.0131],[-2.3517,4.9324],[-2.2481,4.8813],[-2.1113,4.7547],[-1.9718,4.7698],[-1.6438,4.9713],[-1.6162,5.028],[-1.2412,5.1027],[-1.0909,5.1943],[-0.834,5.2101],[-0.7217,5.3009],[-0.4981,5.3781],[-0.4038,5.4743],[-0.2134,5.5311],[0.0064,5.6244],[0.0695,5.6942],[0.3241,5.7826],[0.431,5.7896],[0.8093,5.7713],[0.9225,5.786],[0.9194,5.8701],[0.8682,5.9439],[0.9478,6.0371],[1.0198,5.9759],[1.1432,6.0881],[1.3479,6.166],[1.8958,6.2944],[2.3343,6.349],[2.3546,6.4257],[2.4473,6.5032],[2.5377,6.4373],[2.5875,6.4767],[2.6874,6.4477],[2.8023,6.4601],[2.8783,6.4133],[3.2196,6.4102],[3.3606,6.4383],[3.417,6.5655],[3.5268,6.5288],[3.636,6.5552],[3.7159,6.6217],[3.9081,6.6137],[4.169,6.5135],[4.2202,6.4233],[4.1038,6.4239],[4.0056,6.5657],[3.8741,6.6124],[3.7612,6.5898],[3.7372,6.5399],[3.5124,6.4679],[3.4692,6.4213],[3.8037,6.4394],[3.9589,6.4321],[4.3882,6.3629],[4.4961,6.3211],[4.7375,6.1356],[4.9804,5.8886],[5.044,5.7835],[5.2673,5.9103],[5.3062,5.9225],[5.2917,5.8935],[5.3077,5.8584],[5.333,5.8467],[5.3414,5.8413],[5.3471,5.841],[5.363,5.8494],[5.374,5.8524],[5.3748,5.851],[5.3614,5.8467],[5.3477,5.8396],[5.3429,5.8393],[5.3347,5.842],[5.3329,5.837],[5.3348,5.8299],[5.3335,5.823],[5.3299,5.8097],[5.3524,5.8116],[5.352,5.8027],[5.3369,5.7913],[5.334,5.7596],[5.3427,5.7426],[5.3248,5.7258],[5.3607,5.6954],[5.4433,5.7427],[5.5401,5.6088],[5.4186,5.4285],[5.4706,5.4032],[5.5147,5.5092],[5.634,5.5474],[5.7015,5.5352],[5.7232,5.3357],[5.8196,5.3413],[5.9073,5.1907],[5.9586,5.1615],[5.9932,5.12],[6.0322,5.0957],[6.0649,5.1366],[6.0795,5.151],[6.0964,5.1524],[6.1379,5.1348],[6.1992,5.1676],[6.1926,5.225],[6.2297,5.2438],[6.2663,5.2309],[6.2896,5.2904],[6.3457,5.3242],[6.4153,5.2871],[6.3427,5.2381],[6.3359,5.1349],[6.2955,5.0764],[6.242,5.0844],[6.2315,5.0784],[6.2467,5.0302],[6.2698,4.8347],[6.2585,4.7127],[6.2425,4.6783],[6.2303,4.6722],[6.2208,4.674],[6.2153,4.6821],[6.2019,4.6536],[6.1949,4.5389],[6.2075,4.4578],[6.2974,4.4555],[6.3544,4.3753],[6.4443,4.3161],[6.7041,4.3486],[6.6654,4.4824],[6.5944,4.5455],[6.6236,4.6266],[6.7123,4.4507],[6.7131,4.3638],[6.8672,4.3586],[6.8009,4.5286],[6.8282,4.6053],[6.7763,4.6657],[6.768,4.813],[6.8264,4.8258],[7.2192,4.6193],[7.5877,4.5044],[7.9908,4.5416],[8.2656,4.5336],[8.3275,4.6444],[8.3182,4.7465],[8.1807,4.8814],[8.1031,5.021],[8.2127,5.0081],[8.2358,4.9273],[8.4183,4.7272],[8.5317,4.7104],[8.633,4.7528],[8.7034,4.5813],[8.8192,4.6315],[8.8844,4.5797],[8.8804,4.4079],[8.9146,4.2874],[8.9985,4.1791],[8.9771,4.0967],[9.1257,4.0054],[9.2539,3.9598],[9.4732,4.1143],[9.5401,4.0189],[9.6238,3.9703],[9.7119,3.854],[9.5991,3.8332],[9.5969,3.7493],[9.6526,3.6365],[9.6639,3.5315],[9.8758,3.328],[9.9754,3.0902],[9.9185,2.9815],[9.8175,2.5109],[9.8185,2.3422],[9.7787,2.3272],[9.7938,2.145],[9.7651,2.0942],[9.8113,1.9446],[9.7396,1.7983],[9.6088,1.6672],[9.6206,1.5903],[9.5613,1.4876],[9.4589,1.3917],[9.3497,1.1687],[9.4097,1.1003],[9.5302,1.131],[9.5792,1.0422],[9.5516,0.9377],[9.6171,0.736],[9.6078,0.5188],[9.499,0.6686],[9.3232,0.619],[9.3078,0.5165],[9.3827,0.4943],[9.4722,0.3532],[9.6795,0.2114],[9.7412,0.1163],[9.3807,0.2143],[9.3782,0.3074],[9.3015,0.305],[9.3467,0.0352],[9.305,-0.207],[9.2941,-0.3854],[9.2377,-0.4886],[9.105,-0.64],[9.1199,-0.6956],[9.0748,-0.7055],[9.0513,-0.7335],[9.0559,-0.7785],[9.0532,-0.7885],[9.0433,-0.7951],[9.0242,-0.8246],[9.0098,-0.9316],[8.9742,-0.936],[8.94,-0.8185],[8.8025,-0.7916],[8.7753,-0.6935],[8.7018,-0.6338],[6.62,0.0],[-49.3571,0.0],[-49.398,0.0594],[-49.5864,0.0892],[-49.7392,0.0],[-49.8742,0.0],[-49.7974,0.0961],[-49.5544,0.2903],[-49.5694,0.3852],[-49.8032,0.3285],[-49.8593,0.2969],[-49.9753,0.3169],[-50.0666,0.2976],[-50.0883,0.2419],[-50.2024,0.2153],[-50.3932,0.2128],[-50.3518,0.0434],[-50.1005,0.0346],[-50.0322,0.0],[-50.7707,0.0],[-50.8485,0.0343],[-50.9108,0.0],[-51.0591,0.0],[-51.0023,0.1105],[-50.8871,0.1827],[-50.7822,0.1904],[-50.7061,0.2994],[-50.5742,0.43],[-50.4849,0.6189],[-50.3098,0.7613],[-50.2838,0.8651],[-50.0981,0.9742],[-50.0498,1.0464],[-49.8845,1.1531],[-49.9072,1.2905],[-49.8695,1.3971],[-49.9267,1.7005],[-50.1715,1.815],[-50.3989,1.8015],[-50.4606,1.8162],[-50.5893,1.9922],[-50.5978,2.0664],[-50.722,2.2366],[-50.8458,2.639],[-51.0178,3.0398],[-51.0305,3.2028],[-51.092,3.3812],[-51.0795,3.4899],[-51.0809,3.901],[-51.1245,3.9089],[-51.2141,4.1482],[-51.3341,4.3046],[-51.4929,4.4324],[-51.5719,4.3497],[-51.5409,4.2249],[-51.6341,4.1974],[-51.707,4.306],[-51.7046,4.3787],[-51.7681,4.4723],[-51.7883,4.5906],[-51.8406,4.6501],[-51.9244,4.6372],[-51.9232,4.4375],[-52.0297,4.7267],[-52.1884,4.8284],[-52.3007,4.9508],[-52.3583,4.9132],[-52.4841,5.0423],[-52.6314,5.1493],[-52.8476,5.3744],[-52.9806,5.4427],[-53.2724,5.5627],[-53.3023,5.5355],[-53.4631,5.5609],[-53.8008,5.7257],[-53.9856,5.7444],[-54.0334,5.8396],[-54.1971,5.8853],[-54.6814,5.9782],[-55.0246,5.9941],[-55.1568,5.9601],[-55.1574,5.9083],[-55.4353,5.9745],[-55.5515,5.9893],[-55.8225,5.9835],[-55.9539,5.901],[-55.9368,5.8055],[-56.6478,5.9766],[-56.8794,5.9908],[-56.9643,6.0145],[-57.0812,5.9245],[-57.1449,5.9895],[-57.177,6.1098],[-57.3133,6.2494],[-57.48,6.3424],[-57.5629,6.3274],[-57.626,6.4474],[-57.82,6.6286],[-58.0285,6.8021],[-58.1767,6.8074],[-58.2816,6.8742],[-58.4206,6.8652],[-58.6216,6.6159],[-58.5933,6.8044],[-58.5401,6.9507],[-58.4857,7.016],[-58.4837,7.3428],[-58.6771,7.601],[-58.7675,7.6275],[-58.8228,7.7208],[-58.9371,7.8184],[-59.1225,8.0282],[-59.4691,8.2408],[-59.7632,8.4023],[-59.786,8.2871],[-60.056,8.4403],[-60.1031,8.4983],[-60.1604,8.5132],[-60.2231,8.5485],[-60.266,8.5438],[-60.2997,8.5472],[-60.4112,8.5753],[-60.4589,8.527],[-60.5977,8.5396],[-60.7225,8.6085],[-60.983,8.5731],[-60.9879,8.5129],[-61.0772,8.4918],[-61.1722,8.4982],[-61.2015,8.4708],[-61.2431,8.4517],[-61.3103,8.4843],[-61.4261,8.4736],[-61.6629,8.5789],[-61.7981,8.5831],[-61.8746,8.5296],[-62.0368,8.5361],[-62.1211,8.5845],[-62.2499,8.5968]],[[-62.1882,9.1918],[-62.2034,9.2163],[-62.225,9.2264],[-62.2162,9.2431],[-62.232,9.26],[-62.256,9.2599],[-62.2427,9.279],[-62.2441,9.3016],[-62.2688,9.3028],[-62.2799,9.2837],[-62.3058,9.2957],[-62.3004,9.2288],[-62.3029,9.1877],[-62.3192,9.1777],[-62.3282,9.1553],[-62.329,9.1304],[-62.3053,9.1377],[-62.2628,9.1337],[-62.2637,9.113],[-62.1891,9.0879],[-62.1327,9.1266],[-62.1882,9.1918]],[[9.7144,54.3351],[9.7837,54.36],[9.8516,54.3641],[9.936,54.3413],[9.9786,54.3441],[10.0151,54.3592],[10.1012,54.3725],[10.1543,54.3689],[10.1888,54.3926],[10.1903,54.4572],[10.1366,54.4837],[10.0269,54.5501],[10.0334,54.6574],[9.9663,54.7672],[9.878,54.7541],[9.7277,54.8359],[9.7556,54.9271],[9.5521,55.0758],[9.497,55.1554],[9.6974,55.1982],[9.599,55.3605],[9.6244,55.4976],[9.7906,55.5824],[9.7379,55.6584],[9.9761,55.6949],[10.0539,55.8221],[10.2566,55.9159],[10.271,56.0484],[10.2227,56.1702],[10.4287,56.2952],[10.6771,56.2046],[10.9142,56.3434],[10.9593,56.4437],[10.7947,56.5375],[10.5163,56.5121],[10.3121,56.6057],[10.3618,56.6444],[10.2761,56.8015],[10.2708,56.9356],[9.9999,57.0786],[9.9371,57.0491],[9.3681,57.0093],[9.1787,56.9187],[9.1112,56.7863],[8.8781,56.7633],[8.702,56.585],[8.6484,56.4669],[8.5182,56.5412],[8.299,56.5665],[8.1855,56.6334],[8.1149,56.5247],[8.1294,56.2618],[8.0967,56.0589],[8.1754,55.7606],[8.0738,55.5585],[8.293,55.5663],[8.4354,55.4662],[8.6205,55.4265],[8.6702,55.332],[8.6856,55.1444],[8.6341,55.0316],[8.6607,54.9617],[8.5854,54.8856],[8.7543,54.6808],[8.8805,54.5985],[8.8055,54.4975],[8.9158,54.4232],[8.6374,54.3945],[8.5801,54.3091],[8.8584,54.2672],[8.808,54.1732],[8.9793,54.0696],[8.8311,54.0215],[8.964,53.8946],[9.1272,53.8866],[9.2924,54.0007],[9.3063,54.0551],[9.328,54.0987],[9.3271,54.1196],[9.3322,54.1327],[9.3506,54.1455],[9.4449,54.1743],[9.5223,54.1914],[9.6323,54.2736],[9.7144,54.3351]],[[-1.1644,60.4971],[-1.0308,60.4951],[-0.9984,60.7206],[-1.0731,60.7325],[-1.1658,60.6482],[-1.1644,60.4971]],[[-1.5542,60.4906],[-1.3417,60.3651],[-1.3861,60.3138],[-1.6909,60.299],[-1.6955,60.2465],[-1.2664,60.1352],[-1.386,59.8914],[-1.3127,59.8543],[-1.2005,59.9745],[-1.1551,60.2835],[-1.0787,60.3804],[-1.2269,60.4949],[-1.3372,60.5058],[-1.3085,60.6344],[-1.4201,60.6109],[-1.5542,60.4906]],[[-3.3538,58.9629],[-3.2013,58.9118],[-3.0088,58.9444],[-3.001,59.0644],[-3.1954,59.1531],[-3.3566,59.1056],[-3.3538,58.9629]],[[-3.2896,58.7758],[-3.1402,58.7834],[-3.212,58.8774],[-3.3931,58.9235],[-3.4337,58.8705],[-3.2896,58.7758]],[[-4.4123,58.52],[-4.543,58.5819],[-4.7427,58.5848],[-5.0094,58.6245],[-5.1148,58.5223],[-5.186,58.3545],[-5.1394,58.282],[-5.3624,58.2164],[-5.2834,58.1379],[-5.3514,58.02],[-5.2162,57.9205],[-5.5627,57.919],[-5.807,57.8621],[-5.8106,57.663],[-5.8733,57.4764],[-5.7841,57.3462],[-5.6258,57.2134],[-5.7967,57.0662],[-5.9519,56.7815],[-6.1917,56.7534],[-6.219,56.703],[-5.9272,56.669],[-5.9604,56.5836],[-5.644,56.509],[-5.3524,56.6842],[-5.3651,56.524],[-5.5392,56.3495],[-5.6407,56.3116],[-5.5177,56.1695],[-5.7079,55.9654],[-5.6664,55.8007],[-5.5415,55.7852],[-5.7167,55.5706],[-5.7203,55.4307],[-5.7961,55.2978],[-5.6044,55.3066],[-5.4489,55.7062],[-5.3146,55.7864],[-5.3035,55.8511],[-5.1774,55.9352],[-4.8896,55.8188],[-4.9045,55.7208],[-4.7969,55.6305],[-4.671,55.5909],[-4.6194,55.4918],[-4.8421,55.3291],[-4.8602,55.2301],[-4.9964,55.1395],[-5.0616,55.0272],[-5.1877,54.9764],[-5.1392,54.8505],[-4.999,54.7692],[-4.8812,54.6348],[-4.9608,54.8034],[-4.8344,54.863],[-4.3924,54.6769],[-4.3522,54.8126],[-3.9634,54.7712],[-3.7259,54.8752],[-3.5964,54.8827],[-3.5568,54.9792],[-3.2683,54.9652],[-3.3697,54.8907],[-3.4382,54.7574],[-3.5776,54.6488],[-3.6214,54.4912],[-3.4336,54.3437],[-3.4186,54.2805],[-3.2413,54.1065],[-3.063,54.1796],[-2.8368,54.1739],[-2.7949,54.1219],[-2.9227,54.0305],[-2.8735,53.9711],[-3.0516,53.919],[-3.0581,53.7787],[-2.9225,53.7308],[-3.0994,53.5679],[-3.0415,53.4428],[-3.2,53.3853],[-3.101,53.2633],[-3.3761,53.3503],[-3.6101,53.2899],[-3.8383,53.2994],[-4.1246,53.2371],[-4.3099,53.1296],[-4.3435,53.0471],[-4.5778,52.9388],[-4.7677,52.7935],[-4.5014,52.8317],[-4.3815,52.8961],[-4.1523,52.9062],[-4.1542,52.8138],[-4.0627,52.7228],[-4.13,52.6125],[-4.0596,52.5266],[-4.0942,52.3964],[-4.2069,52.265],[-4.4961,52.1445],[-4.7309,52.1178],[-4.7863,52.0613],[-5.3121,51.9041],[-5.138,51.8631],[-5.1075,51.6686],[-4.9223,51.5968],[-4.8611,51.6467],[-4.7159,51.655],[-4.6713,51.7284],[-4.4518,51.7345],[-4.3157,51.675],[-4.2804,51.5602],[-3.9989,51.5777],[-3.8498,51.6186],[-3.7208,51.4794],[-3.5596,51.4011],[-3.4019,51.3808],[-3.1692,51.4058],[-3.1205,51.4895],[-2.6646,51.5737],[-2.9655,51.3928],[-3.0124,51.2163],[-3.2751,51.1803],[-3.4951,51.2241],[-3.7663,51.2372],[-4.2014,51.2006],[-4.2255,51.0628],[-4.3064,50.9961],[-4.5285,51.0168],[-4.5696,50.9043],[-4.5578,50.7875],[-4.7616,50.6711],[-4.7952,50.5987],[-5.0263,50.5515],[-5.0424,50.4436],[-5.1539,50.35],[-5.4372,50.1935],[-5.5547,50.2095],[-5.7059,50.122],[-5.7087,50.0568],[-5.5727,50.0525],[-5.5264,50.1251],[-5.3396,50.0912],[-5.1976,49.9584],[-5.0992,50.0051],[-5.1049,50.0948],[-5.0202,50.1767],[-4.8652,50.2342],[-4.7658,50.323],[-4.5389,50.3231],[-4.4368,50.3602],[-4.1747,50.3606],[-4.0508,50.2938],[-3.9184,50.2951],[-3.8616,50.2344],[-3.7222,50.2012],[-3.5028,50.3877],[-3.56,50.4368],[-3.4438,50.6048],[-3.2641,50.6705],[-2.793,50.7179],[-2.4699,50.5846],[-2.3953,50.6365],[-1.9594,50.5908],[-2.0203,50.7114],[-1.6899,50.7374],[-1.5854,50.7192],[-1.3408,50.7865],[-1.304,50.8383],[-1.1337,50.7748],[-0.9165,50.7794],[-0.7856,50.7222],[-0.73,50.7706],[-0.2281,50.8281],[0.0747,50.78],[0.2416,50.7337],[0.4175,50.8306],[0.668,50.8715],[0.792,50.933],[0.9455,50.9107],[1.0028,51.0294],[1.191,51.0764],[1.4021,51.166],[1.3769,51.2889],[1.4274,51.3918],[0.9044,51.343],[0.5698,51.3931],[0.8941,51.5725],[0.9815,51.8188],[1.1154,51.7726],[1.2887,51.8611],[1.2773,51.9433],[1.5831,52.0898],[1.6312,52.2719],[1.7614,52.4749],[1.6981,52.7217],[1.4263,52.8853],[1.2997,52.9335],[0.9943,52.978],[0.6895,52.988],[0.4963,52.9561],[0.4408,52.8463],[0.3572,52.8037],[0.2253,52.8231],[0.0805,52.9401],[0.3375,53.0948],[0.3362,53.2423],[0.1549,53.4758],[-0.0319,53.5659],[-0.0608,53.629],[0.124,53.6562],[-0.1559,53.9025],[-0.2232,54.159],[-0.3691,54.2493],[-0.4632,54.3902],[-0.5749,54.4825],[-0.7736,54.5567],[-1.1585,54.623],[-1.296,54.764],[-1.3529,54.9565],[-1.4943,55.1002],[-1.5601,55.2527],[-1.6238,55.5518],[-1.9612,55.7344],[-2.1359,55.9161],[-2.3364,55.9368],[-2.7744,56.0669],[-2.8982,55.9834],[-3.0675,55.9451],[-3.1582,55.9823],[-3.51,55.9989],[-3.1641,56.0739],[-2.9356,56.2118],[-2.8449,56.183],[-2.5838,56.2795],[-2.7782,56.3331],[-2.7869,56.4782],[-2.5376,56.5662],[-2.4243,56.7566],[-2.2265,56.8684],[-2.1592,57.018],[-2.0476,57.129],[-2.0764,57.1777],[-1.9944,57.3113],[-1.8625,57.3881],[-1.7943,57.4845],[-1.8245,57.6132],[-1.9152,57.6728],[-2.0824,57.7009],[-2.5529,57.6708],[-2.853,57.707],[-3.0323,57.6644],[-3.3468,57.7249],[-3.5302,57.6639],[-3.7007,57.6569],[-3.9056,57.5857],[-4.1702,57.5655],[-3.9925,57.6766],[-3.8987,57.8211],[-4.0342,57.8666],[-4.0188,57.9497],[-3.5148,58.1677],[-3.373,58.2731],[-3.2201,58.3052],[-3.0564,58.4416],[-3.1214,58.5305],[-3.0488,58.6476],[-3.3759,58.6721],[-3.5222,58.5971],[-4.4123,58.52]],[[6.7489,0.2407],[6.7564,0.297],[6.6893,0.4048],[6.6089,0.4075],[6.4922,0.3181],[6.4613,0.225],[6.5123,0.1063],[6.5121,0.0328],[6.5319,0.0268],[6.7489,0.2407]],[[-60.0818,45.8025],[-60.1194,45.885],[-59.8351,45.9564],[-59.9037,46.106],[-59.8386,46.1679],[-60.1216,46.2633],[-60.3012,46.2806],[-60.5505,46.0736],[-60.8018,45.941],[-60.6665,45.9066],[-60.8092,45.7308],[-61.1027,45.792],[-60.9295,45.8585],[-60.8027,45.9615],[-60.8494,46.0712],[-60.6491,46.116],[-60.4398,46.2902],[-60.4576,46.4312],[-60.3503,46.6271],[-60.3036,46.851],[-60.4257,46.8771],[-60.5121,47.0033],[-60.5965,47.0418],[-60.6916,46.9134],[-60.892,46.7887],[-60.9598,46.6696],[-61.0278,46.646],[-61.1071,46.4385],[-61.3202,46.2305],[-61.4158,46.1926],[-61.5519,46.0411],[-61.4666,45.7217],[-61.3311,45.5646],[-61.1796,45.6024],[-61.1116,45.5775],[-60.9225,45.6217],[-60.7456,45.5792],[-60.4251,45.6421],[-60.348,45.6816],[-60.0818,45.8025]],[[-6.9076,58.2135],[-7.0403,58.233],[-7.1358,58.1271],[-7.04,58.0333],[-7.08,57.9669],[-6.9131,57.9353],[-7.0874,57.8078],[-6.9712,57.7358],[-6.6726,57.9167],[-6.5395,57.9163],[-6.3663,58.0168],[-6.3723,58.1305],[-6.2913,58.2067],[-6.1651,58.4291],[-6.2579,58.5162],[-6.6165,58.3473],[-6.8041,58.3038],[-6.9076,58.2135]],[[-7.3116,57.5073],[-7.1649,57.5082],[-7.0621,57.6394],[-7.2181,57.6904],[-7.3878,57.6346],[-7.4873,57.6614],[-7.5468,57.5988],[-7.4213,57.581],[-7.3116,57.5073]],[[-7.2445,57.1351],[-7.2203,57.3037],[-7.2687,57.3785],[-7.4302,57.3862],[-7.4581,57.2395],[-7.3781,57.1053],[-7.2445,57.1351]],[[-8.501,54.7745],[-8.6685,54.7713],[-8.7907,54.6881],[-8.6794,54.6185],[-8.4834,54.6035],[-8.3973,54.634],[-8.2083,54.5716],[-8.2835,54.4776],[-8.4012,54.4634],[-8.5585,54.3422],[-8.5477,54.2804],[-8.8268,54.2535],[-8.946,54.2956],[-9.0547,54.2732],[-9.1267,54.1947],[-9.2638,54.3098],[-9.6606,54.3143],[-9.8069,54.344],[-9.8992,54.264],[-10.0093,54.2925],[-10.0949,54.2353],[-9.8511,53.9711],[-10.0714,54.0238],[-9.993,53.888],[-9.577,53.8829],[-9.6157,53.8103],[-9.9057,53.7631],[-9.9131,53.6008],[-10.1287,53.5768],[-10.1388,53.404],[-9.8899,53.3676],[-9.8663,53.2989],[-9.6224,53.3262],[-9.53,53.223],[-9.0444,53.2676],[-8.9692,53.1765],[-9.1675,53.1351],[-9.2643,53.1543],[-9.4323,52.9685],[-9.4962,52.7506],[-9.6058,52.7442],[-9.815,52.5645],[-9.6792,52.4968],[-9.8351,52.3881],[-9.8922,52.2299],[-10.177,52.2915],[-10.3593,52.2361],[-10.4509,52.1716],[-10.4523,52.0966],[-10.1229,52.114],[-9.8655,52.1594],[-9.9785,52.0532],[-10.258,51.9915],[-10.1733,51.8261],[-9.9103,51.6441],[-9.7797,51.5817],[-9.8205,51.4518],[-9.4471,51.5281],[-9.3783,51.4683],[-8.8489,51.5927],[-8.7068,51.5708],[-8.6826,51.6368],[-8.3432,51.7156],[-8.2645,51.8155],[-8.0259,51.8178],[-7.8644,51.8839],[-7.8416,51.9479],[-7.5833,51.9937],[-7.5194,52.1057],[-7.3708,52.1377],[-7.0799,52.1342],[-6.9001,52.1586],[-6.706,52.2188],[-6.6007,52.1807],[-6.3617,52.1727],[-6.3116,52.2403],[-6.4465,52.3076],[-6.1933,52.5632],[-6.2295,52.6246],[-6.1423,52.799],[-5.9966,52.9642],[-6.1027,53.2843],[-6.2049,53.3181],[-6.1122,53.4006],[-6.0788,53.5497],[-6.2123,53.6331],[-6.2514,53.732],[-6.2403,53.8622],[-6.3729,53.9135],[-6.3306,54.0122],[-6.1656,53.9766],[-5.8967,54.1045],[-5.8234,54.2449],[-5.6116,54.2462],[-5.5385,54.3372],[-5.6881,54.5317],[-5.5569,54.531],[-5.5789,54.3988],[-5.4935,54.3364],[-5.4398,54.4599],[-5.5774,54.676],[-5.8969,54.6721],[-5.6878,54.7666],[-5.722,54.8461],[-5.8782,54.9081],[-6.0556,55.0586],[-6.0254,55.1598],[-6.1343,55.2247],[-6.234,55.204],[-6.503,55.2472],[-6.7282,55.1708],[-6.9622,55.1648],[-7.0664,55.0464],[-7.2462,55.0614],[-7.1507,55.1523],[-6.9209,55.2361],[-7.1424,55.2921],[-7.3307,55.3681],[-7.3828,55.293],[-7.7344,55.252],[-7.8378,55.1517],[-8.0168,55.1813],[-8.2496,55.1559],[-8.3491,55.0391],[-8.4524,55.013],[-8.501,54.7745]],[[-67.2112,17.9533],[-67.0612,17.9747],[-66.9537,17.9321],[-66.8178,17.9549],[-66.7711,18.0051],[-66.583,17.9607],[-66.4543,17.9865],[-66.3864,17.9373],[-66.324,17.9784],[-66.247,17.9299],[-66.0786,17.967],[-65.9135,17.9761],[-65.8299,18.0201],[-65.7253,18.1879],[-65.5934,18.2238],[-65.648,18.3745],[-65.7402,18.3796],[-65.8329,18.4297],[-66.395,18.4896],[-66.4819,18.471],[-66.6223,18.4937],[-66.7491,18.4765],[-67.1291,18.5099],[-67.1603,18.4145],[-67.2699,18.3665],[-67.1585,18.217],[-67.1857,18.1656],[-67.2112,17.9533]],[[-72.7378,19.3634],[-72.7899,19.2065],[-72.7492,19.1525],[-72.8244,19.0585],[-72.7269,18.953],[-72.6495,18.9194],[-72.5604,18.7956],[-72.4509,18.72],[-72.3223,18.6793],[-72.3509,18.5427],[-72.6484,18.5258],[-72.7285,18.4265],[-72.9869,18.4681],[-73.1048,18.4463],[-73.4572,18.5287],[-73.5877,18.5016],[-73.7109,18.5749],[-73.7877,18.539],[-73.9603,18.6006],[-74.0636,18.609],[-74.2098,18.6758],[-74.4211,18.6188],[-74.4752,18.4266],[-74.4456,18.3477],[-74.3121,18.2852],[-74.258,18.3115],[-74.0909,18.247],[-73.9466,18.1273],[-73.9019,18.0309],[-73.8221,18.1503],[-73.6998,18.2164],[-73.5308,18.2325],[-73.3918,18.2793],[-73.3577,18.217],[-73.1677,18.2094],[-72.8942,18.1506],[-72.753,18.1822],[-72.5429,18.1757],[-72.518,18.2136],[-72.3786,18.2341],[-72.1979,18.2219],[-72.0532,18.2369],[-71.9393,18.193],[-71.6716,17.9725],[-71.6279,17.8227],[-71.5105,17.7422],[-71.4224,17.6037],[-71.3276,17.7993],[-71.1998,17.9297],[-71.0951,18.0687],[-71.058,18.1549],[-71.109,18.2634],[-71.0561,18.3182],[-70.9574,18.2476],[-70.8583,18.3364],[-70.7441,18.3464],[-70.6655,18.4316],[-70.5703,18.3707],[-70.5923,18.2845],[-70.5133,18.1947],[-70.3928,18.2372],[-70.15,18.2344],[-70.0248,18.409],[-69.8804,18.4725],[-69.7367,18.4619],[-69.6646,18.4074],[-69.3575,18.4231],[-69.2094,18.4523],[-69.0721,18.3915],[-68.9583,18.4147],[-68.8427,18.373],[-68.7551,18.2331],[-68.6427,18.2095],[-68.5936,18.3804],[-68.4891,18.3371],[-68.323,18.6089],[-68.5353,18.7727],[-68.6999,18.9292],[-68.9152,19.0256],[-69.0629,18.9842],[-69.2578,19.0165],[-69.4422,19.0763],[-69.6269,19.0828],[-69.6094,19.2255],[-69.4317,19.1898],[-69.2208,19.1831],[-69.1542,19.2771],[-69.4131,19.3226],[-69.5466,19.3272],[-69.7173,19.276],[-69.8407,19.3692],[-69.9043,19.5471],[-69.9,19.6455],[-70.0572,19.673],[-70.1712,19.621],[-70.3032,19.6535],[-70.439,19.7782],[-70.6315,19.7628],[-70.7715,19.8362],[-70.8394,19.9058],[-70.9896,19.9303],[-71.2492,19.829],[-71.4889,19.909],[-71.6606,19.8911],[-71.7774,19.7802],[-71.7325,19.7027],[-71.9076,19.7262],[-72.094,19.7266],[-72.3143,19.7602],[-72.518,19.8399],[-72.5808,19.8974],[-72.7811,19.9517],[-73.0398,19.916],[-73.1674,19.9297],[-73.4526,19.7608],[-73.4165,19.6486],[-73.3643,19.6226],[-73.0535,19.6299],[-72.8631,19.5379],[-72.771,19.4536],[-72.7378,19.3634]],[[-61.6216,9.5113],[-61.6255,9.4419],[-61.6941,9.3424],[-61.7256,9.3442],[-61.7308,9.3162],[-61.7535,9.3084],[-61.756,9.2624],[-61.7754,9.2236],[-61.8624,9.1072],[-61.8189,9.0597],[-61.8619,8.8783],[-61.9582,8.8],[-62.0013,8.8186],[-62.0121,8.8378],[-62.0533,8.8177],[-62.0656,8.6897],[-61.8537,8.61],[-61.6424,8.6092],[-61.5026,8.5812],[-61.3997,8.6131],[-61.2684,8.5782],[-61.21,8.597],[-61.1996,8.6874],[-61.1442,8.7891],[-61.1116,8.8171],[-61.1045,8.8707],[-61.1178,8.8899],[-61.1044,8.9031],[-61.105,8.9395],[-61.0835,8.9826],[-61.0048,9.0506],[-60.9561,9.1872],[-60.789,9.3101],[-60.8203,9.4085],[-61.0,9.5323],[-61.2062,9.6016],[-61.4494,9.8247],[-61.5825,9.874],[-61.5093,9.6662],[-61.6216,9.5113]],[[-61.6083,10.7483],[-61.6028,10.6905],[-61.5028,10.6374],[-61.469,10.5661],[-61.4951,10.4229],[-61.4561,10.301],[-61.5275,10.2321],[-61.6187,10.2511],[-61.6568,10.1963],[-61.8262,10.1346],[-61.8272,10.0821],[-61.3623,10.0707],[-61.1617,10.0749],[-60.992,10.1361],[-60.9963,10.3035],[-61.0405,10.465],[-61.0126,10.5224],[-61.0366,10.6576],[-60.9092,10.8349],[-61.0073,10.844],[-61.191,10.7978],[-61.3517,10.8119],[-61.4852,10.7534],[-61.6083,10.7483]],[[-60.5947,11.3251],[-60.6967,11.2886],[-60.6813,11.1902],[-60.6342,11.1975],[-60.5334,11.3],[-60.5947,11.3251]],[[-59.468,13.0813],[-59.4216,13.1536],[-59.5377,13.2267],[-59.5796,13.3102],[-59.6504,13.306],[-59.6123,13.0779],[-59.468,13.0813]],[[-61.7402,17.6373],[-61.8625,17.7162],[-61.795,17.5729],[-61.7402,17.6373]],[[-86.9807,20.2784],[-86.7947,20.463],[-86.7751,20.5539],[-86.9277,20.5505],[-87.0166,20.4121],[-86.9807,20.2784]],[[-82.6936,21.8397],[-82.6901,21.8817],[-82.8423,21.9289],[-82.9524,21.9197],[-83.0818,21.8093],[-82.9737,21.5646],[-83.1139,21.5226],[-83.0774,21.4691],[-82.8848,21.4376],[-82.603,21.5246],[-82.5479,21.5796],[-82.6045,21.6611],[-82.5746,21.7314],[-82.6936,21.8397]],[[-81.3468,19.2959],[-81.3973,19.3935],[-81.3452,19.2798],[-81.1154,19.2929],[-81.096,19.3532],[-81.2496,19.3563],[-81.3468,19.2959]],[[-72.8066,18.7087],[-72.8465,18.8359],[-73.2199,18.9693],[-73.3019,18.9255],[-73.217,18.8351],[-73.1265,18.8191],[-73.0003,18.746],[-72.8066,18.7087]],[[-78.2432,18.1957],[-78.0469,18.2006],[-78.0263,18.1277],[-77.9429,18.0351],[-77.8328,18.0063],[-77.8395,17.9457],[-77.7406,17.8655],[-77.4194,17.8652],[-77.3277,17.8215],[-77.2017,17.7145],[-77.1502,17.8698],[-77.0583,17.9077],[-76.9977,17.8411],[-76.9097,17.8655],[-76.8479,17.9692],[-76.7401,17.9678],[-76.5297,17.8496],[-76.396,17.8806],[-76.3005,17.8703],[-76.223,17.9352],[-76.2715,18.0464],[-76.3599,18.1689],[-76.5758,18.2079],[-76.6858,18.267],[-76.7758,18.2704],[-76.8964,18.4131],[-77.1082,18.4082],[-77.2356,18.4584],[-77.4,18.4616],[-77.836,18.525],[-78.0136,18.457],[-78.2193,18.4523],[-78.3347,18.3509],[-78.3569,18.2411],[-78.2432,18.1957]],[[-62.8641,17.3715],[-62.7671,17.2933],[-62.7397,17.377],[-62.8213,17.4169],[-62.8641,17.3715]],[[-61.8965,17.0459],[-61.7547,16.9969],[-61.6779,17.0416],[-61.8324,17.173],[-61.8965,17.0459]],[[-61.7994,16.3167],[-61.7707,16.0619],[-61.6805,15.9498],[-61.5724,16.0221],[-61.5902,16.1924],[-61.4651,16.1963],[-61.2548,16.2565],[-61.267,16.3111],[-61.376,16.3416],[-61.4118,16.4697],[-61.4643,16.5147],[-61.5353,16.455],[-61.4939,16.3539],[-61.6118,16.2674],[-61.7438,16.3618],[-61.7994,16.3167]],[[-61.3372,15.9416],[-61.2793,15.8664],[-61.2,15.9452],[-61.2782,16.0049],[-61.3372,15.9416]],[[-61.2411,15.3322],[-61.2557,15.5178],[-61.423,15.64],[-61.4796,15.5396],[-61.3961,15.3601],[-61.3666,15.2138],[-61.2595,15.2508],[-61.2411,15.3322]],[[-60.8105,14.48],[-60.8817,14.6643],[-61.0284,14.8303],[-61.1475,14.8789],[-61.2289,14.8219],[-61.1524,14.6486],[-60.9807,14.4813],[-60.9,14.451],[-60.8105,14.48]],[[-81.2379,14.3305],[-81.2211,14.1754],[-81.1629,14.1144],[-81.105,14.4095],[-81.2379,14.3305]],[[-60.8699,13.9532],[-60.884,14.0529],[-60.9543,14.0964],[-61.0793,13.8822],[-61.0467,13.7669],[-60.9462,13.7259],[-60.8935,13.7892],[-60.8699,13.9532]],[[-61.1179,13.3301],[-61.1719,13.3828],[-61.2597,13.2786],[-61.278,13.2021],[-61.1921,13.1278],[-61.1427,13.1581],[-61.1179,13.3301]],[[-70.0624,12.5437],[-69.9405,12.4419],[-69.8845,12.4784],[-70.0537,12.6106],[-70.0624,12.5437]],[[-68.7584,12.0632],[-68.8553,12.1752],[-68.9705,12.1943],[-69.0261,12.2379],[-69.0797,12.3572],[-69.1562,12.3898],[-69.1567,12.296],[-69.0591,12.1867],[-68.9531,12.1088],[-68.7915,12.0341],[-68.7584,12.0632]],[[-68.196,12.2196],[-68.3592,12.3014],[-68.4117,12.2272],[-68.3021,12.1965],[-68.2775,12.1364],[-68.1954,12.1402],[-68.196,12.2196]],[[-61.6608,12.2353],[-61.7511,12.1226],[-61.7582,12.0008],[-61.6389,12.0401],[-61.606,12.2251],[-61.6608,12.2353]],[[-64.3833,11.0439],[-64.4066,10.9732],[-64.2405,10.9393],[-64.1697,10.9653],[-64.1103,10.902],[-64.0138,10.8722],[-63.8843,10.9332],[-63.7857,11.0112],[-63.8916,11.1624],[-63.9775,11.1106],[-64.0211,11.0017],[-64.1409,10.9991],[-64.2162,11.086],[-64.3833,11.0439]],[[-63.0233,10.4606],[-63.033,10.458],[-63.0279,10.4389],[-63.0301,10.4287],[-63.0283,10.4169],[-63.0065,10.4193],[-63.0031,10.3884],[-62.9119,10.4146],[-62.8287,10.3959],[-62.8458,10.5307],[-62.905,10.5223],[-62.9403,10.4823],[-62.9989,10.4442],[-63.014,10.4584],[-63.0233,10.4606]],[[-62.0298,8.5428],[-61.8776,8.5363],[-62.0843,8.6825],[-62.1408,8.6133],[-62.0298,8.5428]],[[-64.7479,17.6915],[-64.7476,17.7833],[-64.8711,17.771],[-64.8935,17.6783],[-64.7479,17.6915]],[[-6.7928,62.1105],[-6.7471,62.1777],[-6.765,62.2563],[-6.9642,62.3392],[-7.0878,62.2986],[-6.9913,62.1908],[-6.7928,62.1105]],[[-7.2592,62.1759],[-6.8736,62.056],[-6.8871,62.1394],[-7.0058,62.1938],[-7.0911,62.282],[-7.2183,62.3061],[-7.2592,62.1759]],[[-7.0781,62.0501],[-7.2594,62.1594],[-7.4637,62.1183],[-7.2345,62.0209],[-7.0781,62.0501]],[[-42.0281,62.6918],[-42.0538,62.7706],[-42.3456,62.7908],[-42.3957,62.6708],[-42.0281,62.6918]],[[-41.8943,63.4362],[-41.4335,63.2228],[-41.2755,63.2044],[-41.1102,63.2412],[-41.2434,63.3253],[-41.5584,63.3996],[-41.719,63.4885],[-41.8943,63.4362]],[[-40.757,64.1982],[-40.7404,64.2995],[-40.9963,64.2829],[-41.0201,64.1833],[-40.757,64.1982]],[[-40.5514,64.661],[-40.5113,64.4816],[-40.1992,64.446],[-40.3617,64.6109],[-40.4872,64.8205],[-40.7465,64.9368],[-40.8248,64.8438],[-40.5514,64.661]],[[-37.915,65.7935],[-37.9453,65.6206],[-37.6915,65.5698],[-37.4986,65.5949],[-37.3028,65.6909],[-37.3492,65.7942],[-37.6344,65.9029],[-37.915,65.7935]],[[-6.9951,61.6267],[-6.8746,61.4723],[-6.7258,61.5028],[-6.9264,61.6476],[-6.9951,61.6267]],[[-43.328,59.9993],[-43.4671,60.0347],[-43.4933,59.9851],[-43.5119,59.8957],[-43.328,59.9993]],[[-68.1735,44.3287],[-68.3197,44.4448],[-68.4307,44.2969],[-68.3678,44.2311],[-68.1735,44.3287]],[[-70.5503,41.7752],[-70.6277,41.7304],[-70.6352,41.5377],[-70.4749,41.5591],[-70.3692,41.6161],[-70.0119,41.673],[-69.9351,41.7999],[-69.9751,41.929],[-70.067,42.0455],[-70.197,42.0821],[-70.0862,42.0174],[-70.0096,41.8754],[-70.052,41.7766],[-70.2587,41.7149],[-70.5503,41.7752]],[[-70.4624,41.3479],[-70.6044,41.4821],[-70.7699,41.3524],[-70.4624,41.3479]],[[-73.0793,40.9678],[-73.17,40.9057],[-73.331,40.9299],[-73.471,40.8751],[-73.5708,40.9154],[-73.7138,40.8701],[-73.9615,40.7421],[-74.0414,40.6296],[-73.9914,40.5703],[-73.8936,40.5768],[-73.8234,40.6494],[-73.7451,40.5948],[-73.6582,40.6241],[-73.3996,40.6546],[-73.2408,40.7134],[-73.0209,40.7482],[-72.8813,40.741],[-72.7478,40.8024],[-72.5463,40.8196],[-72.4232,40.8561],[-72.1093,40.9939],[-72.1623,41.0535],[-72.3722,40.9912],[-72.4987,40.8946],[-72.5719,40.936],[-72.4453,41.0092],[-72.324,41.1377],[-72.2403,41.1542],[-72.3503,41.1415],[-72.4793,41.0512],[-72.6386,40.981],[-72.7727,40.9657],[-73.0793,40.9678]],[[-74.1045,40.5541],[-74.0858,40.6488],[-74.2019,40.6287],[-74.2117,40.5612],[-74.2469,40.4961],[-74.1045,40.5541]],[[-31.2572,39.4916],[-31.2479,39.3742],[-31.138,39.4425],[-31.2062,39.5263],[-31.2572,39.4916]],[[-75.5642,39.5599],[-75.6877,39.5408],[-75.7529,39.5398],[-75.811,39.5277],[-75.8644,39.5276],[-76.0544,39.371],[-76.185,39.3201],[-76.278,39.1476],[-76.1646,39.1108],[-76.2057,38.9313],[-76.1289,38.9089],[-76.1992,38.8123],[-76.3274,38.7665],[-76.2168,38.7027],[-76.2476,38.5234],[-76.3344,38.4823],[-76.2817,38.4127],[-76.097,38.2848],[-76.0105,38.3641],[-75.8421,38.1445],[-75.8367,38.0326],[-75.7351,37.9039],[-75.7188,37.8011],[-75.7893,37.7679],[-75.8868,37.6535],[-75.9824,37.4303],[-76.0245,37.2544],[-75.9432,37.1599],[-75.8954,37.3507],[-75.8135,37.4755],[-75.6875,37.5495],[-75.5793,37.7444],[-75.4167,37.8876],[-75.4362,37.9635],[-75.2194,38.2463],[-75.152,38.247],[-75.0503,38.4438],[-75.0895,38.7968],[-75.1878,38.8047],[-75.3127,38.9249],[-75.4043,39.0664],[-75.3956,39.1893],[-75.4398,39.3139],[-75.5925,39.4789],[-75.5642,39.5599]],[[-27.041,38.7034],[-27.1018,38.7861],[-27.2582,38.8045],[-27.3793,38.7494],[-27.3517,38.6869],[-27.2316,38.6394],[-27.078,38.6426],[-27.041,38.7034]],[[-28.0665,38.4016],[-28.3202,38.5322],[-28.4133,38.5616],[-28.5372,38.5329],[-28.5168,38.4517],[-28.4432,38.4194],[-28.0665,38.4016]],[[-28.628,38.5151],[-28.5989,38.5953],[-28.7164,38.6443],[-28.8281,38.5907],[-28.7253,38.5172],[-28.628,38.5151]],[[-25.1482,37.8502],[-25.278,37.8605],[-25.5525,37.8154],[-25.6924,37.8453],[-25.7899,37.9044],[-25.8386,37.8273],[-25.6855,37.7323],[-25.5118,37.7075],[-25.1496,37.7576],[-25.1482,37.8502]],[[-76.626,34.9885],[-76.691,34.8802],[-76.6816,34.778],[-76.6904,34.7138],[-76.5282,34.7278],[-76.4111,34.8618],[-76.3307,34.8857],[-76.4951,35.0082],[-76.626,34.9885]],[[-16.9048,32.8367],[-17.0472,32.8091],[-17.2155,32.8555],[-17.2128,32.7366],[-16.9549,32.6417],[-16.8305,32.6401],[-16.7449,32.7559],[-16.9048,32.8367]],[[-80.0084,32.7664],[-80.1054,32.7853],[-80.1659,32.5604],[-80.0117,32.6313],[-80.0084,32.7664]],[[-81.1581,31.7793],[-81.1705,31.7563],[-81.1395,31.7208],[-81.0342,31.8135],[-81.1116,31.8508],[-81.1389,31.8493],[-81.1562,31.8346],[-81.1604,31.8183],[-81.1757,31.8163],[-81.1581,31.7793]],[[-80.6436,32.2774],[-80.5896,32.2814],[-80.4785,32.4449],[-80.6054,32.4425],[-80.673,32.3676],[-80.6436,32.2774]],[[-80.8026,32.4458],[-80.6735,32.2966],[-80.6851,32.5018],[-80.7093,32.5253],[-80.7439,32.5395],[-80.7794,32.5282],[-80.8026,32.4458]],[[-80.2204,32.5496],[-80.2382,32.6013],[-80.3851,32.6148],[-80.3651,32.5206],[-80.2204,32.5496]],[[-13.778,28.8438],[-13.742,28.8999],[-13.642,28.919],[-13.4849,28.9926],[-13.4186,29.2025],[-13.4739,29.2317],[-13.525,29.1414],[-13.7522,29.0795],[-13.8305,29.0069],[-13.8764,28.8578],[-13.778,28.8438]],[[-17.7595,28.5691],[-17.7691,28.6701],[-17.7236,28.738],[-17.788,28.8436],[-17.9121,28.8579],[-18.0043,28.7862],[-17.9645,28.6678],[-17.8327,28.4569],[-17.7595,28.5691]],[[-14.2154,28.2263],[-14.3177,28.1425],[-14.4934,28.0835],[-14.3321,28.0452],[-14.2241,28.1617],[-13.9478,28.2274],[-13.8493,28.4014],[-13.862,28.4937],[-13.822,28.5911],[-13.8658,28.7377],[-13.925,28.7527],[-14.0086,28.6736],[-14.0987,28.4788],[-14.2043,28.3289],[-14.2154,28.2263]],[[-15.8315,27.9095],[-15.787,27.8336],[-15.5995,27.7339],[-15.4224,27.8087],[-15.3666,27.99],[-15.4128,28.0451],[-15.4268,28.1402],[-15.6904,28.1698],[-15.7382,28.0548],[-15.8131,28.0182],[-15.8315,27.9095]],[[-17.9556,27.8427],[-18.1483,27.7042],[-17.9699,27.6494],[-17.9241,27.7442],[-17.9556,27.8427]],[[-16.2349,28.4856],[-16.1306,28.5351],[-16.1589,28.5889],[-16.334,28.5718],[-16.5134,28.4192],[-16.7499,28.3713],[-16.918,28.3601],[-16.8194,28.1802],[-16.6858,27.9978],[-16.5524,28.0315],[-16.4339,28.1405],[-16.3618,28.3055],[-16.3597,28.3797],[-16.2349,28.4856]],[[-17.3488,28.0979],[-17.2417,28.0207],[-17.0986,28.0952],[-17.1188,28.1526],[-17.26,28.2179],[-17.3189,28.2037],[-17.3488,28.0979]],[[-77.2007,26.5789],[-77.1773,26.497],[-77.2304,26.3084],[-77.2363,26.1281],[-77.403,25.9965],[-77.2759,25.96],[-77.196,26.0283],[-77.1771,26.2072],[-77.0312,26.3523],[-77.0501,26.5429],[-77.2909,26.6455],[-77.3018,26.7016],[-77.5874,26.9207],[-77.4545,26.7949],[-77.4549,26.7275],[-77.359,26.706],[-77.3437,26.6097],[-77.2007,26.5789]],[[-78.0511,26.7338],[-78.1253,26.7021],[-78.3736,26.6907],[-78.4786,26.7387],[-78.5766,26.6963],[-78.6813,26.5696],[-78.703,26.4878],[-78.4373,26.5944],[-78.0751,26.6506],[-77.9375,26.6427],[-77.9001,26.7396],[-78.0511,26.7338]],[[-75.6755,24.6847],[-75.733,24.6819],[-75.5965,24.5253],[-75.4042,24.2086],[-75.4047,24.3229],[-75.4827,24.3732],[-75.6755,24.6847]],[[-77.7968,23.8376],[-77.7204,23.8511],[-77.531,23.7953],[-77.5189,23.9226],[-77.548,24.0939],[-77.5914,24.2063],[-77.7207,24.028],[-77.8221,23.9415],[-77.7968,23.8376]],[[-75.0624,23.1441],[-75.1174,23.3542],[-75.2017,23.5248],[-75.2903,23.6477],[-75.227,23.435],[-75.1446,23.3799],[-75.1033,23.2755],[-75.1457,23.1981],[-75.0624,23.1441]],[[-74.2308,22.8072],[-74.3496,22.8308],[-74.2841,22.7197],[-74.0795,22.6652],[-74.0726,22.7423],[-74.1813,22.7481],[-74.2308,22.8072]],[[-73.9662,22.7016],[-74.0426,22.6344],[-73.9239,22.5996],[-73.8754,22.7012],[-73.9662,22.7016]],[[-75.853,23.5603],[-75.9845,23.6782],[-76.0204,23.6024],[-75.8474,23.516],[-75.853,23.5603]],[[-77.821,24.2283],[-77.9248,24.0758],[-77.777,24.0246],[-77.7165,24.0443],[-77.7237,24.1667],[-77.6337,24.2131],[-77.6739,24.3006],[-77.821,24.2283]],[[-77.9142,24.6468],[-77.9321,24.7119],[-77.8367,24.735],[-77.9314,24.8993],[-77.9736,25.0856],[-78.0248,25.174],[-78.127,25.1527],[-78.1855,24.9036],[-78.2942,24.7901],[-78.3682,24.671],[-78.4613,24.5998],[-78.1661,24.3921],[-78.101,24.362],[-78.0393,24.2688],[-77.9433,24.3216],[-77.826,24.4398],[-77.715,24.4879],[-77.7831,24.7257],[-77.9142,24.6468]],[[-77.4861,25.0644],[-77.4735,24.981],[-77.2669,25.0214],[-77.3061,25.0702],[-77.4861,25.0644]],[[-72.0322,21.8562],[-71.9261,21.7917],[-71.9213,21.9462],[-71.9899,21.9626],[-72.0322,21.8562]],[[-71.8411,21.8537],[-71.9133,21.785],[-71.7276,21.7013],[-71.6423,21.7126],[-71.6735,21.8334],[-71.8411,21.8537]],[[-71.5829,21.6045],[-71.4844,21.6112],[-71.4708,21.7191],[-71.6134,21.7694],[-71.5829,21.6045]],[[-72.913,21.507],[-72.9962,21.5605],[-73.0765,21.508],[-73.05,21.4241],[-72.913,21.507]],[[-73.5184,21.177],[-73.6525,21.0938],[-73.7026,21.0172],[-73.6781,20.9414],[-73.5004,20.9228],[-73.3521,20.9623],[-73.1628,20.9643],[-73.0182,21.1961],[-73.0108,21.2828],[-73.0665,21.3212],[-73.1384,21.1876],[-73.2627,21.1351],[-73.3581,21.1782],[-73.5184,21.177]],[[-72.9295,20.0502],[-72.6461,19.992],[-72.6448,20.0264],[-72.8101,20.0903],[-72.9295,20.0502]],[[-16.3625,19.8633],[-16.4269,19.7554],[-16.5024,19.7211],[-16.4172,19.6187],[-16.3358,19.7873],[-16.3625,19.8633]],[[-24.963,17.0882],[-25.0229,17.1772],[-25.102,17.1946],[-25.3316,17.0979],[-25.2994,16.9063],[-25.1747,16.9221],[-25.0842,17.0137],[-24.963,17.0882]],[[-25.0838,16.8429],[-24.9837,16.7765],[-24.8625,16.8165],[-24.9202,16.9225],[-25.0838,16.8429]],[[-22.9861,16.8247],[-22.9874,16.7303],[-22.8794,16.773],[-22.9214,16.8539],[-22.9861,16.8247]],[[-24.231,16.5939],[-24.1171,16.5554],[-24.0228,16.5858],[-24.278,16.6309],[-24.3889,16.668],[-24.4252,16.6127],[-24.2834,16.554],[-24.231,16.5939]],[[-22.6818,16.0496],[-22.6719,16.1362],[-22.7138,16.2051],[-22.7895,16.2309],[-22.9211,16.1783],[-22.9607,16.0287],[-22.8783,15.9737],[-22.8032,15.9747],[-22.6818,16.0496]],[[-23.4297,14.987],[-23.5028,15.1255],[-23.6806,15.2602],[-23.7454,15.3349],[-23.7429,15.2333],[-23.7785,15.0663],[-23.6749,14.9395],[-23.4926,14.9083],[-23.4297,14.987]],[[-23.1091,15.3065],[-23.1802,15.3394],[-23.2224,15.2767],[-23.2328,15.1642],[-23.1574,15.1161],[-23.0876,15.179],[-23.1091,15.3065]],[[-24.4117,14.8165],[-24.346,14.8169],[-24.2792,14.9021],[-24.2986,15.0119],[-24.3693,15.0521],[-24.4888,14.9752],[-24.5019,14.892],[-24.4117,14.8165]],[[-16.7376,13.9147],[-16.6456,13.8265],[-16.5696,13.8535],[-16.5292,13.981],[-16.6963,14.0026],[-16.7376,13.9147]],[[-16.5062,13.7521],[-16.4931,13.7609],[-16.4939,13.7769],[-16.4801,13.791],[-16.4976,13.825],[-16.4932,13.848],[-16.5082,13.8478],[-16.6229,13.7698],[-16.6382,13.7036],[-16.535,13.6723],[-16.5054,13.7261],[-16.5062,13.7521]],[[-16.7731,12.6809],[-16.7504,12.5683],[-16.6334,12.6334],[-16.6397,12.7174],[-16.7364,12.7422],[-16.7731,12.6809]],[[-16.1996,11.8879],[-16.296,11.9588],[-16.3005,11.8473],[-16.1996,11.8879]],[[-16.1547,11.8085],[-16.0424,11.7592],[-15.9838,11.8805],[-16.1487,11.8778],[-16.1547,11.8085]],[[-15.9446,11.5051],[-16.0225,11.5128],[-16.0261,11.423],[-15.9353,11.4328],[-15.9446,11.5051]],[[-15.7246,11.1686],[-15.6629,11.3055],[-15.7796,11.2263],[-15.7246,11.1686]],[[-15.8983,11.0499],[-15.9123,11.1656],[-15.9866,11.0694],[-15.8983,11.0499]],[[-16.2434,11.0852],[-16.1478,11.0228],[-16.0719,11.028],[-16.0393,11.1141],[-16.0838,11.2031],[-16.1714,11.1646],[-16.2434,11.0852]],[[-15.0157,10.7808],[-14.9018,10.9287],[-14.9511,10.9736],[-15.0676,10.8882],[-15.0157,10.7808]],[[-60.1594,8.5151],[-60.0988,8.4983],[-60.054,8.4414],[-59.9236,8.379],[-59.9397,8.492],[-60.042,8.5764],[-60.1986,8.6296],[-60.3637,8.6327],[-60.3093,8.5529],[-60.2347,8.5524],[-60.2109,8.5454],[-60.1717,8.5262],[-60.1594,8.5151]],[[-61.0926,8.5268],[-60.9971,8.5787],[-61.0968,8.6198],[-61.0926,8.5268]],[[-61.1949,8.5152],[-61.1796,8.5028],[-61.1393,8.4973],[-61.0762,8.5012],[-61.0306,8.5281],[-61.0927,8.5251],[-61.2138,8.5811],[-61.2728,8.5239],[-61.2106,8.5008],[-61.1949,8.5152]],[[-61.4259,8.4779],[-61.3155,8.4884],[-61.2479,8.4649],[-61.1929,8.4818],[-61.187,8.5015],[-61.2249,8.4949],[-61.2836,8.5054],[-61.2997,8.5765],[-61.4281,8.5826],[-61.4259,8.4779]],[[-61.1818,8.6957],[-60.9805,8.7191],[-60.9149,8.7812],[-60.9576,8.8409],[-61.1087,8.7878],[-61.1818,8.6957]],[[-60.9879,8.9708],[-60.9951,8.9267],[-61.055,8.8523],[-61.1369,8.7912],[-61.1365,8.7595],[-61.0927,8.8122],[-60.9202,8.8803],[-60.8616,8.9452],[-60.9014,9.0323],[-60.9879,8.9708]],[[-61.1005,8.9057],[-61.1141,8.8854],[-61.1023,8.8751],[-61.0996,8.8254],[-61.0005,8.9278],[-61.0272,8.9899],[-61.0866,8.9667],[-61.1001,8.9248],[-61.1005,8.9057]],[[-12.5838,7.4545],[-12.4951,7.4999],[-12.5757,7.6224],[-12.6845,7.6391],[-12.8721,7.618],[-12.9142,7.5644],[-12.6922,7.5022],[-12.5838,7.4545]],[[-50.4018,2.121],[-50.5102,2.0873],[-50.4608,1.8981],[-50.3792,1.8798],[-50.312,1.9531],[-50.4018,2.121]],[[-49.9112,1.0099],[-49.9118,1.1126],[-50.0375,1.0482],[-50.1053,0.9577],[-50.0546,0.922],[-49.9637,0.9505],[-49.9112,1.0099]],[[-50.0088,0.8857],[-50.1024,0.887],[-50.1894,0.8921],[-50.2813,0.8208],[-50.2789,0.7439],[-50.0972,0.7652],[-50.0088,0.8857]],[[-50.098,0.4572],[-50.0411,0.5742],[-50.0899,0.6321],[-50.1576,0.5953],[-50.2906,0.592],[-50.3125,0.4524],[-50.2932,0.3384],[-50.098,0.4572]],[[-50.452,0.3656],[-50.5214,0.2004],[-50.427,0.1601],[-50.4034,0.2395],[-50.2989,0.299],[-50.3224,0.3706],[-50.3016,0.6351],[-50.4015,0.5766],[-50.452,0.3656]],[[-50.5422,0.1717],[-50.6461,0.1763],[-50.653,0.1156],[-50.4412,0.0493],[-50.4442,0.1234],[-50.5422,0.1717]],[[-66.8284,44.7717],[-66.8867,44.5977],[-66.7209,44.7021],[-66.8284,44.7717]],[[-1.29,46.1857],[-1.5325,46.2465],[-1.312,46.1415],[-1.29,46.1857]],[[-1.3882,45.953],[-1.1967,45.8318],[-1.2494,45.9905],[-1.4068,46.0491],[-1.3882,45.953]],[[-56.2539,47.0608],[-56.3611,47.1378],[-56.3834,47.0192],[-56.2539,47.0608]],[[-64.2199,46.63],[-64.0554,46.5758],[-64.1119,46.5227],[-64.1191,46.4023],[-63.9387,46.4183],[-63.77,46.3886],[-63.7463,46.3025],[-63.6501,46.2248],[-63.2517,46.129],[-63.1549,46.1694],[-62.9341,46.1787],[-62.9621,46.0761],[-62.8273,45.9642],[-62.4993,45.9792],[-62.47,46.0539],[-62.5304,46.208],[-62.4082,46.2138],[-62.3168,46.3495],[-62.1827,46.3473],[-61.9744,46.4483],[-62.2013,46.4822],[-62.6297,46.4676],[-63.0486,46.4161],[-63.2698,46.4234],[-63.3125,46.4895],[-63.6674,46.5681],[-63.7148,46.4375],[-63.8603,46.5367],[-63.8374,46.582],[-63.9844,46.7299],[-64.0908,46.7719],[-63.9738,46.8802],[-63.9888,47.0495],[-64.1618,46.9511],[-64.2791,46.8131],[-64.3994,46.7237],[-64.3821,46.6162],[-64.2199,46.63]],[[-64.509,47.8469],[-64.6298,47.8866],[-64.6931,47.7631],[-64.613,47.7421],[-64.509,47.8469]],[[-58.8309,48.5792],[-58.9997,48.6546],[-59.1672,48.5847],[-59.1919,48.481],[-58.8309,48.5792]],[[-61.9679,49.3448],[-62.2492,49.4246],[-62.4143,49.4935],[-62.513,49.5879],[-62.7608,49.658],[-63.0112,49.7507],[-63.3804,49.8267],[-63.8696,49.8765],[-64.1496,49.9522],[-64.4629,49.913],[-64.2704,49.7575],[-63.9829,49.6975],[-63.8261,49.6366],[-63.6612,49.5363],[-63.5677,49.3898],[-63.4264,49.3573],[-63.1823,49.2582],[-62.7941,49.1655],[-62.4799,49.1287],[-62.2413,49.0625],[-61.8442,49.0708],[-61.7138,49.0979],[-61.7194,49.1971],[-61.8945,49.3512],[-61.9679,49.3448]],[[-70.8033,47.025],[-70.9361,46.9986],[-71.117,46.8838],[-71.0071,46.8576],[-70.8937,46.9161],[-70.8033,47.025]],[[-73.7962,45.5092],[-73.845,45.5167],[-73.8458,45.4293],[-73.6042,45.4186],[-73.5394,45.4775],[-73.5405,45.5345],[-73.487,45.6531],[-73.5216,45.6946],[-73.6343,45.6188],[-73.6638,45.5649],[-73.7521,45.5129],[-73.7962,45.5092]],[[-73.5509,45.6767],[-73.5979,45.6875],[-73.6565,45.6833],[-73.6916,45.6872],[-73.735,45.6748],[-73.7857,45.6187],[-73.8693,45.5582],[-73.853,45.5121],[-73.8434,45.5195],[-73.7666,45.5122],[-73.6725,45.5627],[-73.6366,45.6292],[-73.5509,45.6767]],[[-4.442,53.1555],[-4.3283,53.129],[-4.1021,53.2554],[-4.2827,53.41],[-4.4269,53.4299],[-4.5754,53.4038],[-4.5836,53.2834],[-4.442,53.1555]],[[-4.7942,54.0621],[-4.4645,54.143],[-4.3231,54.2819],[-4.3841,54.347],[-4.5484,54.3576],[-4.7097,54.2211],[-4.7942,54.0621]],[[-6.4816,57.2913],[-6.3131,57.1594],[-5.9834,57.167],[-5.9221,57.0429],[-5.781,57.1661],[-6.1413,57.3687],[-6.1563,57.5978],[-6.3567,57.7054],[-6.4267,57.6408],[-6.3832,57.5207],[-6.7031,57.4967],[-6.7881,57.4313],[-6.7204,57.3722],[-6.4816,57.2913]],[[-5.8333,56.3102],[-5.7062,56.3602],[-5.6453,56.4473],[-5.7991,56.5156],[-5.9559,56.5226],[-6.1308,56.656],[-6.3245,56.6043],[-6.3073,56.4806],[-6.1203,56.4512],[-6.2403,56.3181],[-6.0411,56.293],[-5.8333,56.3102]],[[-5.9533,56.0357],[-6.0926,55.8913],[-5.9638,55.7918],[-5.6896,56.1079],[-5.6983,56.1438],[-5.9533,56.0357]],[[-6.0203,55.6826],[-6.0856,55.7864],[-6.1626,55.9336],[-6.281,55.8773],[-6.4555,55.8528],[-6.2619,55.6704],[-6.1499,55.6253],[-6.0203,55.6826]],[[-5.174,55.4342],[-5.079,55.4642],[-5.1596,55.6781],[-5.2604,55.7215],[-5.3976,55.614],[-5.3565,55.5064],[-5.174,55.4342]],[[9.0376,-0.7607],[9.064,-0.702],[9.0319,-0.6769],[8.9598,-0.7505],[9.0234,-0.8235],[9.04,-0.7956],[9.055,-0.7806],[9.0376,-0.7607]],[[7.3679,1.6805],[7.403,1.547],[7.4534,1.6822],[7.3679,1.6805]],[[8.7313,3.7604],[8.6117,3.6657],[8.6093,3.5672],[8.553,3.4617],[8.478,3.4746],[8.414,3.3607],[8.4431,3.276],[8.6797,3.2118],[8.7653,3.3193],[8.8612,3.5439],[8.9316,3.636],[8.8874,3.7681],[8.7313,3.7604]],[[9.459,3.9732],[9.3617,3.96],[9.3735,3.8957],[9.4647,3.9043],[9.459,3.9732]],[[6.0974,4.6694],[6.0395,4.7125],[6.0419,4.5649],[5.9867,4.505],[5.9784,4.3108],[6.0555,4.3379],[6.0368,4.3862],[6.0556,4.4517],[6.0287,4.487],[6.0731,4.5556],[6.0974,4.6694]],[[6.0725,4.8723],[6.0794,4.918],[6.1192,4.9361],[6.128,4.9492],[6.1159,4.9659],[6.0888,4.9632],[6.0786,4.9697],[6.08,4.993],[6.0525,5.0116],[6.1199,5.0612],[6.1244,5.1287],[6.0826,5.1492],[6.0673,5.1099],[6.0361,5.0921],[6.0058,5.1009],[5.9439,5.1613],[5.9152,5.107],[5.8685,5.0692],[5.8388,5.0682],[5.8118,5.0839],[5.7093,5.0222],[5.6978,5.0212],[5.6747,5.0275],[5.6651,5.0262],[5.6634,5.0126],[5.6444,5.011],[5.629,5.0176],[5.3795,5.1148],[5.4439,4.9404],[5.529,4.8215],[5.611,4.8167],[5.6694,4.7972],[5.7563,4.7953],[5.7661,4.7697],[5.6674,4.6719],[5.6671,4.5565],[5.8853,4.3734],[5.9669,4.3461],[5.916,4.4792],[5.9717,4.6449],[6.0508,4.7432],[5.9917,4.7836],[6.0725,4.8723]],[[5.5441,4.7461],[5.6591,4.6737],[5.7415,4.7457],[5.6091,4.8166],[5.525,4.8178],[5.5441,4.7461]],[[5.6287,5.0202],[5.646,5.0126],[5.6612,5.0248],[5.6662,5.029],[5.6775,5.0298],[5.7144,5.0286],[5.8129,5.0853],[5.84,5.0697],[5.9146,5.1109],[5.8899,5.1942],[5.7473,5.1669],[5.7121,5.1766],[5.6927,5.15],[5.6696,5.1669],[5.654,5.1577],[5.6318,5.1566],[5.6183,5.1604],[5.5821,5.1348],[5.449,5.1342],[5.531,5.0635],[5.5786,5.0575],[5.5857,5.045],[5.614,5.0371],[5.6287,5.0202]],[[5.4869,5.2777],[5.4916,5.2993],[5.4691,5.2987],[5.4706,5.3183],[5.442,5.3626],[5.3223,5.3564],[5.3712,5.148],[5.3999,5.1436],[5.452,5.1518],[5.4466,5.178],[5.4567,5.2381],[5.4922,5.2596],[5.4869,5.2777]],[[5.4614,5.2225],[5.452,5.1836],[5.4801,5.1504],[5.5177,5.14],[5.5584,5.1615],[5.6019,5.1529],[5.6165,5.1613],[5.6254,5.1629],[5.6329,5.1578],[5.6423,5.1673],[5.665,5.1683],[5.6743,5.1663],[5.6911,5.1525],[5.7109,5.1791],[5.7362,5.17],[5.7943,5.1867],[5.8451,5.2862],[5.7966,5.3228],[5.722,5.3319],[5.7151,5.3709],[5.6719,5.3394],[5.5773,5.3722],[5.4642,5.3472],[5.4741,5.3312],[5.4704,5.3009],[5.4907,5.3009],[5.5003,5.2884],[5.4875,5.2766],[5.4936,5.2613],[5.4922,5.2596],[5.4614,5.2225]],[[5.2206,5.4593],[5.3503,5.3929],[5.4328,5.3898],[5.3592,5.5008],[5.3603,5.5831],[5.2069,5.599],[5.1582,5.5378],[5.2206,5.4593]],[[5.3313,5.7602],[5.3299,5.8089],[5.3218,5.8189],[5.3328,5.8239],[5.3315,5.8395],[5.3335,5.8454],[5.3193,5.8485],[5.3075,5.8572],[5.2845,5.9035],[5.2639,5.8905],[5.2459,5.8609],[5.2313,5.869],[5.197,5.8533],[5.1386,5.8008],[5.0809,5.7225],[5.183,5.595],[5.2885,5.6184],[5.3213,5.7052],[5.3228,5.7309],[5.3389,5.7425],[5.3313,5.7602]],[[5.537,5.3982],[5.5899,5.3815],[5.7053,5.4654],[5.661,5.5396],[5.5177,5.5],[5.537,5.3982]],[[6.1644,5.0121],[6.1671,5.0238],[6.1749,5.0336],[6.1849,5.0045],[6.2056,5.0293],[6.2398,5.0395],[6.2276,5.0748],[6.2331,5.0851],[6.2568,5.0884],[6.2949,5.0809],[6.3044,5.1901],[6.3448,5.2487],[6.3345,5.3141],[6.2855,5.2699],[6.289,5.2305],[6.2532,5.2252],[6.2253,5.2382],[6.2099,5.1793],[6.183,5.1484],[6.1236,5.032],[6.1587,5.0399],[6.1514,5.0215],[6.1506,5.0127],[6.1644,5.0121]],[[6.1752,5.0318],[6.1685,5.0235],[6.1673,5.0138],[6.1618,5.0087],[6.0845,4.9943],[6.0879,4.9663],[6.1118,4.9696],[6.1255,4.9645],[6.132,4.9466],[6.1011,4.9198],[6.2077,4.8757],[6.2401,4.9478],[6.2362,5.0109],[6.2037,5.0269],[6.1922,5.0059],[6.187,5.0026],[6.181,5.0066],[6.1752,5.0318]],[[6.0779,4.5615],[6.0313,4.487],[6.06,4.4631],[6.0682,4.3923],[6.1734,4.5179],[6.1847,4.5966],[6.1977,4.6056],[6.2008,4.6539],[6.2107,4.6731],[6.2114,4.6832],[6.2163,4.6834],[6.2213,4.6762],[6.2342,4.6744],[6.2394,4.6776],[6.2558,4.7093],[6.2564,4.7328],[6.2313,4.7624],[6.2672,4.8332],[6.2331,4.9158],[6.2061,4.8643],[6.1685,4.8758],[6.0867,4.8067],[6.1011,4.6693],[6.0779,4.5615]],[[6.4099,4.3053],[6.3141,4.3787],[6.2396,4.2938],[6.4099,4.3053]],[[5.972,4.6442],[5.917,4.4798],[6.0337,4.5568],[6.0303,4.6824],[5.972,4.6442]],[[6.9898,4.3741],[6.9918,4.4695],[6.9111,4.596],[6.8349,4.5968],[6.8161,4.5294],[6.9898,4.3741]],[[7.2094,4.3808],[7.3155,4.4617],[7.1653,4.4436],[7.2094,4.3808]],[[2.8979,6.3947],[2.8087,6.4542],[2.5448,6.437],[2.445,6.3534],[2.8979,6.3947]],[[8.3555,56.6768],[8.5128,56.6803],[8.4692,56.7809],[8.574,56.8183],[8.675,56.9526],[9.1307,57.0394],[9.2304,56.9914],[9.3656,57.0241],[9.6144,57.0743],[9.9365,57.0534],[10.0103,57.089],[10.2355,56.9867],[10.3326,56.9889],[10.4181,57.1429],[10.5464,57.2291],[10.5147,57.3876],[10.5608,57.4472],[10.4245,57.5825],[10.6301,57.7352],[10.5191,57.7288],[10.1687,57.5935],[9.9414,57.5878],[9.7912,57.4744],[9.623,57.289],[9.4055,57.1662],[9.2579,57.1426],[8.9759,57.1579],[8.7402,57.0988],[8.59,57.1222],[8.366,56.9594],[8.2302,56.7925],[8.3555,56.6768]],[[11.5481,58.0636],[11.5452,57.9575],[11.7579,58.0078],[11.7656,58.0636],[11.5481,58.0636]],[[12.2453,55.5476],[12.4091,55.6127],[12.4927,55.601],[12.6234,55.7176],[12.5178,55.9195],[12.624,56.0387],[12.539,56.0806],[12.2759,56.1283],[11.8508,55.9747],[11.9594,55.8519],[11.7487,55.7391],[11.7309,55.838],[11.6419,55.9384],[11.3772,55.8221],[11.2615,55.7291],[11.096,55.6637],[11.2013,55.4537],[11.2553,55.1996],[11.4974,55.1989],[11.7802,55.146],[11.811,55.0363],[12.0261,54.9624],[12.1676,54.993],[12.0409,55.1701],[12.4552,55.2911],[12.3668,55.397],[12.216,55.4273],[12.2453,55.5476]],[[11.7397,54.8957],[11.7933,54.809],[11.8303,54.7963],[11.8836,54.7475],[11.8703,54.7273],[11.9096,54.7127],[11.8862,54.6337],[11.9603,54.6645],[12.1589,54.8438],[12.12,54.8871],[11.7437,54.9607],[11.7397,54.8957]],[[11.8659,54.7356],[11.8568,54.7686],[11.7834,54.8064],[11.7171,54.8727],[11.6513,54.9027],[11.5663,54.8237],[11.3806,54.8842],[11.2624,54.957],[11.0821,54.9423],[11.0158,54.8909],[11.1125,54.8251],[10.9974,54.7686],[11.2516,54.7059],[11.4623,54.6116],[11.5914,54.6646],[11.8076,54.6432],[11.8615,54.6872],[11.8056,54.7128],[11.8659,54.7356]],[[10.6689,54.7415],[10.7205,54.7295],[10.83,54.9301],[10.6748,54.9102],[10.6689,54.7415]],[[-1.1781,50.6003],[-1.0697,50.6831],[-1.13,50.7267],[-1.3144,50.7676],[-1.4857,50.7071],[-1.483,50.6653],[-1.299,50.5746],[-1.1781,50.6003]],[[5.6987,60.7006],[5.6277,60.6779],[5.5828,60.6202],[5.3444,60.5303],[5.5327,60.4284],[5.7122,60.4815],[5.697,60.5343],[5.7347,60.6699],[5.6987,60.7006]],[[5.1361,60.3965],[4.9865,60.3266],[4.9563,60.2555],[5.0294,60.1628],[5.1555,60.1877],[5.1361,60.3965]],[[5.3828,59.9787],[5.5358,59.8938],[5.6943,59.9892],[5.5522,60.07],[5.3828,59.9787]],[[5.1044,59.7621],[5.3484,59.7278],[5.2582,59.8443],[5.1044,59.7621]],[[5.3486,59.7775],[5.54,59.7864],[5.5253,59.8837],[5.2889,59.9574],[5.3486,59.7775]],[[5.3306,59.2711],[5.2568,59.4045],[5.1688,59.2277],[5.3306,59.2711]],[[4.0921,51.8295],[4.2452,51.7864],[4.3544,51.82],[4.0258,51.9865],[4.0921,51.8295]],[[5.4081,51.8472],[5.4169,51.871],[5.4522,51.889],[5.4438,51.9138],[5.3432,51.9584],[5.0916,52.0014],[4.7228,51.896],[4.6791,51.822],[4.9359,51.8322],[5.0894,51.8284],[5.2142,51.8114],[5.3624,51.8081],[5.4081,51.8472]],[[4.9719,51.8205],[4.8473,51.7969],[4.8673,51.7207],[5.0494,51.7121],[5.1236,51.7375],[4.9719,51.8205]],[[4.4306,51.8346],[4.2505,51.765],[4.524,51.7013],[4.6252,51.7864],[4.4306,51.8346]],[[3.9668,51.6137],[4.1638,51.6859],[4.2696,51.6538],[4.4005,51.7005],[4.3338,51.7029],[3.9987,51.8468],[3.8672,51.8184],[3.7946,51.6962],[3.9668,51.6137]],[[3.5686,51.4406],[3.6575,51.4564],[3.8115,51.3857],[3.9741,51.4618],[4.0607,51.4147],[4.237,51.3951],[4.2195,51.4935],[4.2037,51.5069],[4.2357,51.542],[4.1924,51.591],[4.1829,51.649],[3.9834,51.5824],[3.8009,51.6055],[3.575,51.5937],[3.4392,51.5425],[3.5686,51.4406]],[[8.6885,56.6772],[8.8801,56.794],[8.8269,56.8651],[8.6684,56.8902],[8.541,56.7399],[8.6885,56.6772]],[[10.1059,55.1897],[10.1982,55.0687],[10.5127,55.0265],[10.7428,55.0686],[10.8054,55.1789],[10.7472,55.4767],[10.6519,55.5892],[10.507,55.5437],[10.2896,55.6189],[9.935,55.5101],[9.7488,55.5072],[9.8738,55.3498],[9.89,55.2445],[10.1059,55.1897]],[[9.7438,55.0837],[9.6393,55.0431],[9.8934,54.9081],[10.0143,54.9626],[9.7438,55.0837]],[[12.6807,55.5885],[12.6216,55.6978],[12.5084,55.6071],[12.6807,55.5885]],[[22.002,58.351],[21.8658,58.2614],[22.0691,58.1754],[22.2163,58.1558],[21.9825,57.977],[22.0295,57.9113],[22.2009,57.9817],[22.2564,58.1753],[22.7944,58.272],[23.0288,58.362],[23.0761,58.4259],[23.3018,58.477],[23.3934,58.5713],[23.3456,58.6477],[23.1918,58.6837],[23.0159,58.5923],[22.7995,58.6254],[22.6235,58.5844],[22.5656,58.6372],[22.4759,58.5815],[22.3122,58.565],[22.1371,58.4978],[21.8931,58.4737],[22.002,58.351]],[[22.728,58.7711],[22.8804,58.7945],[23.021,58.8983],[22.8612,58.9965],[22.7074,59.0091],[22.5873,59.0916],[22.3723,58.8963],[22.4563,58.8376],[22.4876,58.7013],[22.5854,58.6883],[22.728,58.7711]],[[17.0722,57.1762],[16.9603,57.2291],[16.885,57.0968],[16.7334,56.9319],[16.6326,56.876],[16.4103,56.5956],[16.3707,56.4621],[16.3913,56.2702],[16.4838,56.2412],[16.6335,56.5369],[16.6919,56.5833],[16.7875,56.8009],[16.8453,56.8171],[16.9057,57.0258],[17.0722,57.1762]],[[18.4003,57.1406],[18.7119,57.2444],[18.7564,57.3637],[18.8694,57.3989],[18.7496,57.5096],[18.8118,57.5532],[18.7996,57.7267],[18.949,57.7405],[19.0139,57.8067],[19.0155,57.9192],[18.7311,57.9296],[18.6057,57.8429],[18.4605,57.8192],[18.354,57.691],[18.1053,57.5346],[18.1704,57.3694],[18.1028,57.2892],[18.2205,57.1396],[18.1982,57.0181],[18.2949,56.9292],[18.4003,57.1406]],[[14.7054,55.0829],[15.0724,54.9872],[15.1461,55.1403],[14.7447,55.2602],[14.7054,55.0829]],[[13.5068,54.344],[13.7375,54.3343],[13.5704,54.47],[13.6334,54.585],[13.4624,54.5695],[13.4276,54.6844],[13.2849,54.6724],[13.23,54.5109],[13.2,54.2702],[13.3862,54.2281],[13.5068,54.344]],[[11.0623,54.5344],[11.0105,54.4822],[11.1728,54.419],[11.2429,54.489],[11.0623,54.5344]],[[14.5034,53.9648],[14.3132,53.8711],[14.5339,53.859],[14.6947,53.9379],[14.6722,54.0037],[14.5034,53.9648]],[[20.0951,60.3743],[19.8167,60.4159],[19.6584,60.2477],[19.7676,60.0905],[19.8512,60.0961],[20.1812,60.0037],[20.1967,60.0806],[20.0269,60.128],[20.0447,60.1905],[20.2424,60.2182],[20.2571,60.2859],[20.0951,60.3743]],[[21.4688,60.4778],[21.5354,60.5273],[21.2599,60.6656],[21.2419,60.6076],[21.4688,60.4778]],[[22.0157,60.3413],[21.8976,60.4772],[21.8184,60.4789],[21.8477,60.3566],[22.0157,60.3413]],[[22.363,60.0598],[22.783,60.0176],[22.8621,60.2426],[22.6073,60.2278],[22.4931,60.2376],[22.363,60.0598]],[[21.192,63.3556],[21.0857,63.2877],[21.1555,63.1968],[21.4145,63.2037],[21.192,63.3556]],[[24.8346,65.0957],[24.5567,65.0391],[24.7568,64.9345],[24.8792,64.9689],[24.8346,65.0957]],[[11.8499,58.1692],[11.8425,58.2334],[11.6889,58.2973],[11.5867,58.2329],[11.4174,58.1779],[11.5584,58.0872],[11.7062,58.1028],[11.7951,58.1335],[11.8499,58.1692]]],[[[33.8743,60.9702],[34.0226,60.9597],[34.1769,60.9192],[34.3893,60.9766],[34.6172,60.9652],[34.8114,60.9984],[34.8881,61.0445],[34.8177,61.1445],[35.2279,61.0264],[35.2998,61.0745],[35.5636,60.9942],[35.696,61.1331],[35.595,61.1894],[35.4888,61.3665],[35.353,61.3836],[35.2484,61.4816],[34.7086,61.5756],[34.5803,61.6536],[34.3671,61.8407],[34.5886,61.8346],[34.6306,61.8955],[34.5206,62.0143],[34.2763,62.1092],[34.3051,62.1595],[34.7337,62.0431],[34.6029,62.1993],[34.8306,62.3135],[34.9136,62.1403],[35.0752,62.0378],[35.2174,62.0492],[35.1,62.1624],[35.5078,62.1747],[35.6059,62.2691],[35.3844,62.5046],[35.1173,62.5462],[34.972,62.64],[34.7267,62.6353],[34.5795,62.7374],[34.6705,62.8194],[34.832,62.8405],[35.2397,62.687],[35.5166,62.6329],[35.7528,62.5344],[35.8703,62.4124],[35.8261,62.2295],[35.675,62.0404],[35.8522,61.9636],[35.8917,61.8799],[36.0559,61.7238],[36.0353,61.6728],[36.2499,61.5131],[36.4375,61.4319],[36.4548,61.3384],[36.3415,61.2722],[36.4006,61.1488],[36.2109,61.0731],[36.1094,61.0839],[36.0135,60.9637],[35.6821,60.8907],[35.4804,60.9506],[35.3536,61.0544],[35.1814,61.012],[34.9589,61.073],[34.9088,61.0373],[34.7608,60.978],[34.6703,60.965],[34.5325,60.961],[34.3691,60.9677],[34.2256,60.9168],[34.0964,60.9227],[34.0183,60.9577],[33.8686,60.9652],[33.8743,60.9702]]]]}},{"type":"Feature","properties":{"NAME":"North Pacific Ocean","region":"North Pacific Ocean","n_subregions":18,"subregions":"Celebes Sea; Ceram Sea; Eastern China Sea; Gulf of Alaska; Gulf of Boni; Gulf of California; Gulf of Tomini; Halmahera Sea; Japan Sea; Molukka Sea; North Pacific Ocean; Philippine Sea; Sea of Okhotsk; Seto Naikai or Inland Sea; South China Sea; Sulu Sea; The Coastal Waters of Southeast Alaska and British Columbia; Yellow Sea","area_sum_original":80090321},"geometry":{"type":"MultiPolygon","coordinates":[[[[120.4048,-5.3417],[120.3427,-5.2995],[120.2718,-5.1424],[120.3059,-5.0035],[120.2931,-4.9239],[120.3839,-4.8377],[120.4004,-4.606],[120.349,-4.4276],[120.3825,-4.1715],[120.3388,-4.0916],[120.3367,-3.9377],[120.3627,-3.8525],[120.4417,-3.7441],[120.4186,-3.5738],[120.38,-3.5002],[120.4037,-3.4359],[120.3824,-3.2029],[120.2555,-3.16],[120.2631,-3.0883],[120.1985,-2.9577],[120.2568,-2.9453],[120.4504,-2.8268],[120.6012,-2.6789],[120.8156,-2.6194],[120.8574,-2.6579],[121.0191,-2.6736],[121.0979,-2.7167],[121.0213,-2.8041],[121.0894,-2.9215],[121.0456,-3.0494],[121.0558,-3.1841],[120.9713,-3.2649],[120.8657,-3.4301],[120.9002,-3.5687],[121.0686,-3.705],[121.1684,-3.825],[121.2411,-3.8259],[121.3449,-3.9877],[121.5079,-4.0197],[121.607,-4.0631],[121.6168,-4.1514],[121.5332,-4.2833],[121.5244,-4.4003],[121.47,-4.5891],[121.4704,-4.6709],[121.5403,-4.7656],[121.684,-4.8509],[121.8138,-4.8343],[121.8666,-4.8685],[121.8667,-5.0738],[121.8524,-5.0888],[120.4694,-5.6156],[120.4048,-5.3417]]],[[[122.8081,-0.6343],[122.7677,-0.6978],[122.7915,-0.7755],[122.6859,-0.8106],[122.458,-0.7589],[122.4046,-0.7842],[122.2029,-0.7889],[122.1028,-0.9612],[122.0221,-0.9362],[121.9154,-0.9965],[121.7609,-0.9703],[121.6571,-0.9123],[121.6552,-0.8026],[121.4736,-0.9108],[121.4488,-0.9739],[121.3357,-1.0653],[121.22,-1.2078],[121.1121,-1.4296],[120.8699,-1.4142],[120.8235,-1.3543],[120.677,-1.4157],[120.6378,-1.3095],[120.572,-1.2572],[120.5859,-1.1116],[120.5071,-0.996],[120.4064,-0.9228],[120.3107,-0.9656],[120.219,-0.8429],[120.1103,-0.7374],[120.0595,-0.6279],[120.0727,-0.4424],[120.0115,-0.2915],[120.0326,-0.076],[120.0887,-0.0403],[120.1358,0.1925],[120.3106,0.4232],[120.5271,0.5168],[120.6472,0.5213],[120.8563,0.4409],[120.8984,0.3957],[121.0275,0.4398],[121.0785,0.398],[121.2885,0.4961],[121.3434,0.4735],[121.5181,0.4946],[121.6182,0.5477],[121.7297,0.5014],[121.8064,0.4113],[122.1181,0.4972],[122.1527,0.4678],[122.2807,0.4749],[122.4,0.5185],[122.53,0.4879],[122.7015,0.4811],[123.0641,0.5036],[123.2682,0.3221],[123.3355,0.3097],[123.5571,0.3225],[123.6203,0.2944],[123.7076,0.319],[124.2786,0.4024],[124.3236,0.4453],[124.5128,0.4736],[124.49,0.5273],[124.6705,0.8272],[124.8919,1.003],[125.0237,1.1417],[125.0792,1.3676],[125.1267,1.4278],[125.2348,1.4687],[125.2357,1.5289],[125.1435,1.6071],[125.1651,1.6885],[125.0135,1.6936],[124.9965,1.75],[124.8686,1.6015],[124.8079,1.5779],[124.833,1.4736],[124.6868,1.4086],[124.6232,1.4189],[124.5321,1.3533],[124.588,1.2684],[124.5851,1.1963],[124.4152,1.1955],[124.356,1.1335],[124.298,1.0101],[124.2038,0.9902],[123.9178,0.8463],[123.7515,0.8319],[123.7371,0.8649],[123.5867,0.9055],[123.5448,0.8864],[123.0209,0.9326],[122.86,0.8146],[122.6827,0.9005],[122.664,0.9349],[122.3925,1.013],[122.2382,0.9958],[122.1945,1.0395],[122.0537,1.0654],[121.9864,1.0226],[121.9308,1.1023],[121.7102,1.0806],[121.6456,1.0536],[121.5035,1.0913],[121.4217,1.1826],[121.3983,1.2604],[121.2539,1.2305],[121.1012,1.316],[120.9447,1.3501],[120.8075,1.325],[118.9815,1.0033],[118.7776,1.1329],[118.7692,1.1966],[118.5621,1.3666],[118.4329,1.383],[118.4003,1.4838],[118.134,1.6345],[118.0666,1.7622],[117.9297,1.8053],[117.8339,2.01],[117.7028,2.0351],[117.724,2.1335],[117.8041,2.1988],[117.9345,2.18],[118.0187,2.1965],[118.0982,2.2884],[118.0557,2.3651],[117.8118,2.6095],[117.7851,2.7471],[117.6174,2.7974],[117.5935,2.8585],[117.4754,2.9341],[117.3638,2.8609],[117.3469,2.9461],[117.389,3.0323],[117.3743,3.1155],[117.4263,3.1733],[117.38,3.2302],[117.4129,3.3908],[117.3606,3.4444],[117.2178,3.4922],[117.1936,3.5368],[117.2272,3.6025],[117.3856,3.6406],[117.5146,3.6221],[117.5025,3.6685],[117.4276,3.6902],[117.4821,3.7189],[117.4771,3.7591],[117.4889,3.7715],[117.5037,3.7664],[117.5199,3.7761],[117.5893,3.7941],[117.6516,3.7716],[117.7406,3.8031],[117.6692,3.8787],[117.4875,3.9147],[117.4361,4.013],[117.4679,4.0827],[117.5501,4.1439],[117.5416,4.2952],[117.6741,4.3991],[117.8595,4.285],[117.8788,4.2428],[118.0033,4.2245],[118.1211,4.284],[118.3496,4.345],[118.5255,4.3503],[118.6439,4.442],[118.5843,4.5174],[118.3569,4.6331],[118.3053,4.6298],[118.2235,4.7099],[118.1508,4.8875],[118.1959,4.9482],[118.3035,4.9605],[118.3268,5.0189],[118.6675,4.9331],[118.8613,4.9925],[118.9263,5.0374],[119.0924,5.0774],[119.2244,5.153],[119.2674,5.2082],[119.2385,5.3919],[119.15,5.4508],[119.0477,5.401],[118.9439,5.4308],[118.7091,5.5642],[118.6446,5.6376],[118.5293,5.6272],[118.4538,5.6646],[118.4275,5.71],[118.4197,5.7015],[118.4009,5.7136],[118.3604,5.6919],[118.3463,5.7146],[118.3486,5.7437],[118.3397,5.7698],[118.3449,5.7759],[118.327,5.8172],[118.2404,5.8415],[118.1617,5.7483],[117.9434,5.6786],[117.9161,5.8008],[118.0309,5.7888],[118.1308,5.8461],[117.9849,6.0653],[117.88,5.944],[117.7661,5.9043],[117.5914,5.9057],[117.6586,6.0619],[117.6075,6.2108],[117.7072,6.2305],[117.7425,6.4254],[117.543,6.5557],[117.4052,6.5639],[117.2951,6.6128],[117.2176,6.8202],[117.2498,6.9447],[117.1523,7.0127],[117.0375,6.9524],[117.0579,6.8663],[116.9759,6.7442],[116.981,6.703],[116.8171,6.5671],[116.7629,6.6402],[116.8505,6.7698],[116.8196,6.8776],[116.8291,6.9673],[116.746,7.0356],[116.6522,6.8298],[116.6427,6.7075],[116.5742,6.648],[116.4914,6.4899],[116.3347,6.3837],[116.33,6.3091],[116.2342,6.279],[116.1046,6.1149],[116.1091,6.0011],[116.0403,5.9558],[116.0357,5.8318],[115.9031,5.7514],[115.8731,5.5823],[115.78,5.533],[115.6045,5.5706],[115.3655,5.3878],[115.3531,5.2942],[115.5247,5.1968],[115.5489,5.0769],[115.3228,4.8904],[115.1572,4.9123],[115.1429,4.8588],[115.0212,4.8134],[115.0208,4.9208],[115.0591,5.0457],[114.8421,4.9591],[114.6748,4.8426],[114.5152,4.7049],[114.4345,4.659],[114.2082,4.591],[113.968,4.5804],[113.9985,4.473],[113.9642,4.3224],[113.7766,4.0473],[113.6657,3.9282],[113.434,3.7563],[113.2776,3.4851],[113.0647,3.2812],[113.0304,3.1799],[112.8967,3.1047],[112.5658,3.0211],[112.2842,2.9634],[111.9758,2.8853],[111.7143,2.849],[111.7785,2.8052],[111.8628,2.6787],[111.8231,2.6681],[111.8208,2.6184],[111.8385,2.5884],[111.8531,2.5219],[111.8535,2.4909],[111.8418,2.4609],[111.8601,2.4339],[111.835,2.4235],[111.7854,2.3821],[111.8333,2.3295],[111.8093,2.2648],[111.82,2.2442],[111.8007,2.2269],[111.7817,2.2553],[111.7643,2.2425],[111.7539,2.2462],[111.6994,2.2856],[111.637,2.1721],[111.5247,2.1345],[111.357,2.1549],[111.3078,2.0555],[111.2076,2.0914],[111.0862,1.7578],[111.1003,1.6849],[111.014,1.6448],[110.9997,1.542],[110.9376,1.5227],[110.8015,1.5774],[110.7306,1.5469],[110.6215,1.5949],[110.4949,1.5653],[110.4048,1.5852],[110.1908,1.707],[109.9512,1.6996],[109.843,1.7875],[109.7095,1.8417],[109.6502,1.9149],[109.6468,2.0085],[109.349,1.9455],[109.3339,1.8279],[109.2372,1.6451],[109.0592,1.5246],[109.0359,1.3305],[108.9046,1.1589],[108.9782,0.9831],[108.945,0.8927],[108.8406,0.8163],[108.9246,0.6365],[108.9095,0.4738],[108.9461,0.4247],[108.9142,0.3325],[109.034,0.2877],[109.1282,0.1902],[109.1765,0.0738],[109.1574,-0.0411],[109.1842,-0.2019],[109.0896,-0.2747],[109.1181,-0.5212],[109.2493,-0.6058],[109.3831,-0.5807],[109.592,-0.6559],[109.6351,-0.7959],[109.7125,-0.8278],[109.7583,-0.9007],[109.7322,-0.9861],[109.7689,-1.0044],[109.8259,-1.0945],[109.9437,-1.1285],[109.9081,-1.2095],[110.0494,-1.3252],[110.0736,-1.3881],[110.0357,-1.5219],[110.017,-1.7002],[109.9544,-1.763],[110.0905,-1.9603],[110.1197,-2.0909],[110.0864,-2.2368],[110.1401,-2.3082],[110.1957,-2.5183],[110.1837,-2.5899],[110.2649,-2.8011],[110.2247,-2.8857],[110.3028,-2.9926],[108.2664,-2.7666],[108.0922,-2.6063],[107.831,-2.5516],[107.6603,-2.5588],[107.6273,-2.6008],[106.8485,-2.5715],[106.5804,-2.5225],[106.3487,-2.4616],[106.2263,-2.3002],[106.1764,-2.1423],[106.1477,-1.8655],[106.0215,-1.6589],[106.0188,-1.5853],[105.879,-1.5195],[105.7239,-1.5279],[105.7711,-1.7668],[105.6557,-1.7355],[105.712,-1.6609],[105.6302,-1.6283],[105.6002,-1.5477],[105.4688,-1.5608],[105.3424,-1.6687],[105.3899,-1.7957],[105.2618,-1.8973],[105.1626,-1.93],[105.1087,-2.0236],[105.2231,-2.066],[105.2939,-2.1519],[105.4448,-2.1305],[105.5608,-2.0812],[105.5913,-2.1232],[105.7314,-2.1281],[105.7882,-2.171],[105.8019,-2.3664],[105.9347,-2.4806],[105.8875,-2.6444],[105.9763,-2.8153],[106.2712,-2.9001],[106.3302,-2.9642],[106.4135,-2.9671],[106.4915,-3.0917],[106.0966,-3.2287],[106.0489,-3.1206],[106.0496,-2.9988],[106.0113,-2.9668],[105.8462,-2.9492],[105.7835,-2.8559],[105.7785,-2.6819],[105.684,-2.6804],[105.6104,-2.5955],[105.6335,-2.4262],[105.4757,-2.3865],[105.31,-2.3749],[105.2032,-2.3272],[105.0682,-2.3609],[105.026,-2.3974],[105.0356,-2.4266],[105.0067,-2.5135],[104.9849,-2.5438],[104.9773,-2.6827],[104.9576,-2.7572],[104.9027,-2.7669],[104.8544,-2.7504],[104.825,-2.734],[104.8127,-2.7203],[104.7609,-2.7371],[104.7581,-2.7064],[104.7786,-2.6696],[104.7991,-2.6686],[104.7927,-2.6363],[104.7946,-2.6079],[104.7773,-2.5943],[104.7738,-2.5845],[104.7768,-2.5713],[104.8216,-2.4733],[104.904,-2.3647],[104.9027,-2.1943],[104.8762,-2.0481],[104.8289,-2.0041],[104.6128,-2.0049],[104.5598,-1.9993],[104.5044,-1.9685],[104.4709,-1.8644],[104.5414,-1.7588],[104.4677,-1.6195],[104.4387,-1.5083],[104.4573,-1.3356],[104.3914,-1.2113],[104.3882,-1.0561],[104.2247,-1.0584],[104.2098,-1.1555],[104.0714,-1.2573],[104.057,-1.229],[104.0426,-1.2171],[104.0334,-1.2213],[104.0239,-1.2034],[103.9826,-1.1998],[103.9546,-1.1857],[103.9145,-1.1449],[103.8912,-1.151],[103.855,-1.1464],[103.8089,-1.0648],[103.8071,-1.0004],[103.6739,-0.9491],[103.4352,-0.7109],[103.4322,-0.5351],[103.3257,-0.4357],[103.3189,-0.3463],[103.2248,-0.2797],[103.2633,-0.2433],[103.3864,-0.2322],[103.4948,-0.1578],[103.459,-0.1089],[103.6779,-0.0229],[103.81,0.0124],[103.7657,0.1884],[103.7072,0.3044],[103.415,0.5212],[103.3253,0.545],[103.1905,0.4681],[103.102,0.4842],[102.9137,0.7142],[102.67,0.7555],[102.4962,0.7549],[102.3723,0.8573],[102.4091,0.8732],[102.4324,0.8298],[102.5778,0.7665],[102.655,0.7896],[102.843,0.7944],[102.9332,0.7641],[102.9932,0.6898],[103.0493,0.7206],[103.0465,0.8247],[102.879,0.952],[102.7332,1.0228],[102.6119,0.9978],[102.6251,1.0105],[102.7317,1.0397],[102.8856,0.9663],[103.1016,0.8273],[103.1548,0.8946],[102.9662,1.0983],[103.3457,1.1887],[103.3808,1.158],[103.4089,1.1437],[103.796,1.0916],[103.8138,1.0911],[103.8879,1.0923],[103.9428,1.0081],[104.0341,0.9805],[104.1364,1.0386],[104.1292,1.1798],[104.241,1.1242],[104.2606,1.0003],[104.4432,1.013],[104.4388,0.9064],[104.4975,0.8396],[104.5922,0.8095],[104.6571,1.032],[104.5774,1.1577],[104.5826,1.2272],[104.2831,1.3701],[104.2642,1.6096],[104.1877,1.7848],[104.106,1.8841],[104.1141,1.9678],[103.9658,2.1965],[103.9605,2.3128],[103.8401,2.4349],[103.8173,2.5774],[103.6216,2.6809],[103.4532,2.8649],[103.4287,2.9552],[103.4493,3.0989],[103.4306,3.4124],[103.4722,3.5288],[103.3467,3.6807],[103.398,3.9633],[103.3859,4.1155],[103.4451,4.1845],[103.4927,4.3238],[103.4442,4.4698],[103.4765,4.5264],[103.4337,4.6551],[103.4375,4.7846],[103.2943,5.0446],[103.149,5.3338],[102.9744,5.5242],[102.9185,5.5364],[102.7399,5.656],[102.6309,5.7815],[102.4902,5.8678],[102.3482,6.1631],[102.2385,6.2157],[104.7188,8.6051],[104.8269,8.5652],[105.1091,8.6354],[105.1864,8.7418],[105.0733,8.7845],[105.0009,8.7572],[105.0009,8.7603],[105.072,8.7873],[105.1432,8.7606],[105.2679,8.8366],[105.3374,8.8439],[105.3935,8.9831],[105.5092,9.101],[105.8234,9.2425],[106.1889,9.3789],[106.2111,9.5036],[106.0604,9.759],[105.8294,9.989],[105.7769,10.0683],[105.6556,10.146],[105.4092,10.4209],[105.3245,10.5401],[105.2649,10.5578],[105.2322,10.5861],[105.2102,10.6192],[105.2011,10.6852],[105.1216,10.7094],[105.0601,10.9704],[105.064,11.1779],[105.0255,11.2426],[105.0026,11.3752],[105.0084,11.4022],[105.0477,11.422],[105.032,11.4593],[104.9912,11.4562],[104.9581,11.4677],[104.9305,11.5353],[104.9478,11.5603],[105.0789,11.5316],[105.2325,11.4342],[105.2569,11.3928],[105.2807,11.3099],[105.2816,11.2418],[105.218,11.1035],[105.189,10.9636],[105.2326,10.8133],[105.3372,10.8088],[105.4458,10.5569],[105.5453,10.5302],[105.5855,10.4459],[105.6902,10.4112],[105.8995,10.276],[105.9839,10.3354],[106.1176,10.3056],[106.3667,10.3524],[106.4408,10.3164],[106.6163,10.2904],[106.7833,10.296],[106.7843,10.4073],[106.7285,10.481],[106.7351,10.5646],[106.872,10.6487],[106.9818,10.6076],[106.9895,10.5318],[107.0607,10.4783],[107.1788,10.4626],[107.2574,10.3804],[107.3547,10.4673],[107.5133,10.5012],[107.5802,10.5764],[107.911,10.7213],[107.9912,10.6993],[108.0767,10.9053],[108.2379,10.9536],[108.3398,10.954],[108.3594,11.0213],[108.4703,11.0472],[108.5143,11.1449],[108.5884,11.1835],[108.7304,11.1851],[108.7563,11.2822],[108.8845,11.3386],[109.0143,11.3555],[109.0117,11.5092],[109.0652,11.581],[109.1293,11.5772],[109.2253,11.7571],[109.137,11.8175],[109.1296,11.9083],[109.262,11.8608],[109.2487,11.9793],[109.2005,12.0691],[109.1983,12.3951],[109.3191,12.4185],[109.1905,12.6277],[109.2294,12.6947],[109.4011,12.8659],[109.4592,12.8818],[109.3039,13.1215],[109.3175,13.2546],[109.2218,13.441],[109.2784,13.5731],[109.2178,13.7156],[109.2939,13.7716],[109.2929,13.8752],[109.205,14.1111],[109.1846,14.2782],[109.1268,14.3627],[109.121,14.4469],[109.0669,14.5685],[109.0783,14.7012],[108.9532,14.9242],[108.8877,15.1349],[108.9293,15.2104],[108.8143,15.4034],[108.7364,15.3992],[108.5868,15.4801],[108.593,15.5294],[108.4194,15.8004],[108.4009,15.8721],[108.2813,15.9796],[108.2464,16.0757],[108.1529,16.0905],[108.1689,16.2095],[107.9471,16.3477],[107.8642,16.2777],[107.7938,16.3138],[107.7827,16.3868],[107.6801,16.5176],[107.2207,16.8769],[107.1122,17.0143],[107.1123,17.0865],[106.8091,17.299],[106.6563,17.4496],[106.5069,17.6716],[106.4453,17.8244],[106.5111,17.96],[106.4064,18.1003],[106.2526,18.2136],[106.0576,18.311],[105.8367,18.5772],[105.7768,18.757],[105.6182,18.9788],[105.6512,19.0819],[105.7311,19.1157],[105.7376,19.2196],[105.8162,19.3237],[105.784,19.3968],[105.8353,19.6598],[105.9316,19.776],[105.9599,19.9274],[106.0686,19.9142],[106.18,19.976],[106.2091,20.0454],[106.1758,20.1447],[106.1919,20.2044],[106.2562,20.2514],[106.2651,20.2503],[106.2754,20.2387],[106.2889,20.2415],[106.3212,20.2694],[106.3118,20.2987],[106.3109,20.3316],[106.3158,20.3448],[106.2701,20.3257],[106.2508,20.3433],[106.254,20.3571],[106.2185,20.4105],[106.2071,20.429],[106.224,20.4644],[106.1899,20.478],[106.1758,20.4966],[106.178,20.5152],[106.1823,20.5201],[106.1915,20.5227],[106.2196,20.5126],[106.2369,20.5181],[106.2508,20.5072],[106.2903,20.5001],[106.3391,20.5059],[106.334,20.4818],[106.3572,20.4506],[106.3792,20.4899],[106.4085,20.4831],[106.4753,20.5018],[106.5629,20.4749],[106.6105,20.5833],[106.7898,20.7248],[106.731,20.8589],[106.783,20.9339],[106.8862,20.9612],[107.0613,20.9581],[107.1519,20.9238],[107.2662,21.0009],[107.3732,21.0267],[107.3932,21.1884],[107.418,21.272],[107.513,21.2947],[107.586,21.2822],[107.6484,21.3653],[107.7484,21.3987],[107.8022,21.4868],[107.9119,21.5058],[107.9774,21.4362],[108.0615,21.534],[108.1329,21.5182],[108.2265,21.6123],[108.475,21.5561],[108.5736,21.6868],[108.6906,21.698],[108.7394,21.6087],[108.7974,21.6342],[108.9689,21.5961],[109.0452,21.6068],[109.1588,21.5559],[109.0729,21.4334],[109.1571,21.4026],[109.419,21.4539],[109.543,21.5055],[109.5847,21.5816],[109.6574,21.5955],[109.6697,21.5019],[109.7415,21.4664],[109.9051,21.4569],[109.8972,21.3739],[109.7716,21.324],[109.7748,21.2368],[109.6752,21.119],[109.7113,21.0608],[109.6643,20.9362],[109.6747,20.8668],[109.7555,20.7581],[109.7952,20.6278],[109.9006,20.4918],[109.8883,20.3568],[109.9845,20.2927],[110.1239,20.2402],[110.2829,20.2536],[110.441,20.3325],[110.5307,20.4814],[110.4645,20.6734],[110.406,20.6555],[110.3868,20.8199],[110.3275,20.8519],[110.1759,20.8402],[110.1998,20.9469],[110.3483,20.9952],[110.5266,20.9751],[110.5519,21.0585],[110.4321,21.0516],[110.3976,21.0948],[110.4224,21.2388],[110.531,21.2074],[110.637,21.2354],[110.6284,21.3705],[110.7301,21.4169],[110.8867,21.3846],[111.0385,21.4545],[111.4326,21.5264],[111.4892,21.5055],[111.6692,21.5646],[111.8321,21.6887],[111.9134,21.6958],[112.0201,21.792],[112.1751,21.8067],[112.2608,21.702],[112.4047,21.7368],[112.4129,21.8271],[112.5934,21.7604],[112.7846,21.9454],[112.8685,21.9277],[112.8947,21.8577],[113.0016,21.9353],[113.0066,22.1009],[113.0835,22.1464],[113.0866,22.203],[113.1636,22.2452],[113.1892,22.4334],[113.1733,22.5836],[113.0902,22.6349],[113.0591,22.7939],[112.9766,22.8011],[112.9075,22.8682],[112.8277,23.002],[112.7883,23.1357],[112.8653,23.1615],[112.9333,23.1282],[113.0099,23.036],[113.1031,22.976],[113.38,23.1121],[113.5984,23.057],[113.5731,22.8592],[113.6148,22.8029],[113.757,22.7378],[113.8484,22.5618],[113.9207,22.3689],[114.1057,22.3721],[114.1696,22.2929],[114.2601,22.3565],[114.3909,22.3883],[114.2437,22.5626],[114.4266,22.6017],[114.5158,22.4515],[114.6235,22.5131],[114.5492,22.5688],[114.5936,22.6562],[114.5675,22.735],[114.7154,22.7961],[114.7474,22.6029],[114.8923,22.5922],[114.9512,22.703],[115.0279,22.7066],[115.0452,22.7853],[115.2135,22.8342],[115.2533,22.7862],[115.3684,22.7797],[115.3799,22.6904],[115.4683,22.7035],[115.6552,22.8842],[115.8842,22.8007],[116.0783,22.8492],[116.1363,22.8378],[116.2196,22.9197],[116.3146,22.9623],[116.3743,22.9296],[116.4987,22.9387],[116.5466,23.0562],[116.5424,23.1441],[116.6495,23.1661],[116.7026,23.271],[116.6627,23.3481],[116.7694,23.3644],[116.7117,23.4501],[116.8253,23.4555],[116.8964,23.544],[117.0416,23.6216],[117.0821,23.5444],[117.2217,23.6464],[117.2707,23.7376],[117.3967,23.7879],[117.5,23.8719],[117.6308,23.8818],[117.7988,24.0129],[117.8991,24.0408],[117.9451,24.1645],[118.1326,24.3063],[118.0128,24.4136],[117.9116,24.3953],[117.8897,24.4846],[118.132,24.4236],[118.2829,24.5738],[118.4856,24.63],[118.5678,24.5825],[118.739,24.729],[118.7144,24.8488],[118.8943,24.8936],[118.9136,24.9609],[118.8685,25.0766],[118.9772,25.2247],[119.0732,25.2372],[119.0503,25.1202],[119.1755,25.1821],[119.2988,25.1919],[119.3692,25.2651],[119.1736,25.3617],[119.1597,25.4316],[119.3629,25.5278],[119.4566,25.4985],[119.5286,25.3764],[119.6503,25.4],[119.5356,25.5874],[119.4704,25.6511],[119.5951,25.6895],[119.605,25.8398],[119.6782,25.9083],[119.7138,26.0021],[119.5308,26.0728],[119.4516,25.9638],[119.2633,25.9827],[119.3298,26.0544],[119.4639,25.9883],[119.5147,26.0813],[119.7189,26.2774],[119.6744,26.3501],[119.6669,26.4792],[119.7924,26.4179],[119.8285,26.4506],[119.7329,26.6122],[119.6412,26.6062],[119.6326,26.7079],[119.7511,26.7321],[119.9579,26.6333],[120.0767,26.6474],[120.1135,26.7726],[120.1191,26.9331],[120.2283,26.9139],[120.2847,27.0763],[120.3742,27.0926],[120.4756,27.1662],[120.5507,27.2845],[120.5298,27.3486],[120.6489,27.4485],[120.6015,27.5528],[120.7731,27.791],[120.8661,27.8665],[120.8795,27.9986],[121.0014,28.0084],[121.0027,28.088],[121.0966,28.1666],[121.1474,28.3416],[121.2121,28.3626],[121.3055,28.1732],[121.5362,28.3236],[121.6186,28.262],[121.5128,28.6606],[121.644,28.7174],[121.7042,28.9445],[121.6201,29.1058],[121.6262,29.1879],[121.8095,29.1571],[121.9352,29.194],[121.9069,29.297],[121.9769,29.4401],[121.9475,29.5099],[121.9757,29.6123],[121.8454,29.6892],[121.985,29.8169],[121.9594,29.8883],[121.6788,29.9992],[121.4396,30.295],[121.3067,30.3401],[121.1808,30.3368],[120.9019,30.166],[120.8086,30.2237],[120.7266,30.2251],[120.6596,30.36],[120.7391,30.3713],[120.7835,30.2952],[120.9393,30.415],[120.9337,30.4777],[121.0085,30.5711],[121.1425,30.6149],[121.246,30.6866],[121.3305,30.6971],[121.5273,30.8218],[121.7104,30.8499],[121.8905,30.848],[121.9725,30.8859],[121.9396,31.0006],[121.6889,31.3119],[121.5102,31.3954],[121.2998,31.5203],[121.2487,31.6184],[121.0019,31.7575],[120.8881,31.7579],[120.718,31.9935],[120.5835,31.9899],[120.462,32.025],[120.4383,31.9696],[120.1436,31.9132],[120.0089,31.9555],[119.9236,32.0495],[119.7845,32.1224],[119.7958,32.1653],[119.7896,32.1757],[119.7946,32.1862],[119.8154,32.1889],[119.802,32.2081],[119.7706,32.2071],[119.7028,32.2477],[119.7022,32.3018],[119.6585,32.3446],[119.6117,32.3557],[119.5224,32.3358],[119.4797,32.511],[119.3799,32.6776],[119.2498,32.7558],[119.1938,32.7282],[119.0855,32.8294],[119.2263,32.8983],[119.2382,32.9973],[119.3973,32.9786],[119.4179,32.7569],[119.4945,32.5378],[119.5257,32.3372],[119.6007,32.3589],[119.6455,32.3557],[119.7036,32.3102],[119.8095,32.3232],[119.8783,32.2705],[119.9155,32.1406],[120.0415,31.9719],[120.2648,31.9499],[120.4641,32.0738],[120.6139,32.0831],[120.8273,31.9998],[120.9209,31.8994],[120.9492,31.8149],[121.1022,31.7847],[121.3102,31.8842],[121.6286,31.7372],[121.8705,31.6851],[121.9273,31.7217],[121.8516,31.9124],[121.7284,32.0313],[121.5317,32.1094],[121.4339,32.124],[121.3872,32.1845],[121.3933,32.3787],[121.3148,32.4308],[121.0562,32.5296],[120.8964,32.6365],[120.8571,32.7669],[120.9148,32.879],[120.8959,33.0051],[120.752,33.2833],[120.7157,33.3608],[120.6258,33.4063],[120.6633,33.5108],[120.5278,33.7773],[120.427,33.9225],[120.342,34.0928],[120.2742,34.3015],[119.9422,34.4466],[119.7908,34.4681],[119.5585,34.5948],[119.454,34.6731],[119.4779,34.727],[119.2701,34.7584],[119.1832,34.8309],[119.2269,35.0592],[119.3469,35.0872],[119.4054,35.2673],[119.5176,35.3455],[119.5985,35.462],[119.6387,35.5934],[119.813,35.6421],[119.8749,35.6137],[119.9551,35.7631],[120.0339,35.771],[120.0689,35.8887],[120.2532,35.966],[120.2288,36.0619],[120.102,36.138],[120.2189,36.2208],[120.3671,36.1801],[120.3001,36.0693],[120.7029,36.1303],[120.6427,36.2888],[120.7471,36.4623],[120.8395,36.4339],[120.9604,36.4714],[121.0172,36.5829],[121.2188,36.6947],[121.4004,36.7589],[121.6041,36.7724],[121.7594,36.8805],[122.0099,36.9678],[122.1392,36.9473],[122.2195,36.8532],[122.3177,36.8335],[122.4366,36.8865],[122.5399,36.9789],[122.4514,37.0724],[122.4825,37.1494],[122.612,37.2003],[122.5481,37.2783],[122.557,37.3982],[122.4725,37.4245],[122.3266,37.4088],[122.2425,37.4623],[122.1587,37.4341],[122.0506,37.5404],[121.9083,37.4663],[121.5945,37.4279],[121.4568,37.4798],[121.3628,37.5936],[121.2369,37.5721],[121.1421,37.5978],[121.1386,37.7122],[121.0354,37.7065],[120.8781,37.8317],[120.7461,37.8311],[120.5606,37.7528],[120.4458,37.7444],[120.3206,37.6583],[120.3118,37.6047],[120.0847,37.444],[119.8455,37.3759],[119.8878,37.2385],[119.7487,37.1227],[119.4674,37.1143],[119.3065,37.0557],[119.258,37.1107],[119.0169,37.2661],[118.9432,37.3712],[118.9304,37.528],[119.0365,37.6852],[119.2701,37.7083],[119.0985,37.8344],[119.09,37.9129],[118.9993,37.9591],[118.9465,38.099],[118.8462,38.1445],[118.613,38.1383],[118.4745,38.1117],[118.0499,38.148],[118.0368,38.1802],[117.8394,38.2724],[117.6972,38.379],[117.5681,38.6247],[117.5802,38.7719],[117.719,38.9692],[117.737,39.0815],[117.8223,39.1689],[117.9928,39.2187],[118.1166,39.1902],[118.2444,39.0449],[118.3346,39.0246],[118.6052,39.1697],[118.7449,39.1368],[119.0028,39.1969],[119.3053,39.4376],[119.2587,39.5224],[119.3609,39.7441],[119.5108,39.8381],[119.5302,39.8861],[119.887,39.9975],[119.9401,40.0533],[120.1533,40.1106],[120.3014,40.1826],[120.4451,40.1969],[120.5048,40.3298],[120.5908,40.3631],[120.5843,40.4538],[120.7465,40.5666],[120.8275,40.6775],[120.9375,40.6917],[120.9313,40.7716],[121.0014,40.8369],[121.1794,40.9256],[121.4828,40.8931],[121.5574,40.8403],[121.7342,40.8454],[121.9234,40.8032],[122.1648,40.6629],[122.1424,40.611],[122.3017,40.4741],[122.089,40.2896],[122.0975,40.233],[121.9343,40.0972],[121.8958,40.011],[121.5287,39.8449],[121.4555,39.7415],[121.5266,39.6477],[121.3206,39.5936],[121.2239,39.5318],[121.4407,39.5096],[121.5301,39.3845],[121.6406,39.4338],[121.7594,39.3878],[121.7526,39.2987],[121.6109,39.271],[121.6735,39.089],[121.3174,39.0015],[121.0883,38.8951],[121.1447,38.7953],[121.1323,38.7264],[121.3562,38.8247],[121.4922,38.812],[121.5609,38.8754],[121.7031,38.8725],[121.6573,39.0208],[121.8912,38.9968],[122.1401,39.1582],[122.1129,39.2184],[122.2412,39.2825],[122.289,39.3548],[122.4301,39.4682],[122.5929,39.4842],[122.9986,39.6638],[123.1346,39.6666],[123.264,39.7082],[123.3035,39.7961],[123.5467,39.7945],[123.6064,39.8454],[123.7139,39.8279],[123.8719,39.8553],[124.0013,39.7998],[124.1442,39.8302],[124.2582,39.8092],[124.2842,39.922],[124.3887,39.8752],[124.4092,39.8061],[124.5461,39.7266],[125.2184,39.5791],[125.3359,39.4566],[125.4012,39.2904],[125.1394,38.87],[125.2649,38.6754],[125.1298,38.6001],[125.0325,38.5892],[124.8587,38.3342],[124.8691,38.2424],[124.7202,38.1367],[124.7709,38.0973],[124.8829,38.1249],[124.9974,38.0745],[125.2001,38.0926],[124.9811,37.9382],[125.0838,37.8795],[125.1916,37.875],[125.4655,37.7259],[125.6261,37.8265],[125.6185,38.0223],[125.7517,38.018],[125.8924,37.8663],[126.023,37.8349],[126.2627,37.8412],[126.3942,37.8895],[126.4679,37.8204],[126.5012,37.8183],[126.5304,37.7493],[126.5316,37.6544],[126.6058,37.5528],[126.5072,37.4656],[126.6698,37.3898],[126.7346,37.2929],[126.6498,37.2538],[126.6527,37.1813],[126.7664,37.0969],[126.7895,37.029],[126.9215,36.8947],[126.8267,36.8899],[126.7814,36.9768],[126.6305,37.0032],[126.4984,37.0653],[126.3331,36.997],[126.3951,36.8871],[126.2183,36.9049],[126.1339,36.7398],[126.3388,36.6135],[126.455,36.5949],[126.4876,36.526],[126.4814,36.3963],[126.5481,36.265],[126.571,36.14],[126.6677,36.0327],[126.6142,35.8856],[126.7001,35.798],[126.4566,35.6361],[126.5093,35.5789],[126.4068,35.417],[126.3731,35.1988],[126.4432,35.0568],[126.2951,34.9645],[126.3899,34.9272],[126.406,34.8567],[126.2878,34.7594],[126.2662,34.6374],[126.3139,34.5668],[126.4597,34.5309],[126.478,34.386],[126.5998,34.3123],[126.617,34.4025],[126.7295,34.4486],[126.9474,34.4566],[127.0185,34.6249],[127.21,34.7378],[127.2278,34.6542],[127.1142,34.5588],[127.2212,34.5334],[127.3004,34.4703],[127.3912,34.4887],[127.5059,34.5954],[127.3902,34.7115],[127.3903,34.8199],[127.4924,34.8466],[127.5903,34.757],[127.751,34.7355],[127.7764,34.8575],[127.6401,34.8863],[127.7661,34.9693],[127.8721,34.9463],[127.9287,35.0136],[128.1332,34.8887],[128.2399,34.945],[128.3053,34.9196],[128.379,34.8147],[128.4294,34.9564],[128.5016,35.013],[128.4745,35.098],[128.701,35.1207],[128.8517,35.042],[129.1026,35.0945],[129.3352,35.3554],[129.3802,35.4711],[129.4394,35.4852],[129.4921,35.7878],[129.5843,36.0163],[129.4477,35.991],[129.3829,36.0627],[129.4317,36.1103],[129.3734,36.2529],[129.4371,36.4281],[129.4129,36.6229],[129.4779,36.6994],[129.4215,36.8636],[129.4147,37.0539],[129.3403,37.1938],[129.3494,37.2484],[129.1229,37.52],[129.059,37.6733],[128.8804,37.8281],[128.6083,38.1514],[128.4119,38.5466],[128.363,38.6878],[128.221,38.736],[128.0904,38.8417],[128.0065,38.8573],[127.8765,38.9601],[127.7512,39.1251],[127.6548,39.1087],[127.4179,39.1793],[127.364,39.2598],[127.4461,39.3882],[127.5238,39.44],[127.5127,39.5261],[127.5681,39.5942],[127.4974,39.6505],[127.5014,39.731],[127.6239,39.8336],[127.8734,39.898],[127.8765,39.9568],[128.0057,40.0607],[128.1955,40.0264],[128.2665,40.0767],[128.4521,40.1097],[128.661,40.2083],[128.6414,40.318],[128.8779,40.383],[128.9588,40.4513],[129.0774,40.4785],[129.1526,40.5481],[129.222,40.7035],[129.3166,40.71],[129.5789,40.8414],[129.7159,40.8347],[129.7618,40.947],[129.7216,40.9894],[129.7157,41.1989],[129.8075,41.3823],[129.7059,41.4233],[129.6482,41.5484],[129.7714,41.761],[129.8677,41.7934],[129.9539,41.8948],[129.9793,41.9887],[130.0718,42.0798],[130.1899,42.1223],[130.2952,42.2388],[130.4216,42.3222],[130.702,42.2946],[130.84,42.5641],[130.6651,42.6386],[130.7231,42.702],[130.9237,42.5951],[130.985,42.6478],[131.2274,42.5876],[131.2555,42.7669],[131.3503,42.7877],[131.4746,42.9816],[131.7652,43.1967],[131.7579,43.3287],[132.056,43.2851],[131.9216,43.2038],[131.8709,43.1126],[131.959,43.0736],[132.2094,43.2202],[132.3859,43.2072],[132.305,43.0613],[132.2915,42.9549],[132.3533,42.9041],[132.4889,42.9161],[132.5346,42.8487],[132.7018,42.864],[132.8602,42.7333],[132.9618,42.8398],[133.1493,42.6844],[133.2313,42.7517],[133.361,42.7612],[133.6415,42.8616],[133.7569,42.8507],[133.9587,42.9089],[134.1282,42.9992],[134.1755,43.0645],[134.4854,43.1821],[134.7333,43.3076],[134.8886,43.411],[135.1433,43.506],[135.1835,43.6115],[135.3545,43.7137],[135.5027,43.8497],[135.4608,43.9134],[135.529,44.0074],[135.6328,44.0351],[135.6484,44.1753],[135.8225,44.3057],[135.8747,44.4062],[136.0443,44.4509],[136.1854,44.5266],[136.2103,44.6348],[136.3379,44.7309],[136.5538,44.9509],[136.7664,45.0939],[136.8011,45.1975],[137.1386,45.3747],[137.2984,45.522],[137.356,45.608],[137.4881,45.6722],[137.6871,45.8088],[137.7717,45.9464],[138.1019,46.2355],[138.1666,46.4333],[138.3437,46.5392],[138.3491,46.6922],[138.4956,46.8788],[138.6101,47.0796],[138.8365,47.2733],[139.0525,47.408],[139.0593,47.478],[139.2778,47.816],[139.3946,47.9164],[139.5061,47.958],[139.6465,48.0638],[139.7211,48.1626],[140.1729,48.4454],[140.19,48.7492],[140.2534,48.8563],[140.3616,48.9202],[140.3137,49.0512],[140.353,49.15],[140.3105,49.2149],[140.413,49.3217],[140.4259,49.4162],[140.5454,49.56],[140.4994,49.6787],[140.5287,49.7822],[140.3992,49.8733],[140.4849,49.9961],[140.6601,50.0613],[140.5023,50.1674],[140.4793,50.4652],[140.4134,50.5427],[140.4846,50.6218],[140.4298,50.7178],[140.4987,50.8682],[140.6477,50.9565],[140.6717,51.3271],[140.8648,51.3922],[140.7723,51.4668],[140.8993,51.5238],[140.8739,51.5895],[140.9766,51.6702],[141.1071,51.6826],[141.1694,51.8285],[141.4218,51.9529],[141.3413,52.0074],[141.3492,52.0994],[141.5017,52.1618],[141.1213,52.4002],[141.1106,52.4836],[141.21,52.5076],[141.2603,52.6018],[141.2005,52.8427],[140.963,52.9328],[140.9219,53.0215],[140.7627,53.1029],[140.5932,53.0921],[140.4158,53.1263],[140.2556,53.2349],[139.89,53.2101],[139.8184,53.0827],[139.7155,53.0025],[139.7583,52.9275],[139.9454,52.9225],[140.063,52.7982],[140.1352,52.6169],[140.321,52.58],[140.4453,52.4051],[140.4537,52.3347],[140.3704,52.2005],[140.359,52.0062],[140.4793,51.9017],[140.3881,51.8201],[140.17,51.7389],[140.3279,51.6355],[140.5225,51.6591],[140.5132,51.5729],[140.3841,51.568],[140.1814,51.6712],[140.075,51.6659],[140.0106,51.5576],[139.8373,51.5784],[139.9607,51.6972],[140.1935,51.8315],[140.2223,51.8743],[140.1342,52.0166],[140.2526,52.151],[140.356,52.2183],[140.4223,52.3554],[140.3849,52.4536],[140.2199,52.5986],[140.0923,52.6026],[140.0487,52.7935],[139.7703,52.9205],[139.685,52.9402],[139.6565,52.913],[139.6107,52.9176],[139.5938,52.9466],[139.5571,52.9441],[139.5189,52.9198],[139.4329,52.9108],[139.2222,52.9935],[139.4702,53.0265],[139.4811,52.9566],[139.5664,52.9519],[139.6015,52.9464],[139.6078,52.9249],[139.6519,52.9169],[139.6937,52.949],[139.6755,52.9852],[139.7256,53.041],[139.7956,53.0747],[139.8305,53.2012],[139.9566,53.2718],[139.6579,53.38],[139.6146,53.4656],[139.7354,53.5552],[139.9492,53.5612],[139.7736,53.3998],[139.9574,53.2738],[140.3039,53.2329],[140.4765,53.124],[140.8176,53.1361],[141.1465,52.9911],[141.24,53.0798],[141.431,53.146],[141.3892,53.2667],[141.1895,53.3176],[140.9549,53.4269],[140.9477,53.4982],[140.5618,53.6379],[140.5171,53.7132],[140.3572,53.7716],[140.2532,53.8737],[140.3284,53.9558],[140.1992,54.0546],[139.9851,54.1132],[139.7814,54.2109],[139.7854,54.2911],[139.4422,54.1933],[139.1656,54.1877],[138.7279,54.3065],[138.7694,53.9807],[138.7043,53.876],[138.6615,53.7088],[138.4797,53.5311],[138.2685,53.5181],[138.3559,53.6435],[138.5723,53.8058],[138.5923,53.986],[138.3722,53.904],[138.3065,53.7348],[137.9548,53.5834],[137.7003,53.5489],[137.3131,53.5329],[137.2067,53.5881],[137.3291,53.6584],[137.4989,53.672],[137.7654,53.951],[137.5813,53.956],[137.3334,54.1262],[137.52,54.1421],[137.6287,54.2403],[137.4574,54.3092],[137.1151,54.1658],[137.162,54.0352],[137.2972,54.043],[137.1967,53.849],[136.8525,53.8253],[136.714,53.7912],[136.6939,54.0088],[136.7835,54.0628],[136.8053,54.2962],[136.7474,54.359],[136.8021,54.5137],[136.7326,54.61],[136.4874,54.5849],[136.2188,54.6141],[135.9632,54.5672],[135.7119,54.576],[135.6904,54.6451],[135.2557,54.7402],[135.1775,54.8124],[135.2307,54.912],[135.5971,55.1078],[135.6975,55.1133],[136.131,55.2883],[136.339,55.5089],[136.8008,55.6971],[136.9006,55.7661],[137.0543,55.7878],[137.0993,55.8598],[137.5885,56.1163],[137.7173,56.1337],[137.8365,56.229],[137.9175,56.3648],[138.1798,56.445],[138.1125,56.5228],[138.1392,56.6017],[138.5518,56.8425],[138.6105,56.9548],[138.821,57.0312],[138.9255,57.1311],[139.032,57.1596],[139.1845,57.2717],[139.4145,57.2999],[139.6011,57.459],[139.7903,57.4838],[139.9567,57.6738],[140.0624,57.7283],[140.3199,57.7655],[140.4905,57.8753],[140.6789,58.2027],[140.7622,58.2916],[141.0412,58.4425],[141.1958,58.4685],[141.5407,58.5995],[141.6805,58.6802],[142.0815,59.0327],[142.4213,59.1876],[142.8477,59.2725],[143.1723,59.3634],[143.483,59.3185],[143.7285,59.3787],[143.9469,59.4026],[144.4115,59.3691],[144.776,59.3829],[144.9883,59.367],[145.3018,59.4141],[145.5735,59.4205],[145.9481,59.3484],[145.8265,59.2464],[145.9894,59.1816],[146.3247,59.191],[146.3093,59.4],[146.4433,59.4626],[146.6778,59.4327],[146.782,59.3719],[147.0249,59.3703],[147.1657,59.3188],[147.2967,59.3344],[147.4209,59.2686],[147.7891,59.3354],[147.8842,59.3858],[148.1693,59.4079],[148.3997,59.3759],[148.417,59.253],[148.784,59.2507],[148.9334,59.3127],[148.7368,59.3611],[148.7128,59.4536],[148.9991,59.4563],[149.1416,59.5286],[149.1138,59.6336],[149.341,59.7202],[149.5398,59.7566],[149.785,59.7404],[150.1441,59.6583],[150.4581,59.616],[150.5979,59.5403],[150.772,59.5629],[150.7476,59.4338],[150.9248,59.4468],[150.8914,59.5465],[151.0597,59.582],[151.2791,59.5597],[151.404,59.6052],[151.5217,59.5055],[151.6793,59.4432],[151.7669,59.3412],[152.0042,59.264],[152.1704,59.2934],[152.3241,59.2259],[152.1096,59.1493],[151.7267,59.133],[151.4448,59.1611],[151.1437,59.0749],[151.3613,58.8573],[151.6927,58.8433],[152.1429,58.9176],[152.1842,58.9906],[152.4086,59.0238],[152.5489,58.9509],[152.9134,58.9159],[153.0162,59.0666],[153.3381,59.0881],[153.3565,59.2014],[153.4916,59.2337],[153.8395,59.1685],[153.9433,59.0689],[154.0809,59.0573],[154.313,59.0956],[154.3295,59.1898],[154.5027,59.2213],[154.6753,59.1478],[154.7968,59.1862],[155.0111,59.1753],[155.2012,59.2358],[155.1711,59.3773],[154.9711,59.4963],[154.7908,59.4641],[154.6558,59.5345],[154.4302,59.5232],[154.5252,59.4141],[154.1639,59.4463],[154.152,59.5411],[154.2494,59.6691],[154.2445,59.8892],[154.485,59.9213],[154.4013,60.0442],[154.5737,60.0995],[154.9696,60.3694],[155.1495,60.4146],[155.242,60.4853],[155.4587,60.5326],[155.5824,60.6285],[155.7201,60.6541],[155.9202,60.7515],[155.9501,60.9111],[156.1202,61.02],[156.5041,61.196],[156.6495,61.2181],[156.6258,61.3702],[156.6821,61.5245],[156.9561,61.5657],[157.0411,61.6491],[157.3025,61.6967],[157.4985,61.7893],[157.8137,61.782],[158.037,61.7313],[158.2415,61.8182],[158.6947,61.8378],[158.8468,61.8205],[158.9012,61.8988],[159.2027,61.9162],[159.3972,61.8757],[159.5382,61.7993],[159.5288,61.6668],[159.8759,61.7044],[160.0309,61.846],[160.2607,61.9231],[160.3717,61.9027],[160.4107,61.7613],[160.2694,61.6899],[160.2781,61.5562],[160.0627,61.47],[160.0968,61.4137],[159.8325,61.2925],[159.9501,61.2347],[160.0021,61.1142],[159.8856,60.9353],[160.1925,61.0397],[160.4275,60.9909],[160.3539,60.8961],[160.2493,60.881],[160.2528,60.7348],[160.1593,60.6482],[160.2847,60.6116],[160.3828,60.6963],[160.5568,60.7415],[160.7905,60.735],[160.9102,60.8958],[161.1808,60.9904],[161.5764,61.2022],[161.6681,61.2806],[161.9875,61.3731],[162.2225,61.5145],[162.4246,61.6724],[162.5759,61.6431],[162.8331,61.7136],[162.9424,61.6441],[163.1435,61.6258],[163.3422,61.7016],[162.9722,61.8062],[163.1299,62.0024],[163.1425,62.1144],[163.0831,62.2216],[163.3637,62.3282],[163.2332,62.382],[163.2466,62.5111],[163.3282,62.5385],[163.8496,62.6079],[164.3788,62.6942],[164.6089,62.6806],[164.7197,62.5741],[165.0821,62.4883],[165.0793,62.4136],[164.7337,62.4559],[164.5313,62.4403],[164.4375,62.3583],[164.1569,62.2738],[164.0769,62.0953],[164.0985,61.9038],[164.0511,61.6878],[163.8721,61.651],[163.7543,61.4698],[163.964,61.4235],[164.0273,61.3601],[163.9083,61.208],[163.6231,61.1058],[163.5358,60.9993],[163.7101,60.9207],[163.6822,60.8741],[163.0729,60.7514],[162.8961,60.7522],[162.7703,60.6338],[162.5334,60.6106],[162.4086,60.5415],[162.2058,60.5279],[161.9454,60.4107],[161.917,60.206],[161.7853,60.1294],[161.524,60.0493],[161.2692,59.8486],[161.0525,59.746],[160.8988,59.6285],[160.4953,59.5554],[160.4124,59.3978],[159.865,59.1321],[159.7243,58.9876],[159.722,58.8574],[159.4918,58.7],[159.2157,58.5541],[159.0772,58.4275],[158.6671,58.2625],[158.2224,58.0182],[157.8756,57.9788],[157.674,58.0126],[157.5223,57.8196],[157.3064,57.7659],[157.1484,57.7684],[156.9906,57.8516],[156.794,57.7288],[156.9074,57.6706],[156.9957,57.5204],[156.9835,57.3957],[156.6803,57.0543],[156.5598,57.1009],[156.4934,56.9717],[156.0721,56.7752],[155.9464,56.6078],[155.88,56.4418],[155.6506,55.9674],[155.6326,55.7121],[155.5635,55.4189],[155.5578,55.1974],[155.6889,54.6001],[155.7647,54.3434],[155.8883,54.0205],[155.992,53.631],[156.1035,53.119],[156.1315,52.903],[156.3327,52.5343],[156.4705,52.1146],[156.5033,51.7632],[156.484,51.5218],[156.5411,51.2986],[156.7232,51.1717],[156.7685,50.9958],[156.6608,50.8674],[156.8773,51.0223],[157.2346,51.2091],[157.3398,51.3251],[157.4667,51.3754],[157.504,51.4539],[157.6262,51.5332],[157.7466,51.5464],[157.905,51.644],[158.0375,51.7922],[158.2745,51.962],[158.4127,52.1892],[158.549,52.2898],[158.5709,52.3849],[158.5256,52.5262],[158.5788,52.7089],[158.5093,52.7768],[158.6444,52.8457],[158.4133,52.9237],[158.4207,53.0164],[158.6132,53.0496],[158.7037,52.8845],[158.8699,53.0028],[159.1444,53.1248],[159.6176,53.2564],[160.029,53.0962],[160.0394,53.2139],[159.8448,53.4043],[159.8406,53.486],[159.9562,53.5723],[159.8134,53.6656],[159.8893,53.9299],[159.9687,54.1182],[160.1331,54.2277],[160.3147,54.3023],[160.5706,54.4615],[160.8994,54.5731],[161.1949,54.5849],[161.2849,54.4872],[161.4813,54.5153],[161.7156,54.505],[161.8331,54.5986],[162.1347,54.7509],[162.0548,54.9423],[161.8768,55.0691],[161.7824,55.2167],[161.736,55.3999],[161.7897,55.6413],[162.0215,55.9365],[162.0828,56.0864],[162.1604,56.129],[162.6001,56.2656],[162.399,56.3763],[162.7656,56.4754],[162.9056,56.4264],[162.778,56.3591],[162.6291,56.2285],[162.8101,56.0661],[163.0495,56.0079],[166.6703,54.6786],[173.4865,52.3824],[174.3354,52.2286],[179.2338,51.3508],[179.391,51.3561],[180.0,51.394],[180.0,0.0],[174.2558,0.0],[173.0077,3.3911],[172.9922,3.3906],[172.6805,3.2757],[172.5895,0.0],[130.1169,0.0],[130.0898,0.0039],[130.1484,-0.0886],[130.2183,-0.2082],[130.3878,-0.9226],[130.6349,-0.9622],[130.7064,-1.0566],[130.7436,-1.2312],[130.8628,-1.3462],[130.9317,-1.4259],[130.9314,-1.4287],[130.9956,-1.4586],[131.1681,-1.4634],[131.2047,-1.5209],[131.3359,-1.4638],[131.443,-1.5043],[131.5036,-1.4664],[131.7151,-1.4232],[131.7455,-1.4936],[131.6965,-1.5464],[131.8132,-1.6132],[131.8611,-1.5733],[131.9215,-1.8159],[131.9844,-1.876],[131.9729,-1.9721],[132.0387,-2.0719],[132.2343,-2.1917],[132.3111,-2.2817],[132.5259,-2.1957],[132.6098,-2.2129],[132.6276,-2.2717],[132.7166,-2.2965],[132.8054,-2.244],[132.9571,-2.2928],[133.0371,-2.2369],[133.1797,-2.1952],[133.5199,-2.2362],[133.6207,-2.2315],[133.9252,-2.0917],[133.9412,-2.228],[134.0001,-2.2409],[133.9552,-2.4666],[133.8181,-2.4615],[133.8074,-2.6218],[133.6905,-2.6164],[133.6405,-2.5316],[133.5344,-2.6108],[133.3814,-2.6544],[133.3741,-2.5073],[133.2708,-2.4285],[133.1275,-2.4353],[133.0429,-2.4947],[132.8984,-2.6778],[132.8044,-2.7688],[132.7276,-2.803],[132.5879,-2.6928],[132.4441,-2.6997],[132.3535,-2.6655],[132.1917,-2.6535],[132.129,-2.7093],[131.9837,-2.7538],[132.0022,-2.8297],[132.0872,-2.9596],[132.2077,-2.9239],[132.3397,-2.9398],[132.5617,-3.11],[132.6458,-3.1938],[132.6739,-3.3234],[132.8019,-3.2644],[132.8163,-3.4433],[132.91,-3.5318],[132.894,-3.6129],[132.7278,-3.6406],[132.838,-3.9853],[132.9594,-4.1057],[133.0782,-4.0542],[133.2497,-4.0735],[133.4502,-3.8606],[133.6382,-4.3093],[133.1557,-5.2739],[133.1514,-5.2739],[131.7592,-4.7417],[131.7342,-4.7028],[131.6725,-4.5383],[131.611,-4.4324],[131.3242,-4.0325],[130.8512,-3.8672],[130.8327,-3.6584],[130.8805,-3.6143],[130.8059,-3.4785],[130.804,-3.4062],[130.6639,-3.4007],[130.6004,-3.1486],[130.4946,-3.1035],[130.3527,-2.9741],[130.0475,-3.0053],[129.8549,-2.8974],[129.7077,-2.8343],[129.5426,-2.7959],[129.3762,-2.7898],[129.3416,-2.8626],[129.1322,-2.9684],[129.0829,-2.9376],[129.0678,-2.8121],[128.8344,-2.8666],[128.5086,-2.833],[128.4007,-2.8698],[128.1615,-2.8673],[126.7161,-3.0561],[126.2993,-3.0933],[126.2032,-3.1858],[126.091,-3.1121],[126.0498,-2.4773],[126.0719,-2.4183],[125.9632,-2.1835],[125.9884,-2.0163],[125.921,-1.9763],[125.9173,-1.9393],[126.0629,-1.884],[126.2452,-1.8799],[126.3322,-1.8266],[126.0563,-1.8014],[125.7852,-1.8003],[125.697,-1.8299],[125.4607,-1.7779],[125.3669,-1.7799],[125.3291,-1.8388],[125.3164,-1.8384],[125.2909,-1.7308],[125.2212,-1.7441],[125.1377,-1.6867],[125.1038,-1.7587],[124.9579,-1.6961],[124.6671,-1.6429],[124.513,-1.6353],[124.3883,-1.6713],[123.5986,-1.7137],[123.623,-1.625],[123.5314,-1.4763],[123.4984,-1.5129],[123.4715,-1.4751],[123.5091,-1.4596],[123.5537,-1.276],[123.4402,-1.2684],[123.3651,-1.2263],[123.3235,-1.284],[123.3131,-1.2663],[123.3003,-1.1792],[123.2932,-1.1691],[123.3021,-1.1482],[123.326,-1.0488],[123.4517,-0.7598],[123.4102,-0.6534],[123.2594,-0.5785],[123.0608,-0.5642],[122.9893,-0.6223],[122.8081,-0.6343]],[[122.3785,-0.2728],[122.2357,-0.21],[122.3477,-0.3204],[122.3785,-0.2728]],[[122.0413,-0.426],[121.969,-0.3265],[121.8586,-0.383],[121.928,-0.444],[122.0413,-0.426]],[[121.9157,-0.4402],[121.8659,-0.4088],[121.7574,-0.4235],[121.6934,-0.4712],[121.9085,-0.5273],[121.9157,-0.4402]],[[122.4823,7.57],[122.4464,7.6071],[122.5483,7.7348],[122.7189,7.7838],[122.8161,7.7344],[122.7891,7.5911],[122.9831,7.4631],[123.062,7.6797],[123.1961,7.5914],[123.4053,7.3575],[123.4371,7.452],[123.3807,7.4907],[123.3922,7.5825],[123.4673,7.6375],[123.482,7.7264],[123.4268,7.8093],[123.5359,7.8471],[123.6916,7.8128],[123.7368,7.7317],[123.9168,7.692],[124.014,7.6463],[124.1169,7.5127],[124.1675,7.4107],[124.2498,7.4063],[124.1589,7.1768],[124.0465,7.1216],[123.9567,6.8939],[123.9616,6.8127],[124.0552,6.6016],[124.0307,6.5195],[124.0527,6.3873],[124.1665,6.2734],[124.1839,6.2115],[124.3217,6.1155],[124.4297,6.0845],[124.5175,6.0232],[124.8222,5.8895],[124.9238,5.8588],[125.0681,5.8555],[125.1656,6.1042],[125.2707,6.0853],[125.2919,5.9825],[125.2202,5.8907],[125.189,5.7778],[125.2882,5.6908],[125.3325,5.5545],[125.4134,5.5723],[125.5134,5.7501],[125.6618,5.9205],[125.7023,6.0243],[125.7126,6.1705],[125.5651,6.5314],[125.3812,6.629],[125.3729,6.727],[125.4196,6.8483],[125.49,6.9209],[125.5376,7.0403],[125.603,7.0453],[125.664,7.1232],[125.6482,7.237],[125.8207,7.3663],[125.8867,7.1204],[125.981,7.03],[125.9767,6.9284],[126.0745,6.8555],[126.0968,6.7368],[126.069,6.6503],[126.1178,6.4542],[126.2281,6.4353],[126.2197,6.6341],[126.2609,6.7543],[126.1679,6.8869],[126.1897,6.939],[126.2905,6.9047],[126.3347,7.0033],[126.4461,7.0185],[126.6051,7.2911],[126.5542,7.3026],[126.558,7.4473],[126.5991,7.5029],[126.551,7.6945],[126.3597,7.9087],[126.4412,8.0947],[126.4323,8.2355],[126.3396,8.1847],[126.3305,8.3142],[126.3896,8.5109],[126.2588,8.5513],[126.1238,8.5434],[126.084,8.6151],[126.2131,8.6909],[126.2409,8.7649],[126.3308,8.8492],[126.3074,8.9567],[126.1588,9.1119],[126.1677,9.3078],[126.0559,9.2328],[125.9848,9.3199],[125.9311,9.4581],[125.8619,9.5335],[125.6073,9.6364],[125.5573,9.7534],[125.4401,9.7992],[125.4016,9.7639],[125.3922,9.6478],[125.4615,9.3841],[125.5301,9.194],[125.5349,9.0723],[125.4222,8.9755],[125.172,9.0128],[125.1856,8.8967],[125.0948,8.8282],[124.9707,8.9517],[124.8536,9.0079],[124.7717,8.9655],[124.7885,8.8188],[124.7456,8.7059],[124.771,8.5936],[124.7411,8.4929],[124.5797,8.5185],[124.4418,8.621],[124.3152,8.542],[124.2309,8.2192],[124.166,8.1867],[124.0323,8.1986],[123.8687,8.1719],[123.8371,8.43],[123.7474,8.6007],[123.6174,8.6549],[123.5043,8.6265],[123.4365,8.7155],[123.3789,8.7258],[123.2991,8.5191],[123.1995,8.5323],[123.0557,8.5121],[122.9893,8.347],[122.937,8.3051],[122.9958,8.2144],[122.9077,8.1446],[122.8083,8.1201],[122.6284,8.1128],[122.5101,8.0651],[122.3598,8.0426],[122.2514,7.9857],[122.0873,7.7414],[122.1351,7.6425],[122.106,7.5956],[122.0124,7.2789],[121.929,7.1994],[121.8973,7.0815],[121.9485,6.9552],[122.1032,6.8896],[122.1853,6.9522],[122.2926,7.324],[122.3412,7.3138],[122.3639,7.4757],[122.4823,7.57]],[[125.479,3.6058],[125.486,3.4869],[125.6139,3.3416],[125.6161,3.3498],[125.6754,3.4249],[125.6537,3.5199],[125.5807,3.5816],[125.5078,3.7229],[125.4464,3.7371],[125.4175,3.6402],[125.479,3.6058]],[[119.82,25.471],[119.8373,25.5988],[119.7697,25.6424],[119.6836,25.503],[119.7415,25.411],[119.7758,25.4152],[119.82,25.471]],[[121.3546,25.1316],[121.259,25.1221],[121.05,25.0367],[120.9185,24.8456],[120.9145,24.7709],[120.8534,24.6947],[120.7156,24.5958],[120.6539,24.4631],[120.4945,24.2697],[120.4312,24.0965],[120.3299,23.9882],[120.2646,23.8272],[120.1835,23.8083],[120.1189,23.5151],[120.1567,23.3849],[120.0957,23.2768],[120.0581,23.047],[120.1559,22.9803],[120.2733,22.6904],[120.2519,22.6434],[120.3997,22.4803],[120.5876,22.3697],[120.6428,22.3028],[120.7174,22.0929],[120.688,22.0344],[120.7498,21.9511],[120.8575,21.8965],[120.8457,21.9876],[120.899,22.0332],[120.8943,22.3339],[121.0262,22.6578],[121.2007,22.7947],[121.3114,22.9717],[121.4079,23.1629],[121.5138,23.4833],[121.5493,23.7147],[121.6164,23.9742],[121.6162,24.0613],[121.6715,24.2055],[121.7697,24.3023],[121.7999,24.4316],[121.8749,24.5348],[121.8189,24.7555],[121.8435,24.8799],[121.9259,24.9685],[122.0034,25.002],[121.9453,25.0193],[121.9198,25.1187],[121.7415,25.1573],[121.6175,25.2783],[121.5375,25.3001],[121.4529,25.2508],[121.3546,25.1316]],[[122.0101,18.2872],[121.848,18.2856],[121.6069,18.3714],[121.3478,18.5006],[121.1987,18.6079],[121.1344,18.6278],[120.8972,18.5728],[120.8532,18.6481],[120.7332,18.5291],[120.6213,18.5446],[120.5628,18.4924],[120.5958,18.325],[120.4788,18.0808],[120.4963,17.9922],[120.4455,17.8892],[120.4362,17.7331],[120.3678,17.6823],[120.3442,17.564],[120.4203,17.5157],[120.4608,17.4064],[120.4054,17.2158],[120.4495,17.033],[120.3999,16.8813],[120.3364,16.8386],[120.341,16.7246],[120.3069,16.6386],[120.3243,16.3953],[120.3486,16.2805],[120.4254,16.1681],[120.3248,16.0676],[120.2295,16.0355],[120.1028,16.0624],[120.0722,16.1633],[119.9138,16.2625],[119.9001,16.3928],[119.779,16.309],[119.7597,16.1828],[119.762,15.9317],[119.8542,15.962],[119.9135,15.8363],[119.9334,15.6927],[119.9096,15.6116],[119.9659,15.5115],[119.9053,15.4007],[120.0157,15.2669],[120.0654,15.0167],[120.0561,14.8902],[120.1591,14.738],[120.2701,14.7837],[120.2523,14.6854],[120.3936,14.5862],[120.3888,14.4596],[120.5545,14.4222],[120.6112,14.5089],[120.5473,14.7254],[120.5566,14.8142],[120.6527,14.7681],[120.8398,14.7555],[120.9479,14.6516],[120.989,14.5017],[120.8704,14.4317],[120.7036,14.285],[120.6422,14.2787],[120.5781,14.1304],[120.6242,14.1086],[120.618,13.8883],[120.7094,13.8403],[120.7445,13.9358],[120.9122,13.8762],[120.928,13.7809],[121.0354,13.7656],[121.0783,13.6192],[121.1574,13.6423],[121.2937,13.5999],[121.3968,13.6719],[121.4951,13.8526],[121.6808,13.9229],[121.6985,13.9629],[122.0983,13.785],[122.2177,13.6069],[122.3212,13.5901],[122.4903,13.4058],[122.5031,13.2459],[122.6004,13.1625],[122.7031,13.2242],[122.6505,13.4463],[122.4974,13.6468],[122.5141,13.8024],[122.4507,13.906],[122.5348,13.9648],[122.6792,13.8274],[122.7453,13.8038],[122.8611,13.6908],[122.8192,13.6434],[122.975,13.5215],[123.0433,13.5086],[123.2001,13.419],[123.2383,13.2912],[123.3271,13.1995],[123.2885,13.1472],[123.32,13.0062],[123.4085,13.0455],[123.5257,12.9449],[123.7327,12.8454],[123.8058,12.8659],[123.8836,12.9546],[124.0229,12.9724],[124.0156,12.8759],[123.8357,12.8369],[123.8756,12.6558],[123.9977,12.5415],[124.0714,12.538],[124.1338,12.6624],[124.1577,12.8582],[124.1415,12.9326],[124.1902,13.0663],[124.0655,13.033],[123.9085,13.1373],[123.8025,13.0477],[123.7549,13.1773],[123.816,13.2866],[123.7452,13.3236],[123.675,13.4793],[123.5306,13.5756],[123.5901,13.7293],[123.8019,13.6875],[123.9439,13.7921],[123.7552,13.8693],[123.6015,13.8942],[123.3085,14.0673],[123.229,14.003],[123.2941,13.9267],[123.3234,13.7952],[123.2247,13.7289],[123.1235,13.7267],[123.0477,13.7742],[123.0843,13.9812],[123.0039,14.1133],[122.8437,14.2835],[122.6928,14.3383],[122.6143,14.2912],[122.5198,14.3447],[122.4169,14.3067],[122.2709,14.1222],[122.3065,13.9722],[122.2304,13.8956],[122.1274,13.915],[121.9101,14.0094],[121.735,14.1659],[121.7592,14.2451],[121.676,14.3865],[121.6244,14.5227],[121.6069,14.6636],[121.7035,14.7317],[121.6022,14.827],[121.5676,14.9684],[121.5001,15.0724],[121.4824,15.1797],[121.4219,15.2046],[121.3723,15.3216],[121.4811,15.4267],[121.4932,15.5236],[121.619,15.657],[121.6373,15.7484],[121.5641,15.7686],[121.555,15.8984],[121.7581,16.0767],[121.9349,16.1252],[122.0713,16.1965],[122.0887,16.262],[122.1995,16.2322],[122.2239,16.3552],[122.1996,16.4355],[122.2801,16.5262],[122.4592,16.8738],[122.4666,16.9765],[122.5219,17.0936],[122.4107,17.1719],[122.4382,17.2899],[122.4074,17.3334],[122.256,17.3572],[122.1622,17.6181],[122.1373,17.7937],[122.1876,17.9014],[122.1806,18.1151],[122.2634,18.1691],[122.3378,18.3125],[122.2381,18.5138],[122.1513,18.5089],[122.129,18.3816],[122.0101,18.2872]],[[120.2153,13.7131],[120.2219,13.8219],[120.1001,13.864],[120.1247,13.7681],[120.2153,13.7131]],[[120.3453,13.3836],[120.4622,13.4149],[120.5258,13.2271],[120.6499,13.1914],[120.7609,13.0017],[120.7979,12.7221],[120.837,12.7273],[120.9383,12.5825],[120.9255,12.5057],[121.0683,12.339],[121.0952,12.2814],[121.2451,12.208],[121.2765,12.2846],[121.3947,12.286],[121.3839,12.3615],[121.4423,12.5215],[121.5064,12.5475],[121.5482,12.6315],[121.4803,12.7622],[121.4856,13.0033],[121.5573,13.0898],[121.4423,13.1442],[121.3807,13.2476],[121.2017,13.4299],[121.036,13.4186],[120.9474,13.5107],[120.7628,13.4641],[120.4151,13.531],[120.2991,13.4454],[120.3453,13.3836]],[[122.0943,11.7159],[122.1019,11.6466],[122.052,11.4678],[122.0578,11.3433],[122.0343,11.1997],[122.0538,11.0322],[121.9847,10.9308],[121.9233,10.7636],[121.9783,10.6733],[121.9229,10.5047],[121.9644,10.4136],[122.0614,10.5004],[122.0944,10.5735],[122.2081,10.6386],[122.4794,10.688],[122.58,10.6871],[122.61,10.7734],[122.7348,10.7856],[122.785,10.8581],[122.7867,10.991],[122.9049,11.0207],[123.0095,11.0933],[123.0381,11.1714],[123.1144,11.1615],[123.0942,11.2239],[123.1515,11.3827],[123.1049,11.5483],[122.9868,11.4822],[122.8697,11.5432],[122.8274,11.6102],[122.7143,11.6088],[122.6834,11.5469],[122.59,11.5187],[122.5483,11.5773],[122.4412,11.6034],[122.3739,11.7391],[122.3302,11.7355],[122.1639,11.8258],[122.0975,11.831],[121.999,11.9095],[121.8817,11.8835],[121.918,11.7674],[122.0943,11.7159]],[[122.9567,10.8969],[122.9624,10.7304],[122.9177,10.6098],[122.7955,10.5224],[122.866,10.3586],[122.8414,10.2969],[122.8591,10.0936],[122.7853,10.0706],[122.6938,9.9911],[122.4505,9.976],[122.3775,9.838],[122.381,9.7069],[122.5737,9.4519],[122.6747,9.3797],[122.8171,9.354],[122.9408,9.0759],[123.0188,9.0391],[123.1298,9.0467],[123.2849,9.2099],[123.3076,9.3414],[123.2269,9.4662],[123.1202,9.5557],[123.1609,9.7083],[123.1473,9.8916],[123.2282,10.0049],[123.3266,10.2588],[123.3323,10.3765],[123.3677,10.4507],[123.4443,10.4981],[123.5105,10.708],[123.5679,10.7975],[123.5079,10.926],[123.3162,10.9561],[123.1944,11.0032],[123.0742,10.9148],[122.9567,10.8969]],[[117.5703,8.6754],[117.7424,8.6873],[117.8078,8.7667],[118.0035,8.8803],[118.1027,9.0518],[118.1225,9.1427],[118.3599,9.1906],[118.4891,9.2942],[118.5714,9.4385],[118.7588,9.6644],[118.7738,9.7973],[118.746,9.9121],[118.8426,9.9627],[119.1555,10.0279],[119.2164,10.0741],[119.2288,10.1681],[119.2894,10.2742],[119.3726,10.3454],[119.5697,10.3725],[119.5881,10.4191],[119.7188,10.5167],[119.6643,10.5601],[119.574,10.838],[119.4857,10.8726],[119.4883,10.9612],[119.5522,11.0643],[119.5011,11.1318],[119.5681,11.2908],[119.5105,11.3321],[119.5045,11.4155],[119.417,11.3111],[119.4162,11.0377],[119.3076,11.0088],[119.37,10.8625],[119.2757,10.7647],[119.3433,10.73],[119.3184,10.5908],[119.1269,10.3838],[119.0967,10.4407],[118.98,10.3857],[118.9971,10.323],[118.9401,10.2105],[118.8065,10.1931],[118.7679,10.0736],[118.6516,9.9939],[118.606,9.8707],[118.4337,9.717],[118.3292,9.5816],[118.2125,9.4871],[118.185,9.4106],[118.1158,9.3743],[118.0203,9.2436],[117.9044,9.2606],[117.7888,9.1763],[117.7474,9.0685],[117.6318,9.0488],[117.6215,8.9999],[117.5172,8.9161],[117.41,8.7524],[117.2213,8.5263],[117.1744,8.3407],[117.3773,8.492],[117.5016,8.5012],[117.5703,8.6754]],[[119.9788,12.0087],[120.1195,11.9767],[120.3285,11.9953],[120.3323,12.0872],[120.2475,12.1357],[120.1804,12.1169],[119.925,12.319],[119.8757,12.3205],[119.8675,12.2997],[119.8572,12.2416],[119.9309,12.1363],[119.9788,12.0087]],[[121.8878,6.6569],[121.8507,6.5877],[121.8723,6.5002],[121.984,6.4088],[122.1958,6.4664],[122.2245,6.5904],[122.0669,6.751],[121.9897,6.7342],[121.8878,6.6569]],[[121.205,5.9967],[121.1541,6.0777],[121.0167,6.0869],[120.9205,6.027],[120.8729,5.9523],[120.9404,5.8898],[121.0258,5.9289],[121.0665,5.8819],[121.2317,5.9408],[121.2772,5.8667],[121.4269,5.9648],[121.3159,6.0023],[121.205,5.9967]],[[120.2554,5.2565],[120.2212,5.3263],[120.1715,5.3432],[119.941,5.1885],[119.8378,5.154],[119.8225,5.0643],[119.961,5.0771],[120.0408,5.1813],[120.1151,5.1852],[120.2177,5.1225],[120.2554,5.2565]],[[122.8385,7.2944],[122.9585,7.388],[122.9299,7.4272],[122.8055,7.4297],[122.7875,7.3442],[122.8385,7.2944]],[[117.8808,4.1864],[117.7899,4.2188],[117.6725,4.2622],[117.6372,4.2008],[117.8606,4.0294],[117.9258,4.1278],[117.8808,4.1864]],[[117.7381,4.0297],[117.6685,4.1448],[117.589,4.0797],[117.6024,4.0112],[117.6756,3.9664],[117.7381,4.0297]],[[117.4996,4.0529],[117.4437,4.0057],[117.4937,3.9166],[117.5772,3.97],[117.4996,4.0529]],[[117.5111,3.6823],[117.5917,3.6273],[117.7428,3.6368],[117.7721,3.7359],[117.561,3.7831],[117.5304,3.766],[117.4838,3.765],[117.4863,3.7164],[117.5111,3.6823]],[[117.3692,3.5633],[117.2204,3.5729],[117.2292,3.4969],[117.4879,3.4523],[117.3692,3.5633]],[[117.5932,3.4427],[117.5178,3.4075],[117.5441,3.3236],[117.6547,3.2892],[117.6638,3.4171],[117.5932,3.4427]],[[120.0028,11.6772],[120.0557,11.8042],[120.0231,11.9204],[119.9217,11.9576],[119.8681,11.9034],[119.9288,11.7601],[120.0028,11.6772]],[[119.7263,11.439],[119.7626,11.4015],[119.8696,11.453],[119.8143,11.5199],[119.7263,11.439]],[[119.8689,10.6337],[119.7845,10.5574],[119.774,10.4503],[119.9213,10.4801],[119.993,10.5922],[119.8689,10.6337]],[[122.5095,10.5806],[122.4755,10.477],[122.5094,10.4283],[122.6431,10.4531],[122.725,10.6178],[122.7138,10.7159],[122.6581,10.7544],[122.5095,10.5806]],[[117.3465,8.2124],[117.3041,8.323],[117.2628,8.2156],[117.3465,8.2124]],[[117.0746,8.071],[117.0029,8.0568],[116.9449,7.9308],[117.0185,7.8031],[117.0871,7.9084],[117.0746,8.071]],[[117.2953,7.3263],[117.234,7.3629],[117.0607,7.2923],[117.0525,7.191],[117.0969,7.1383],[117.283,7.2324],[117.2953,7.3263]],[[117.0172,7.2728],[116.9816,7.3192],[116.8871,7.2888],[116.8681,7.1975],[117.0172,7.2728]],[[117.4813,6.7306],[117.3903,6.7419],[117.3453,6.6368],[117.3988,6.6187],[117.5103,6.6692],[117.4813,6.7306]],[[118.352,5.7064],[118.3999,5.7148],[118.4148,5.7059],[118.4256,5.7133],[118.4331,5.7048],[118.5269,5.6342],[118.5587,5.6899],[118.3553,5.8248],[118.3545,5.7974],[118.3506,5.7797],[118.342,5.7703],[118.3502,5.7434],[118.352,5.7064]],[[113.1059,22.203],[113.1036,22.0911],[113.1921,21.9586],[113.2537,22.1015],[113.3136,22.1888],[113.2105,22.3395],[113.1603,22.235],[113.1059,22.203]],[[113.5488,22.4327],[113.5859,22.5014],[113.4851,22.5723],[113.3012,22.6317],[113.2203,22.7152],[113.1586,22.6762],[113.1887,22.5424],[113.2477,22.4666],[113.2677,22.3921],[113.4645,22.1545],[113.5581,22.1902],[113.6163,22.3502],[113.5488,22.4327]],[[112.9455,23.0122],[112.8878,23.1481],[112.7959,23.1189],[112.9195,22.8642],[113.0734,22.8023],[113.3208,22.8048],[113.2539,22.8975],[113.1055,22.8804],[113.0058,22.9326],[112.9455,23.0122]],[[113.4795,22.9122],[113.5134,22.9971],[113.4553,23.0739],[113.4058,23.0353],[113.2716,23.0334],[113.245,22.977],[113.3271,22.8893],[113.4795,22.9122]],[[113.4266,22.8366],[113.5639,22.8226],[113.4646,22.9065],[113.4266,22.8366]],[[113.5712,22.5868],[113.4532,22.719],[113.384,22.65],[113.4795,22.5754],[113.5712,22.5868]],[[113.8968,22.2916],[113.9362,22.2283],[114.0215,22.2658],[114.0579,22.3352],[113.8968,22.2916]],[[113.3693,22.1232],[113.3183,22.1614],[113.2585,22.0975],[113.3058,22.004],[113.4109,22.064],[113.3693,22.1232]],[[106.3892,20.3426],[106.3552,20.3522],[106.3423,20.3745],[106.3063,20.3485],[106.3205,20.3445],[106.312,20.3291],[106.3132,20.2988],[106.3291,20.2873],[106.3194,20.2633],[106.2823,20.2364],[106.2755,20.2375],[106.2625,20.2502],[106.1915,20.2015],[106.1792,20.1405],[106.2107,20.0775],[106.209,20.0135],[106.358,20.1745],[106.4282,20.2066],[106.5313,20.2237],[106.5277,20.3153],[106.4669,20.2872],[106.443,20.2913],[106.3892,20.3426]],[[110.1585,20.061],[110.1071,19.9894],[110.0019,19.9298],[109.9414,19.993],[109.7591,19.9653],[109.7097,20.0098],[109.5787,19.9789],[109.519,19.9084],[109.406,19.8633],[109.2663,19.9014],[109.1611,19.7876],[109.1812,19.6535],[109.008,19.583],[108.8719,19.4589],[108.6343,19.2906],[108.676,19.1882],[108.6179,19.0994],[108.6591,18.9365],[108.6232,18.8409],[108.6966,18.7324],[108.6944,18.5002],[108.8341,18.4626],[108.9916,18.357],[109.1059,18.362],[109.1547,18.2942],[109.2898,18.3052],[109.471,18.2764],[109.571,18.2082],[109.6745,18.2371],[109.7626,18.3899],[109.9084,18.4157],[110.0513,18.3873],[110.0985,18.5252],[110.2831,18.6693],[110.4284,18.6843],[110.4695,18.7731],[110.5317,18.7948],[110.513,18.9682],[110.5677,19.0467],[110.5854,19.1587],[110.732,19.4099],[110.9823,19.6428],[110.9953,19.8243],[110.9332,20.0124],[110.8569,19.9914],[110.7253,20.0642],[110.688,20.1624],[110.5748,20.0952],[110.505,20.019],[110.372,20.0848],[110.2706,20.0251],[110.1585,20.061]],[[121.3903,19.2994],[121.5033,19.2514],[121.5006,19.3703],[121.4043,19.3925],[121.3903,19.2994]],[[121.9158,19.0044],[121.8662,18.9727],[121.8257,18.8595],[121.8772,18.8256],[121.989,18.944],[121.9158,19.0044]],[[106.5771,20.3644],[106.5995,20.4298],[106.408,20.4816],[106.3808,20.4881],[106.3581,20.4487],[106.3325,20.483],[106.3373,20.5056],[106.2916,20.4975],[106.2602,20.5008],[106.2369,20.5158],[106.2173,20.5112],[106.1944,20.5205],[106.182,20.5179],[106.1809,20.4969],[106.1823,20.4898],[106.2254,20.4734],[106.2269,20.4591],[106.2118,20.4271],[106.2429,20.4063],[106.2773,20.4054],[106.2853,20.3799],[106.2543,20.353],[106.2828,20.3334],[106.3204,20.3619],[106.3401,20.3788],[106.3598,20.3513],[106.3972,20.3415],[106.4616,20.2903],[106.5771,20.3644]],[[107.104,20.8066],[107.0372,20.8605],[106.905,20.8267],[107.0173,20.7263],[107.104,20.8066]],[[107.5648,21.1601],[107.4599,21.2756],[107.3829,21.0939],[107.381,21.0433],[107.5648,21.1601]],[[107.8807,16.3823],[107.6625,16.5537],[107.8505,16.3532],[107.8807,16.3823]],[[106.9407,10.52],[106.8741,10.5202],[106.8625,10.4298],[106.9203,10.3859],[106.9407,10.52]],[[106.6111,10.1785],[106.7403,10.0489],[106.7907,10.1523],[106.6838,10.2169],[106.6111,10.1785]],[[106.2339,10.2468],[106.3193,10.2518],[106.4803,10.0401],[106.6494,9.9761],[106.6782,10.0402],[106.6127,10.1734],[106.4392,10.2621],[106.4045,10.3275],[106.2035,10.3088],[106.2339,10.2468]],[[106.2987,10.0547],[106.5059,9.9079],[106.5997,9.8108],[106.6897,9.878],[106.6003,9.9574],[106.484,10.0144],[106.3934,10.1134],[106.3277,10.2382],[106.1482,10.2241],[106.2987,10.0547]],[[105.7954,10.2741],[105.6846,10.4037],[105.5472,10.437],[105.4826,10.5273],[105.3702,10.5725],[105.3894,10.4525],[105.4537,10.4404],[105.475,10.3515],[105.602,10.2429],[105.6637,10.151],[105.7905,10.0677],[105.8388,10.0009],[105.9726,9.9182],[106.0786,9.7813],[106.2853,9.6114],[106.3965,9.6317],[106.5237,9.6366],[106.5704,9.7358],[106.5119,9.8105],[106.3448,9.9858],[106.2117,10.0991],[106.1003,10.2364],[105.9253,10.2756],[105.7954,10.2741]],[[106.5042,9.5591],[106.567,9.6906],[106.5141,9.6193],[106.3995,9.6313],[106.2867,9.6086],[106.3768,9.5291],[106.5042,9.5591]],[[105.2767,11.2515],[105.2438,11.3326],[105.2538,11.3872],[105.1573,11.468],[105.0772,11.5239],[104.9476,11.5509],[104.9326,11.5336],[104.9727,11.4641],[105.0427,11.4629],[105.054,11.4258],[105.006,11.3876],[105.0594,11.3052],[105.0702,11.1825],[105.0625,10.9692],[105.1261,10.7125],[105.203,10.6897],[105.2179,10.6574],[105.2197,10.6065],[105.2749,10.5575],[105.3612,10.5699],[105.3349,10.6714],[105.1887,10.8548],[105.1789,10.9556],[105.1905,11.0908],[105.2767,11.2515]],[[115.2598,5.2764],[115.2513,5.3928],[115.1717,5.2931],[115.2598,5.2764]],[[108.0898,3.6807],[108.1532,3.6326],[108.2971,3.6577],[108.3045,3.7177],[108.39,3.801],[108.4021,3.9572],[108.1768,4.1738],[108.0743,4.0683],[107.9742,4.0148],[108.0173,3.8835],[108.1189,3.7449],[108.0898,3.6807]],[[108.8742,2.8808],[108.8632,3.011],[108.7759,2.893],[108.8742,2.8808]],[[111.5074,2.498],[111.54,2.4435],[111.5796,2.4664],[111.5862,2.4518],[111.6046,2.4507],[111.5935,2.4337],[111.6017,2.4247],[111.6006,2.4091],[111.6109,2.3899],[111.615,2.3611],[111.6964,2.2938],[111.7467,2.2736],[111.7649,2.2489],[111.7814,2.261],[111.7946,2.2382],[111.8169,2.2895],[111.8174,2.3328],[111.7826,2.3821],[111.8246,2.4201],[111.8559,2.4344],[111.8374,2.4608],[111.8521,2.496],[111.8354,2.5863],[111.8224,2.6073],[111.8137,2.6467],[111.8187,2.6675],[111.8584,2.6827],[111.7783,2.7953],[111.6307,2.8456],[111.6147,2.807],[111.4317,2.6999],[111.3958,2.535],[111.4697,2.4864],[111.5074,2.498]],[[111.6679,2.2898],[111.4933,2.3448],[111.4596,2.2705],[111.5337,2.1965],[111.6339,2.1735],[111.6679,2.2898]],[[111.223,2.2348],[111.1584,2.1592],[111.3271,2.1183],[111.3702,2.1862],[111.223,2.2348]],[[111.1905,2.2337],[111.3027,2.3087],[111.3289,2.3843],[111.2248,2.4243],[111.1837,2.3645],[111.1905,2.2337]],[[111.3825,2.7361],[111.3147,2.7939],[111.2806,2.7075],[111.2908,2.5989],[111.3019,2.4309],[111.345,2.3697],[111.4222,2.3833],[111.3786,2.4875],[111.3825,2.7361]],[[104.2131,2.7195],[104.1865,2.877],[104.1173,2.7836],[104.1664,2.715],[104.2131,2.7195]],[[105.695,2.8977],[105.726,2.8166],[105.8194,2.8851],[105.8328,2.9928],[105.713,2.9831],[105.695,2.8977]],[[111.5998,2.404],[111.5989,2.4251],[111.5518,2.4353],[111.4734,2.4733],[111.4087,2.4642],[111.4941,2.3488],[111.557,2.3578],[111.6011,2.3294],[111.5926,2.3853],[111.5998,2.404]],[[111.324,2.3065],[111.3948,2.2423],[111.4632,2.3033],[111.4453,2.3731],[111.324,2.3065]],[[104.8475,-0.322],[104.8964,-0.2303],[104.7513,-0.1889],[104.6361,-0.0335],[104.5533,0.0267],[104.5045,-0.1301],[104.4293,-0.2363],[104.5205,-0.2755],[104.7033,-0.2048],[104.8475,-0.322]],[[104.5081,-0.5952],[104.5753,-0.4483],[104.4842,-0.3401],[104.3603,-0.4067],[104.2772,-0.3957],[104.2443,-0.4864],[104.3965,-0.6028],[104.5081,-0.5952]],[[109.2956,-0.8988],[109.4045,-0.9338],[109.4288,-0.8563],[109.551,-0.8851],[109.6089,-0.9641],[109.7204,-0.9743],[109.7459,-0.8997],[109.571,-0.7673],[109.4668,-0.7547],[109.3917,-0.7068],[109.2454,-0.6657],[109.2376,-0.802],[109.2956,-0.8988]],[[109.78,-1.1451],[109.7579,-1.0045],[109.6917,-1.0138],[109.4879,-0.9735],[109.4085,-1.2422],[109.4251,-1.2913],[109.5408,-1.275],[109.78,-1.1451]],[[103.9086,-1.1421],[103.9276,-1.1494],[103.9557,-1.1835],[104.0153,-1.2011],[104.0347,-1.1967],[104.0347,-1.219],[104.0428,-1.2154],[104.0501,-1.2177],[104.0571,-1.226],[104.0748,-1.2203],[104.1807,-1.1666],[104.2002,-1.0749],[104.0479,-1.0086],[103.9109,-0.9812],[103.8355,-1.0103],[103.8128,-1.0626],[103.8596,-1.1447],[103.9086,-1.1421]],[[103.4249,-0.5212],[103.5404,-0.5058],[103.599,-0.4421],[103.5113,-0.3695],[103.3986,-0.3796],[103.4249,-0.5212]],[[103.3704,-0.36],[103.4343,-0.3579],[103.5157,-0.2197],[103.4483,-0.2149],[103.2331,-0.2786],[103.3704,-0.36]],[[103.7053,-0.2539],[103.5436,-0.2172],[103.478,-0.2914],[103.5168,-0.3579],[103.6043,-0.3958],[103.7856,-0.338],[103.7053,-0.2539]],[[103.2983,0.5473],[103.2785,0.6575],[103.1989,0.7025],[103.1479,0.661],[103.1623,0.5024],[103.2983,0.5473]],[[103.3756,0.7031],[103.4583,0.6382],[103.5125,0.7557],[103.4119,0.8453],[103.3433,0.8005],[103.3756,0.7031]],[[103.3111,1.0873],[103.392,0.9934],[103.3768,1.1374],[103.3111,1.0873]],[[104.2658,0.8593],[104.1653,0.9048],[104.1674,0.7873],[104.2658,0.8593]],[[104.5068,-1.9666],[104.5638,-1.9975],[104.6427,-1.9189],[104.5396,-1.8638],[104.5068,-1.9666]],[[104.9645,-2.6356],[104.9823,-2.5378],[105.0023,-2.5081],[105.0283,-2.4239],[105.0236,-2.3929],[105.0376,-2.3522],[104.9351,-2.336],[104.956,-2.607],[104.9402,-2.6367],[104.9506,-2.6996],[104.972,-2.6962],[104.9645,-2.6356]],[[104.7797,-2.5739],[104.7762,-2.5864],[104.798,-2.609],[104.8041,-2.6624],[104.7973,-2.6724],[104.7753,-2.6763],[104.7626,-2.7329],[104.8055,-2.7188],[104.8202,-2.7204],[104.8294,-2.7324],[104.8562,-2.7491],[104.9034,-2.7647],[104.9398,-2.6675],[104.9323,-2.4349],[104.8249,-2.4722],[104.8132,-2.5177],[104.7945,-2.5458],[104.7797,-2.5739]],[[108.8202,-1.5906],[108.8662,-1.6779],[108.9827,-1.6017],[108.8921,-1.5483],[108.8202,-1.5906]],[[110.4605,1.591],[110.5019,1.7499],[110.3516,1.6452],[110.4605,1.591]],[[126.0913,34.4166],[126.1733,34.3524],[126.3208,34.4052],[126.3825,34.5024],[126.2439,34.588],[126.2502,34.561],[126.0913,34.4166]],[[126.2911,33.1945],[126.3156,33.2359],[126.4716,33.2242],[126.8302,33.3055],[126.9247,33.4519],[126.8931,33.528],[126.7746,33.5656],[126.3234,33.4666],[126.1609,33.3336],[126.1609,33.29],[126.1632,33.2842],[126.2911,33.1945]],[[126.3942,37.8212],[126.3502,37.7899],[126.4076,37.5942],[126.5344,37.6137],[126.506,37.7838],[126.437,37.8292],[126.3942,37.8212]],[[126.3147,36.5773],[126.3329,36.4427],[126.4325,36.4373],[126.3147,36.5773]],[[125.2612,24.7356],[125.4431,24.7272],[125.455,24.7359],[125.2774,24.8383],[125.2612,24.7356]],[[128.0361,26.5473],[128.1385,26.553],[128.1462,26.6228],[128.2349,26.6298],[128.3276,26.7503],[128.2227,26.7886],[128.054,26.6352],[127.9964,26.6915],[127.9033,26.6993],[127.8946,26.6062],[127.9453,26.5362],[127.8508,26.5052],[127.7133,26.4107],[127.7595,26.3083],[127.6369,26.1987],[127.679,26.0743],[127.791,26.1339],[127.8171,26.3045],[128.0361,26.5473]],[[131.0549,30.6041],[131.0821,30.7786],[131.0235,30.8046],[130.9388,30.6698],[130.9532,30.5927],[130.874,30.4686],[130.8663,30.354],[130.9602,30.3731],[130.9846,30.5249],[131.0549,30.6041]],[[131.2023,31.4546],[131.245,31.3862],[131.3657,31.4202],[131.373,31.5175],[131.4557,31.6232],[131.4808,31.7867],[131.4583,31.9116],[131.594,32.3106],[131.6294,32.3475],[131.6808,32.542],[131.7927,32.6773],[131.9764,32.8084],[132.017,32.9304],[131.9015,33.0099],[131.9526,33.0656],[131.8146,33.1225],[131.9026,33.2675],[131.7944,33.2417],[131.6836,33.2798],[131.5147,33.2662],[131.7288,33.4655],[131.7396,33.5626],[131.6935,33.6393],[131.5872,33.6899],[131.4249,33.5931],[131.2903,33.5787],[131.0993,33.6193],[131.0016,33.7573],[131.0084,33.9344],[130.9212,33.8977],[130.8369,33.9253],[130.6886,33.9342],[130.6346,33.8844],[130.5296,33.8872],[130.3752,33.6721],[130.3958,33.6098],[130.2804,33.5801],[130.2077,33.6479],[130.154,33.5376],[129.967,33.4554],[129.9562,33.5239],[129.856,33.5325],[129.7891,33.4419],[129.8654,33.3758],[129.7057,33.3464],[129.577,33.3804],[129.5524,33.2293],[129.6817,33.145],[129.7418,33.0615],[129.874,33.0649],[129.9456,33.0147],[129.9035,32.8775],[129.8283,32.8478],[129.8222,32.9831],[129.6774,33.0998],[129.6263,32.9776],[129.6841,32.8527],[129.7758,32.7975],[129.8438,32.6975],[129.7378,32.583],[129.8052,32.5907],[129.9566,32.7433],[130.0852,32.7946],[130.1776,32.7943],[130.1991,32.7183],[130.1288,32.6407],[130.1776,32.5918],[130.3489,32.6742],[130.3825,32.7794],[130.3394,32.8579],[130.1262,32.8711],[130.2199,32.977],[130.1454,33.0729],[130.2231,33.1656],[130.3549,33.1691],[130.4197,33.0671],[130.446,32.9104],[130.5804,32.8414],[130.6081,32.7134],[130.5645,32.5413],[130.5726,32.4407],[130.4869,32.363],[130.4153,32.2331],[130.3105,32.1106],[130.1822,32.1111],[130.222,31.8968],[130.1668,31.7945],[130.3289,31.6312],[130.329,31.5311],[130.2259,31.3995],[130.2273,31.2511],[130.4599,31.2513],[130.5059,31.1781],[130.6401,31.1893],[130.659,31.2716],[130.567,31.3189],[130.5138,31.4584],[130.6665,31.7297],[130.8228,31.661],[130.6991,31.4625],[130.8031,31.3291],[130.7168,31.0453],[130.979,31.1514],[131.0173,31.2273],[131.1322,31.2806],[131.0163,31.3599],[131.1058,31.476],[131.2023,31.4546]],[[132.4214,33.3031],[132.5242,33.2531],[132.4724,33.1207],[132.5126,32.9497],[132.6689,32.8645],[132.7218,32.7928],[132.8159,32.7529],[132.9657,32.7991],[132.9926,32.9516],[133.0951,33.0352],[133.2568,33.2256],[133.2631,33.3689],[133.5886,33.5087],[133.7472,33.5365],[133.9336,33.4877],[133.9591,33.4421],[134.1856,33.2585],[134.2102,33.3952],[134.3697,33.6336],[134.5121,33.6985],[134.6206,33.7864],[134.703,33.9141],[134.5884,34.0295],[134.6414,34.1805],[134.5599,34.2219],[134.4364,34.2072],[134.3073,34.2773],[134.257,34.3463],[134.0391,34.3526],[133.9314,34.389],[133.7628,34.2983],[133.6489,34.1862],[133.6235,34.0492],[133.5005,33.9692],[133.3952,33.9915],[133.0995,33.9411],[132.9786,34.1159],[132.7711,33.996],[132.6905,33.8358],[132.6586,33.7025],[132.5077,33.6301],[132.4228,33.5479],[132.1233,33.4205],[132.0158,33.3426],[132.1247,33.3655],[132.3053,33.4736],[132.4214,33.3031]],[[135.0259,34.576],[134.9746,34.5965],[134.798,34.4496],[134.7287,34.3299],[134.6592,34.2747],[134.7301,34.1888],[134.9519,34.2666],[134.9015,34.4183],[135.0259,34.576]],[[135.0646,33.8918],[135.394,33.7146],[135.3432,33.6588],[135.3938,33.5886],[135.5142,33.5247],[135.7227,33.4777],[135.842,33.5131],[135.9284,33.5767],[136.1001,33.8858],[136.2723,33.9717],[136.2054,34.0695],[136.2956,34.1714],[136.5119,34.2706],[136.6038,34.2577],[136.7249,34.3038],[136.7683,34.2608],[136.8979,34.2791],[136.8771,34.3711],[136.9257,34.4128],[136.8376,34.5074],[136.7784,34.5084],[136.5596,34.61],[136.5334,34.7509],[136.6477,34.9074],[136.6564,34.9983],[136.7971,35.0513],[136.8668,35.0394],[136.8214,34.8845],[137.0419,34.7752],[137.2251,34.8178],[137.3224,34.7712],[137.1194,34.6348],[137.1522,34.5923],[137.3165,34.6418],[137.5852,34.6799],[137.8039,34.646],[138.0151,34.6592],[138.1915,34.6011],[138.2374,34.7359],[138.3335,34.8214],[138.3557,34.9131],[138.5217,34.9892],[138.5763,35.1107],[138.7147,35.1361],[138.8146,35.1133],[138.7562,34.8847],[138.7753,34.7676],[138.7398,34.7254],[138.8426,34.6005],[138.973,34.6763],[138.9966,34.7423],[139.1398,34.8942],[139.0829,35.0003],[139.0768,35.0979],[139.1853,35.2606],[139.3276,35.3125],[139.4412,35.3194],[139.5733,35.2875],[139.6196,35.1721],[139.7248,35.2117],[139.636,35.3903],[139.6373,35.4603],[139.7647,35.5117],[139.764,35.6558],[139.8971,35.617],[139.9633,35.682],[140.083,35.5967],[140.0073,35.4793],[139.8967,35.4234],[139.813,35.3066],[139.8584,34.997],[139.8233,34.9106],[139.9416,34.9168],[139.9964,35.0273],[140.1108,35.1088],[140.2856,35.1339],[140.4061,35.2379],[140.3914,35.357],[140.4229,35.4884],[140.4997,35.5819],[140.6491,35.6857],[140.8386,35.7411],[140.6731,35.9661],[140.583,36.1486],[140.5581,36.272],[140.6217,36.3623],[140.6115,36.4775],[140.8057,36.9033],[140.9498,36.9567],[140.9994,37.1106],[141.0392,37.3633],[141.0117,37.7396],[140.9638,37.7898],[140.9162,37.9564],[140.9574,38.1779],[141.0374,38.3387],[141.2676,38.419],[141.4325,38.3946],[141.4945,38.4547],[141.5302,38.7167],[141.5211,38.788],[141.663,38.8816],[141.7149,38.9852],[141.8832,39.0887],[141.8869,39.2692],[141.9698,39.3126],[141.9551,39.474],[142.071,39.5417],[141.9857,39.6882],[141.9542,39.9859],[141.8332,40.0754],[141.8597,40.1648],[141.771,40.3462],[141.6831,40.4512],[141.4855,40.5621],[141.3792,40.8449],[141.3887,41.1514],[141.4621,41.4311],[141.2906,41.3508],[141.1076,41.4635],[140.9766,41.4969],[140.8385,41.4195],[140.7638,41.1457],[141.0582,41.183],[141.1596,41.2774],[141.2784,41.1596],[141.1776,40.9039],[141.1039,40.8723],[140.9397,40.9955],[140.7991,40.8376],[140.6787,40.8844],[140.6318,41.0994],[140.6434,41.1742],[140.5273,41.2207],[140.4632,41.1827],[140.3471,41.2584],[140.332,41.0499],[140.2675,40.8255],[140.1289,40.7428],[140.0562,40.7697],[139.9232,40.6449],[139.9363,40.4275],[140.0254,40.3204],[139.9688,40.1169],[139.8656,39.9833],[139.6941,39.9789],[139.7539,39.8568],[139.9593,39.9065],[139.9237,39.9532],[139.9219,39.9604],[139.9247,39.9653],[139.9314,39.9876],[139.9432,40.0047],[139.9355,40.0104],[139.9289,40.023],[139.9826,40.0933],[140.0552,40.0696],[140.0737,40.0395],[140.0721,39.9879],[140.0437,39.9354],[140.0166,39.9098],[140.0585,39.7259],[140.0449,39.4976],[139.9997,39.347],[139.9187,39.2804],[139.9046,39.178],[139.7663,38.8087],[139.5946,38.6466],[139.4549,38.3888],[139.4463,38.2287],[139.3487,38.0803],[139.2029,37.9836],[139.0928,37.958],[138.8189,37.793],[138.7525,37.6133],[138.6547,37.5209],[138.5542,37.3782],[138.4368,37.3218],[138.2492,37.1828],[138.1022,37.1738],[137.9132,37.0611],[137.4257,36.9246],[137.3927,36.8075],[137.3341,36.7627],[137.1894,36.7567],[137.0683,36.7928],[136.984,36.8685],[137.0572,36.967],[136.8674,37.1112],[136.9367,37.2292],[137.0114,37.1835],[137.0984,37.2784],[137.2221,37.2963],[137.2788,37.4406],[137.2635,37.5312],[137.1116,37.4874],[136.9244,37.3956],[136.7561,37.3637],[136.6701,37.1471],[136.7688,37.0007],[136.7682,36.9026],[136.6635,36.6916],[136.4454,36.4477],[136.1674,36.2501],[135.9642,35.9955],[135.9996,35.8818],[136.1002,35.7777],[136.0229,35.7445],[135.9668,35.6217],[135.7345,35.4928],[135.5333,35.4892],[135.4518,35.5682],[135.3107,35.5123],[135.2146,35.5979],[135.3058,35.6989],[135.2311,35.7725],[135.0865,35.7394],[134.9204,35.6452],[134.6416,35.6501],[134.5396,35.6707],[134.3032,35.5926],[134.2253,35.5444],[133.8061,35.5006],[133.5897,35.5318],[133.4016,35.4529],[133.1521,35.5345],[133.0697,35.5839],[132.9726,35.5165],[132.8309,35.5042],[132.6962,35.45],[132.6301,35.2885],[132.4184,35.1864],[132.3109,35.0574],[132.1064,34.9455],[131.8293,34.6995],[131.6034,34.6617],[131.5547,34.5791],[131.3958,34.4187],[131.3072,34.3832],[131.0742,34.4248],[130.9017,34.3537],[130.8673,34.2894],[130.9285,34.1738],[130.8614,34.1051],[130.9035,34.0271],[131.0943,34.0365],[131.1846,33.9388],[131.2694,33.9228],[131.3944,34.0332],[131.5401,33.9973],[131.5901,34.0328],[131.7891,34.0542],[132.0262,33.9015],[132.1308,33.8833],[132.2211,34.0476],[132.2315,34.2549],[132.3203,34.3388],[132.4915,34.338],[132.544,34.2098],[132.643,34.2011],[132.7543,34.2385],[132.797,34.3056],[133.0795,34.3455],[133.2699,34.4327],[133.3847,34.4172],[133.5936,34.4894],[133.9426,34.4553],[134.0452,34.5994],[134.0862,34.5803],[134.2983,34.7361],[134.4145,34.7292],[134.5275,34.7825],[134.7453,34.7689],[134.8403,34.6963],[135.0517,34.6245],[135.3392,34.7221],[135.4179,34.6865],[135.4184,34.5192],[135.224,34.348],[135.1024,34.32],[135.0636,34.2618],[135.1866,34.1556],[135.1168,34.12],[135.0646,33.8918]],[[139.3676,34.7967],[139.4131,34.6808],[139.4494,34.7407],[139.3676,34.7967]],[[145.8306,15.2734],[145.7152,15.2169],[145.793,15.1497],[145.8306,15.2734]],[[144.6396,13.4206],[144.6474,13.3586],[144.6615,13.2714],[144.7325,13.2525],[144.8078,13.427],[144.9238,13.5194],[144.9053,13.6077],[144.8371,13.5962],[144.7654,13.4793],[144.6396,13.4206]],[[138.1897,9.5353],[138.2041,9.5849],[138.1454,9.6491],[138.0492,9.4953],[138.1897,9.5353]],[[134.481,7.4287],[134.5855,7.393],[134.6372,7.5462],[134.6467,7.6296],[134.5345,7.5922],[134.481,7.4287]],[[128.4112,2.528],[128.2958,2.441],[128.2831,2.3701],[128.1969,2.2813],[128.2445,2.2497],[128.2555,2.0907],[128.2874,2.0292],[128.5074,2.0592],[128.6252,2.218],[128.6905,2.487],[128.6865,2.5027],[128.5664,2.6453],[128.46,2.5962],[128.4112,2.528]],[[127.8893,-1.6828],[128.0222,-1.7278],[128.1577,-1.681],[128.1601,-1.6064],[128.0854,-1.582],[127.9357,-1.4487],[127.8458,-1.4383],[127.7582,-1.3522],[127.643,-1.3308],[127.5124,-1.4175],[127.4362,-1.4374],[127.3928,-1.6156],[127.4132,-1.6643],[127.5024,-1.7257],[127.644,-1.7302],[127.7055,-1.6898],[127.8893,-1.6828]],[[129.7303,-1.199],[129.8211,-1.2406],[129.9347,-1.2134],[129.8503,-1.1569],[129.7303,-1.199]],[[131.7351,-1.5043],[131.7136,-1.4285],[131.5934,-1.4647],[131.6189,-1.5238],[131.7351,-1.5043]],[[129.7599,-1.9113],[129.8785,-1.9827],[130.1087,-2.034],[130.2724,-2.0491],[130.3376,-1.9836],[130.4081,-2.0308],[130.4441,-1.9541],[130.4223,-1.7791],[130.3395,-1.673],[130.2529,-1.7047],[130.062,-1.7238],[129.978,-1.7701],[129.7381,-1.8568],[129.7599,-1.9113]],[[127.8874,0.0109],[127.9245,0.111],[127.9181,0.275],[127.8718,0.3095],[127.9682,0.4818],[128.0417,0.4782],[128.2804,0.3966],[128.473,0.3913],[128.5598,0.3179],[128.6772,0.3373],[128.6791,0.5498],[128.5585,0.5677],[128.4355,0.6322],[128.3124,0.661],[128.2053,0.8068],[128.2801,0.8659],[128.5088,0.9726],[128.6954,1.0758],[128.6909,1.1975],[128.7456,1.3777],[128.6808,1.4893],[128.6691,1.5903],[128.4676,1.5504],[128.2975,1.4328],[128.1919,1.3892],[128.089,1.246],[128.1796,1.2423],[128.1716,1.1296],[127.9813,1.0873],[127.9254,0.9657],[127.933,0.8821],[127.8402,0.8045],[127.7551,0.8077],[127.6642,0.8838],[127.6267,0.9724],[127.6557,1.027],[127.7634,1.0779],[127.8266,1.1477],[127.9035,1.1499],[127.9747,1.2788],[128.0371,1.5836],[128.022,1.6896],[127.939,1.8053],[127.8474,1.8204],[127.8515,1.9251],[127.9518,1.9911],[128.0683,2.1975],[127.9777,2.2076],[127.838,2.0919],[127.7049,1.9438],[127.6121,1.7826],[127.4844,1.3551],[127.4071,1.2337],[127.5115,0.9528],[127.4921,0.8924],[127.6311,0.8507],[127.5477,0.7302],[127.527,0.5531],[127.5784,0.4149],[127.7341,0.3112],[127.6917,0.1461],[127.7218,0.0732],[127.6986,-0.1017],[127.661,-0.2092],[127.6878,-0.2705],[127.8814,-0.3898],[127.997,-0.659],[128.0653,-0.7179],[128.245,-0.7871],[128.2294,-0.8455],[128.4567,-0.9104],[128.2225,-0.7078],[128.0501,-0.4182],[127.978,-0.2485],[127.9472,-0.1137],[127.8874,0.0109]],[[126.7472,4.5465],[126.6814,4.3328],[126.772,4.2515],[126.6926,3.9992],[126.8022,4.043],[126.8073,4.1656],[126.9109,4.2688],[126.8606,4.3513],[126.8555,4.486],[126.7472,4.5465]],[[126.813,3.7376],[126.8032,3.8342],[126.7418,3.8368],[126.813,3.7376]],[[127.23,-0.2521],[127.1475,-0.259],[127.1171,-0.3816],[127.1232,-0.5091],[127.2635,-0.492],[127.2589,-0.274],[127.23,-0.2521]],[[127.442,-0.7371],[127.4749,-0.8238],[127.6514,-0.7486],[127.6872,-0.8419],[127.7703,-0.8681],[127.9032,-0.7717],[127.8012,-0.6797],[127.6571,-0.6949],[127.6009,-0.5771],[127.6924,-0.4566],[127.5381,-0.3118],[127.4268,-0.4058],[127.3696,-0.3156],[127.2951,-0.4368],[127.3598,-0.5787],[127.4782,-0.6587],[127.442,-0.7371]],[[127.304,-0.6833],[127.2508,-0.6027],[127.167,-0.7192],[127.2006,-0.779],[127.2973,-0.799],[127.304,-0.6833]],[[122.0359,14.7198],[122.0205,14.9218],[122.0205,15.0297],[121.9519,15.0578],[121.8146,14.9881],[121.9117,14.7945],[121.9382,14.6262],[122.0359,14.7198]],[[124.4148,13.8665],[124.3177,13.9092],[124.2052,14.0994],[124.1395,14.0152],[124.1357,13.7951],[124.0693,13.6037],[124.2144,13.5649],[124.4149,13.6634],[124.4148,13.8665]],[[124.3231,12.4226],[124.3381,12.3155],[124.3899,12.1959],[124.5397,12.0572],[124.6848,12.0096],[124.7885,11.9033],[124.9085,11.74],[125.0127,11.7772],[124.9475,11.5719],[124.8818,11.577],[124.822,11.51],[124.985,11.4239],[125.0006,11.2693],[125.151,11.2751],[125.1943,11.1833],[125.2655,11.1361],[125.4014,11.0996],[125.5789,11.109],[125.5468,11.2591],[125.6327,11.3372],[125.5235,11.4527],[125.4384,11.6133],[125.4862,11.6812],[125.4204,11.894],[125.5038,12.0636],[125.4417,12.1374],[125.5152,12.1912],[125.4526,12.2593],[125.3326,12.3047],[125.2701,12.4788],[125.1421,12.5833],[125.026,12.5317],[124.8919,12.5669],[124.8689,12.5342],[124.636,12.5073],[124.2609,12.549],[124.3231,12.4226]],[[124.5842,11.3053],[124.5369,11.4249],[124.4556,11.4145],[124.3263,11.5561],[124.2897,11.494],[124.34,11.3212],[124.4021,11.2409],[124.4025,11.1206],[124.37,11.0664],[124.4377,10.9142],[124.517,10.8675],[124.5373,10.9728],[124.5939,11.0139],[124.6815,10.9405],[124.7826,10.7757],[124.8038,10.6619],[124.7664,10.5374],[124.7207,10.4879],[124.7334,10.3751],[124.7899,10.3223],[124.7575,10.1563],[124.8828,10.1241],[124.9834,10.0348],[125.0238,10.0878],[124.9775,10.2147],[125.0406,10.3094],[125.1172,10.1815],[125.1357,10.0615],[125.2801,9.995],[125.2111,10.1288],[125.1399,10.1734],[125.1259,10.2607],[125.2494,10.2547],[125.2396,10.3948],[125.1793,10.4291],[125.1866,10.5914],[125.0144,10.7465],[125.0034,10.8435],[125.0346,10.9335],[125.039,11.0688],[124.9772,11.2534],[124.9784,11.3891],[124.8211,11.4249],[124.7022,11.3052],[124.5842,11.3053]],[[125.6746,9.9161],[125.6933,10.0793],[125.6611,10.1199],[125.6474,10.3072],[125.6811,10.3919],[125.6324,10.4632],[125.6045,10.3796],[125.5154,10.3231],[125.4969,10.0784],[125.5724,10.0656],[125.5761,9.9798],[125.6746,9.9161]],[[125.9501,9.847],[126.0183,9.7523],[126.1144,9.748],[126.1159,9.9182],[126.0303,10.0203],[125.9501,9.847]],[[124.0431,9.9884],[123.8387,9.8819],[123.7843,9.7926],[123.8626,9.7035],[123.8546,9.6375],[124.0858,9.5873],[124.2839,9.6044],[124.401,9.6544],[124.4082,9.7096],[124.5567,9.8282],[124.5456,10.0415],[124.4586,10.0662],[124.3163,10.1638],[124.1527,10.1537],[124.0628,10.0688],[124.0431,9.9884]],[[124.0207,10.3819],[124.0291,10.6325],[124.0057,10.747],[124.0545,10.8821],[124.0303,10.9284],[124.0355,11.1482],[124.0644,11.2742],[124.0021,11.2719],[123.9439,11.1863],[123.9639,11.1237],[123.9011,11.0342],[123.9298,10.9862],[123.8305,10.7541],[123.7409,10.6301],[123.7149,10.5007],[123.5812,10.3289],[123.5824,10.2643],[123.5178,10.1538],[123.4158,10.0526],[123.3656,9.9517],[123.3971,9.8779],[123.3456,9.7901],[123.2981,9.5001],[123.3526,9.4235],[123.4635,9.5663],[123.5378,9.7576],[123.6089,9.8747],[123.6216,10.0308],[123.7641,10.2239],[123.8341,10.2338],[124.0207,10.3819]],[[123.7396,11.2965],[123.6878,11.2254],[123.724,11.1363],[123.7927,11.147],[123.7396,11.2965]],[[124.2816,10.5874],[124.4546,10.6284],[124.4245,10.714],[124.3165,10.7098],[124.2816,10.5874]],[[124.3364,11.6684],[124.3911,11.583],[124.4645,11.4668],[124.5748,11.4721],[124.5846,11.5661],[124.5359,11.676],[124.4628,11.7061],[124.3364,11.6684]],[[123.6701,12.349],[123.4452,12.517],[123.3713,12.5058],[123.3049,12.5788],[123.2343,12.5897],[123.2849,12.4112],[123.2227,12.2679],[123.3039,12.199],[123.2184,12.1331],[123.1658,11.9041],[123.3023,12.0289],[123.4313,12.2026],[123.5373,12.2107],[123.6497,12.0476],[123.7312,11.9808],[123.9752,11.8258],[124.066,11.7205],[124.0699,11.848],[124.0042,11.9732],[124.0275,12.0039],[123.909,12.1676],[123.7811,12.2264],[123.6701,12.349]],[[121.9418,12.3917],[121.9278,12.2872],[122.0184,12.2326],[121.9686,12.1552],[122.0081,12.1103],[122.0982,12.3563],[122.1392,12.5371],[122.1393,12.6277],[122.002,12.5973],[122.0162,12.4915],[121.9418,12.3917]],[[123.5839,12.6286],[123.6847,12.4633],[123.7989,12.3742],[123.7256,12.6142],[123.5969,12.6747],[123.5839,12.6286]],[[123.075,12.963],[123.1992,12.8416],[123.2618,12.8323],[123.3701,12.6932],[123.2884,12.8178],[123.2705,12.8951],[123.1798,12.918],[123.039,13.1393],[122.9433,13.0533],[123.075,12.963]],[[122.6538,12.4843],[122.543,12.5051],[122.4283,12.4561],[122.4542,12.3948],[122.5635,12.3116],[122.6699,12.3099],[122.6987,12.4019],[122.6538,12.4843]],[[121.8216,13.3427],[121.9665,13.2194],[122.0464,13.2259],[122.1202,13.3389],[122.1246,13.4604],[122.0045,13.5383],[121.8662,13.5271],[121.8108,13.4541],[121.8216,13.3427]],[[123.5625,9.2289],[123.4564,9.1816],[123.5601,9.1011],[123.6933,9.1295],[123.6123,9.3007],[123.5625,9.2289]],[[124.8032,9.1044],[124.7772,9.2058],[124.655,9.2388],[124.6747,9.1203],[124.8032,9.1044]],[[125.6942,7.1881],[125.7231,6.9644],[125.7774,6.9209],[125.7972,7.1128],[125.6942,7.1881]],[[140.5841,42.1081],[140.3843,42.2234],[140.3088,42.2367],[140.2844,42.3491],[140.351,42.4761],[140.4665,42.5851],[140.7089,42.5828],[140.8682,42.4627],[140.9435,42.3188],[141.3425,42.5391],[141.5231,42.6113],[141.7143,42.6278],[141.8916,42.5814],[142.0272,42.4848],[142.1902,42.4495],[142.2768,42.3766],[142.4754,42.2743],[142.8142,42.1415],[142.9651,42.118],[143.2404,41.9477],[143.3074,42.0754],[143.323,42.3077],[143.4355,42.4787],[143.5505,42.6044],[143.8531,42.8317],[144.0392,42.9375],[144.3103,43.0052],[144.4848,42.9392],[144.7221,42.9796],[144.7827,43.0544],[145.0873,43.0447],[145.1143,43.123],[145.2937,43.1719],[145.5026,43.1748],[145.5624,43.2783],[145.7542,43.3366],[145.8172,43.3849],[145.6519,43.3918],[145.5046,43.2793],[145.3897,43.2617],[145.3056,43.3525],[145.192,43.6278],[145.1387,43.6502],[145.0615,43.8043],[145.1279,43.9453],[145.2455,44.0676],[145.3676,44.2704],[145.332,44.3454],[145.1363,44.1707],[144.7954,43.9313],[144.3995,43.9264],[144.2548,44.038],[144.0978,44.0304],[144.1086,44.1191],[143.9443,44.0858],[143.7211,44.1211],[143.6898,44.2085],[143.3743,44.3301],[142.9988,44.5541],[142.7344,44.764],[142.5216,45.03],[142.169,45.3396],[142.0517,45.3999],[141.9317,45.5199],[141.8054,45.4093],[141.657,45.3702],[141.5722,45.2373],[141.5935,45.1425],[141.7378,44.8979],[141.7899,44.6839],[141.7591,44.4622],[141.6579,44.2428],[141.6595,44.0052],[141.5602,43.8589],[141.3987,43.812],[141.3294,43.7248],[141.3864,43.5864],[141.359,43.5177],[141.427,43.421],[141.3717,43.2568],[141.1612,43.144],[141.0103,43.1976],[140.796,43.1941],[140.6398,43.2669],[140.5038,43.37],[140.3599,43.3158],[140.3258,43.2214],[140.5302,43.0241],[140.4151,42.9413],[140.2725,42.7673],[140.1432,42.7525],[140.0308,42.6877],[139.9281,42.689],[139.8219,42.6112],[139.8534,42.4648],[139.7668,42.3023],[139.7952,42.2309],[139.9223,42.1333],[140.0421,42.0991],[140.1214,42.001],[140.126,41.8323],[140.0089,41.6912],[139.9847,41.5608],[140.0412,41.447],[140.216,41.41],[140.2643,41.4834],[140.4141,41.5219],[140.4417,41.6802],[140.6012,41.7417],[140.6227,41.8051],[140.9263,41.7388],[140.9619,41.7101],[141.1855,41.8056],[141.1451,41.8563],[140.9603,41.9149],[140.7078,42.1384],[140.5841,42.1081]],[[146.6131,43.8204],[146.6495,43.713],[146.9173,43.8324],[146.8232,43.8901],[146.7232,43.8317],[146.6131,43.8204]],[[150.5054,46.1948],[150.344,46.2248],[150.218,46.1878],[150.1823,46.1029],[150.0498,46.0894],[149.8918,45.9799],[149.7909,45.8612],[149.6727,45.8491],[149.531,45.6937],[149.4715,45.5762],[149.6613,45.621],[149.8618,45.7765],[150.0196,45.8253],[150.1766,45.9342],[150.1994,45.9996],[150.5054,46.1948]],[[151.787,46.7697],[152.0279,46.9001],[152.152,47.0016],[151.9298,46.9463],[151.787,46.7697]],[[154.7657,49.574],[154.6411,49.3961],[154.6272,49.2774],[154.8038,49.2881],[154.8248,49.3059],[154.8097,49.4264],[154.9017,49.5919],[154.7657,49.574]],[[156.3678,50.8428],[156.1992,50.7682],[156.1917,50.6767],[156.3839,50.6319],[156.4597,50.6964],[156.5094,50.7636],[156.484,50.8593],[156.3678,50.8428]],[[169.8569,11.2185],[169.7808,11.3437],[169.7528,11.2069],[169.8569,11.2185]],[[166.0223,10.1611],[165.9159,10.1899],[165.9503,10.0775],[166.0223,10.1611]],[[139.5779,9.8965],[139.7054,9.8197],[139.6618,9.9004],[139.7649,10.0671],[139.7119,10.0945],[139.6001,10.0165],[139.5779,9.8965]],[[158.1034,6.928],[158.1509,6.7959],[158.3046,6.7782],[158.3598,6.8825],[158.3402,6.9346],[158.2117,6.9933],[158.1034,6.928]],[[151.657,7.3357],[151.7687,7.3325],[151.7976,7.4082],[151.6758,7.415],[151.657,7.3357]],[[162.9121,5.2727],[163.0044,5.2576],[163.0388,5.3309],[162.9711,5.3659],[162.9121,5.2727]],[[128.8096,32.774],[128.6406,32.7614],[128.6598,32.6462],[128.5977,32.6135],[128.7744,32.575],[128.7651,32.6341],[128.8925,32.6407],[128.8096,32.774]],[[129.9958,32.4067],[129.9667,32.2436],[130.0781,32.2129],[130.2259,32.3676],[130.401,32.3991],[130.4601,32.5304],[130.361,32.5294],[130.2052,32.4521],[130.187,32.5477],[130.0654,32.5164],[129.9958,32.4067]],[[121.3785,31.6223],[121.8325,31.4384],[121.909,31.4487],[121.9689,31.5369],[121.7997,31.6116],[121.6658,31.6501],[121.4874,31.7697],[121.2891,31.8686],[121.1611,31.7882],[121.3785,31.6223]],[[119.8072,32.2122],[119.8283,32.1856],[119.7938,32.1802],[119.7999,32.1602],[119.7898,32.1298],[119.9071,32.0891],[119.8665,32.2448],[119.7575,32.3017],[119.7225,32.2517],[119.7753,32.2115],[119.8072,32.2122]],[[130.6702,30.3789],[130.4975,30.4699],[130.3765,30.3722],[130.4367,30.2397],[130.5805,30.2396],[130.6569,30.3037],[130.6702,30.3789]],[[122.2886,29.9269],[122.3347,30.0189],[122.2303,30.0979],[122.1342,30.1243],[122.0967,30.1593],[121.9628,30.1421],[121.9769,30.056],[122.1625,29.9943],[122.2886,29.9269]],[[129.3381,28.1325],[129.4089,28.1833],[129.4586,28.2967],[129.545,28.3114],[129.6181,28.4028],[129.7097,28.4206],[129.6875,28.5303],[129.6144,28.4772],[129.3403,28.3692],[129.1361,28.2564],[129.2772,28.215],[129.3381,28.1325]],[[121.29,28.0888],[121.2519,28.2267],[121.1567,28.1372],[121.1547,28.0393],[121.29,28.0888]],[[128.8895,27.8632],[128.88,27.7235],[128.9878,27.6684],[129.0373,27.7581],[128.9739,27.8323],[128.8895,27.8632]],[[124.2389,24.3449],[124.2791,24.52],[124.1429,24.3955],[124.2389,24.3449]],[[123.907,24.3131],[123.9034,24.3862],[123.8121,24.4114],[123.6811,24.2824],[123.9038,24.2741],[123.907,24.3131]],[[134.349,34.4596],[134.3461,34.5647],[134.1915,34.484],[134.349,34.4596]],[[142.0856,50.8208],[142.0941,50.723],[142.044,50.5504],[142.1514,50.3716],[142.1708,50.1446],[142.1387,49.8797],[142.1673,49.8045],[142.144,49.5163],[142.0786,49.3583],[142.0944,49.2235],[141.9786,48.8799],[141.8471,48.7667],[141.868,48.6784],[142.0246,48.5127],[142.1432,48.324],[142.1889,47.9481],[142.0873,47.8612],[142.0647,47.7741],[141.9616,47.6199],[141.9656,47.2959],[142.0513,47.1923],[142.0567,47.0779],[141.8105,46.601],[141.8234,46.4811],[141.8872,46.3154],[141.9265,46.0515],[142.0791,45.8955],[142.171,46.0156],[142.2374,46.1619],[142.2495,46.2728],[142.4147,46.6003],[142.5457,46.7078],[142.7273,46.7353],[142.7699,46.6077],[142.8787,46.6265],[143.1036,46.5951],[143.2628,46.5441],[143.3346,46.4728],[143.3406,46.3798],[143.4242,46.198],[143.616,46.3826],[143.5404,46.4811],[143.4765,46.8262],[143.3638,46.7919],[143.1754,46.8337],[143.0189,47.0769],[143.0153,47.2516],[142.9407,47.3523],[142.7562,47.4381],[142.5912,47.6243],[142.5332,47.7514],[142.5106,47.8972],[142.5779,48.1349],[142.7482,48.5497],[142.8574,48.7476],[142.9793,48.8977],[142.9479,49.0593],[142.9735,49.1179],[143.1421,49.2406],[143.3479,49.3028],[143.2352,49.3793],[143.3978,49.4084],[143.4803,49.3572],[143.7072,49.3354],[143.7551,49.3035],[144.0001,49.2659],[144.1529,49.21],[144.338,49.0331],[144.2142,49.4814],[144.1406,49.6041],[144.1266,49.7424],[143.9989,49.9512],[143.9975,50.0194],[143.8323,50.2376],[143.6976,50.5881],[143.6182,50.9556],[143.5233,51.232],[143.3838,51.3384],[143.4424,51.3702],[143.4406,51.4834],[143.2042,51.5082],[143.2525,51.6806],[143.3082,51.7454],[143.1509,51.9747],[143.0827,52.1127],[143.1401,52.1469],[143.1584,52.2826],[143.1109,52.3433],[143.1843,52.4734],[143.2862,52.4589],[143.3167,52.5822],[143.3234,52.8083],[143.1646,52.9453],[143.0584,53.2163],[143.2641,53.1609],[143.1859,53.3579],[142.9057,53.8204],[142.8892,53.9485],[142.9971,54.0796],[142.9657,54.1475],[142.7883,54.3071],[142.7262,54.4195],[142.6039,54.3205],[142.372,54.2794],[142.4148,54.1554],[142.6953,53.9426],[142.6904,53.8573],[142.5816,53.7108],[142.4783,53.6609],[142.6298,53.5455],[142.4818,53.4079],[142.2716,53.3642],[142.1963,53.5326],[141.8724,53.4335],[141.7637,53.376],[141.8406,53.1435],[141.9207,53.0662],[141.8197,52.7207],[141.8348,52.5716],[141.7718,52.4677],[141.6539,52.3925],[141.6344,52.1011],[141.6854,51.9499],[141.6388,51.8761],[141.8165,51.7964],[141.6723,51.7473],[141.8194,51.6688],[142.0723,51.4799],[142.0829,51.396],[142.2536,51.1416],[142.2207,50.9809],[142.0856,50.8208]],[[141.1425,45.1605],[141.2374,45.0975],[141.3281,45.149],[141.3039,45.2147],[141.1905,45.2583],[141.1425,45.1605]],[[138.4872,37.9176],[138.574,38.0624],[138.436,38.1167],[138.5042,38.2426],[138.5036,38.3327],[138.3271,38.194],[138.2411,38.0848],[138.2308,37.9764],[138.2727,37.8517],[138.3612,37.8308],[138.4872,37.9176]],[[133.1962,36.2968],[133.1848,36.2109],[133.3414,36.1698],[133.385,36.2687],[133.2767,36.351],[133.1962,36.2968]],[[128.4726,34.8767],[128.5774,34.7415],[128.653,34.7419],[128.7452,34.8796],[128.7014,34.9911],[128.4726,34.8767]],[[129.1707,34.1129],[129.2808,34.1297],[129.32,34.2623],[129.4116,34.3593],[129.3755,34.4518],[129.4701,34.556],[129.4496,34.7071],[129.3214,34.649],[129.3264,34.5483],[129.2736,34.4659],[129.3047,34.3515],[129.1979,34.2824],[129.1707,34.1129]],[[127.8654,34.9362],[127.8075,34.8572],[127.868,34.7263],[127.9447,34.8087],[127.8654,34.9362]],[[129.5586,33.4011],[129.4418,33.3262],[129.5015,33.2591],[129.5586,33.4011]],[[129.1169,33.1553],[129.0863,33.0232],[128.9967,32.9644],[129.0818,32.8959],[129.175,32.9972],[129.0897,33.017],[129.1169,33.1553]],[[139.9447,40.0017],[139.9234,39.9583],[139.9268,39.9533],[139.9512,39.9409],[140.0139,39.9278],[140.0592,39.9644],[140.0684,40.0418],[139.9804,40.0656],[139.9322,40.0227],[139.9366,40.0107],[139.943,40.0086],[139.9447,40.0017]],[[138.0104,54.808],[137.9982,54.9207],[138.1265,55.0022],[137.881,55.1267],[137.605,55.1869],[137.491,55.0463],[137.3079,54.9108],[137.3048,54.7765],[137.4708,54.8671],[137.7312,54.6464],[138.0104,54.808]],[[136.7578,54.8817],[136.9045,54.9594],[137.0555,54.9765],[137.1685,55.1184],[137.0136,55.1058],[136.6836,54.9508],[136.7578,54.8817]],[[140.3272,52.1278],[140.1539,52.0186],[140.2567,51.8495],[140.3795,51.8668],[140.3809,51.9764],[140.2847,52.0668],[140.3272,52.1278]],[[155.6733,50.8204],[155.6585,50.8992],[155.5093,50.9186],[155.5258,50.8091],[155.6733,50.8204]],[[155.4371,50.0683],[155.6047,50.1814],[155.7511,50.1814],[155.8883,50.2462],[156.059,50.4774],[156.1668,50.5089],[156.1255,50.6513],[156.1458,50.7439],[156.0274,50.7664],[155.8575,50.6519],[155.8317,50.5523],[155.6491,50.3777],[155.409,50.35],[155.2559,50.2196],[155.24,50.0558],[155.4371,50.0683]],[[147.8839,45.2569],[147.7054,45.1674],[147.695,45.0975],[147.5318,45.0897],[147.5178,45.0],[147.2655,44.868],[147.1857,44.6956],[147.034,44.6178],[146.8751,44.4989],[146.9605,44.4294],[147.0835,44.5607],[147.206,44.5705],[147.3346,44.7132],[147.5411,44.8145],[147.6343,44.9094],[147.6343,44.9822],[147.7918,44.9477],[147.9837,45.0029],[148.1002,45.1139],[148.3242,45.2224],[148.4961,45.2566],[148.5801,45.3181],[148.8379,45.3363],[148.8768,45.3941],[148.7852,45.5552],[148.6515,45.5377],[148.2994,45.2766],[148.0291,45.2713],[147.9243,45.4386],[147.8486,45.3656],[147.8839,45.2569]],[[145.6981,44.0333],[145.4046,43.8403],[145.4332,43.7189],[145.5451,43.7321],[145.576,43.8414],[145.6495,43.9082],[145.7889,43.9472],[145.9058,44.1211],[146.0462,44.1837],[146.1139,44.2641],[146.2871,44.2765],[146.3956,44.363],[146.5468,44.4099],[146.3401,44.4172],[146.1861,44.5054],[146.0782,44.4706],[145.9904,44.3212],[145.8868,44.2486],[145.6981,44.0333]]],[[[-109.4235,23.4457],[-109.5183,23.5822],[-109.6828,23.6483],[-109.6993,23.7995],[-109.8285,23.9153],[-109.831,24.0616],[-109.9882,24.0503],[-110.0073,24.159],[-110.1754,24.2527],[-110.2326,24.3438],[-110.3375,24.2956],[-110.3043,24.1755],[-110.5619,24.2126],[-110.6819,24.3605],[-110.6868,24.4641],[-110.7403,24.6176],[-110.6568,24.806],[-110.7571,25.0138],[-110.8161,25.0352],[-110.9076,25.1472],[-111.0244,25.444],[-111.0175,25.5158],[-111.1118,25.5243],[-111.1932,25.6136],[-111.2254,25.7262],[-111.3054,25.7728],[-111.3582,25.9627],[-111.318,26.0702],[-111.3958,26.2527],[-111.3958,26.3405],[-111.4676,26.41],[-111.4469,26.5209],[-111.5697,26.5731],[-111.5612,26.6967],[-111.6472,26.7452],[-111.8218,26.896],[-111.8162,26.7222],[-111.6771,26.5859],[-111.7791,26.565],[-111.9087,26.7192],[-111.8713,26.8279],[-112.0077,26.9578],[-111.9528,27.0962],[-112.0889,27.1311],[-112.2148,27.2155],[-112.2414,27.3258],[-112.3041,27.388],[-112.3716,27.5631],[-112.5982,27.6533],[-112.7028,27.754],[-112.7712,27.8623],[-112.7559,27.9679],[-112.8047,28.0283],[-112.7949,28.189],[-112.8654,28.2705],[-112.8494,28.3822],[-112.9037,28.4752],[-113.0016,28.4545],[-113.1038,28.5055],[-113.1311,28.6383],[-113.1959,28.7917],[-113.2587,28.8404],[-113.355,28.8023],[-113.3752,28.9093],[-113.5572,28.9524],[-113.5391,29.059],[-113.6432,29.1834],[-113.6251,29.2532],[-113.7726,29.4099],[-114.2716,29.772],[-114.3415,29.7467],[-114.4086,29.8792],[-114.5328,29.9677],[-114.6682,30.1977],[-114.6298,30.4204],[-114.6512,30.5556],[-114.6988,30.6324],[-114.6958,30.8153],[-114.7198,30.9363],[-114.8318,30.9977],[-114.8899,31.1448],[-114.8532,31.4983],[-114.7808,31.624],[-114.813,31.7242],[-114.8058,31.8193],[-114.7612,31.8184],[-114.7258,31.7791],[-114.6266,31.7632],[-114.1756,31.4992],[-114.0327,31.4902],[-113.9355,31.605],[-113.7033,31.5248],[-113.6342,31.46],[-113.6121,31.3601],[-113.5507,31.2995],[-113.3606,31.2674],[-113.1049,31.1935],[-113.0546,31.0661],[-113.128,30.8124],[-113.0914,30.6935],[-112.9925,30.5349],[-112.8776,30.4347],[-112.8561,30.2758],[-112.7737,30.2226],[-112.7476,29.9153],[-112.6753,29.9004],[-112.5806,29.7114],[-112.3781,29.4794],[-112.4012,29.3356],[-112.2386,29.3144],[-112.2301,29.1812],[-112.1651,29.1136],[-112.1588,28.9621],[-112.032,28.8593],[-111.901,28.7943],[-111.9457,28.7517],[-111.7639,28.5911],[-111.7112,28.4586],[-111.4934,28.3877],[-111.4591,28.3167],[-111.3443,28.2095],[-111.2818,28.0936],[-111.174,27.9913],[-110.9511,27.8906],[-110.8621,27.9251],[-110.5672,27.8772],[-110.6141,27.7734],[-110.5804,27.6729],[-110.628,27.624],[-110.5806,27.5403],[-110.5915,27.4485],[-110.4797,27.3732],[-110.479,27.2861],[-110.2862,27.1474],[-110.1012,27.1076],[-109.9714,27.1062],[-109.9203,27.0677],[-109.8515,26.7909],[-109.7728,26.7115],[-109.6677,26.6728],[-109.4684,26.7158],[-109.2887,26.5397],[-109.2364,26.4535],[-109.2198,26.2671],[-109.2741,26.1553],[-109.3531,26.1319],[-109.4478,25.9486],[-109.3707,25.7765],[-109.1671,25.6292],[-109.051,25.4689],[-108.9067,25.5584],[-108.7809,25.5435],[-108.7812,25.4417],[-108.6876,25.354],[-108.4366,25.244],[-108.3884,25.1855],[-108.2518,25.198],[-108.1641,25.1064],[-108.052,25.0705],[-108.0001,24.9754],[-107.9919,24.8061],[-108.0119,24.7176],[-107.9722,24.6308],[-107.834,24.5937],[-107.751,24.4988],[-107.6853,24.5111],[-107.4858,24.4303],[-107.4912,24.3339],[-107.426,24.2526],[-107.2469,24.1588],[-107.1872,24.0916],[-106.8912,23.8408],[-106.7855,23.6332],[-106.6885,23.5624],[-106.4835,23.3322],[-106.4539,23.2424],[-106.2201,23.0372],[-106.0402,22.8358],[-105.9199,22.755],[-105.7919,22.6123],[-105.7214,22.4926],[-105.6569,22.5181],[-105.6434,22.4536],[-105.641,22.4348],[-105.6496,22.4248],[-105.6393,22.4115],[-105.6373,22.4038],[-105.6293,22.2774],[-105.4843,22.1426],[-105.4925,22.0805],[-105.6475,22.1683],[-105.6544,22.0514],[-105.6162,21.9365],[-105.4106,21.5982],[-105.1981,21.4943],[-105.2441,21.3451],[-105.2161,21.1999],[-105.2268,21.087],[-105.2724,21.0234],[-105.4022,20.9309],[-105.5108,20.7717],[-105.3112,20.7267],[-105.233,20.6158],[-105.3439,20.507],[-105.6158,20.4713],[-105.6762,20.3475],[-105.5505,20.2203],[-105.5447,20.0915],[-105.4916,19.9883],[-105.3309,19.7653],[-105.1945,19.6213],[-105.0898,19.5608],[-105.0855,19.5136],[-104.9568,19.3247],[-104.7015,19.1817],[-104.4511,19.1081],[-104.3187,19.0939],[-104.3364,19.0219],[-104.1548,18.96],[-103.9681,18.8636],[-103.7166,18.6706],[-103.6989,18.602],[-103.5843,18.5075],[-103.5049,18.3393],[-103.1129,18.1895],[-102.9868,18.1718],[-102.7594,18.0702],[-102.6066,18.0487],[-102.3093,17.9694],[-102.1819,17.9147],[-102.1012,17.9811],[-101.9635,17.9678],[-101.8167,17.8926],[-101.6424,17.6667],[-101.4564,17.583],[-101.4442,17.5271],[-101.2224,17.4376],[-101.0712,17.3218],[-101.0409,17.2712],[-100.3811,17.0456],[-99.9599,16.8936],[-99.7629,16.7459],[-99.6125,16.6839],[-99.5072,16.688],[-99.3301,16.657],[-98.9065,16.5341],[-98.7753,16.5549],[-98.5493,16.3128],[-98.4242,16.2699],[-98.217,16.2335],[-97.9605,16.0992],[-97.7719,15.9772],[-97.5255,15.9693],[-97.4244,15.942],[-97.2744,15.9388],[-97.0617,15.8602],[-97.0422,15.8236],[-96.8395,15.733],[-96.7419,15.7263],[-96.5606,15.662],[-96.4192,15.6952],[-96.2415,15.6847],[-95.9635,15.8274],[-95.617,15.9287],[-95.3683,16.0197],[-95.3328,16.0913],[-95.0789,16.2258],[-95.0539,16.3009],[-94.9647,16.345],[-94.9284,16.4156],[-94.8419,16.429],[-94.7375,16.3022],[-94.6757,16.3649],[-94.555,16.2763],[-94.7204,16.212],[-94.4278,16.1713],[-94.2006,16.0984],[-94.2217,16.1666],[-94.3949,16.1769],[-94.4157,16.2813],[-94.1994,16.1873],[-94.1399,16.2219],[-94.0854,16.1243],[-93.9056,16.0841],[-93.8316,15.9453],[-93.5612,15.7705],[-93.3335,15.5956],[-92.8791,15.1822],[-92.5155,14.8036],[-92.2281,14.5335],[-92.0448,14.4013],[-91.794,14.1961],[-91.5355,14.0437],[-91.3026,13.95],[-91.0547,13.9141],[-90.7194,13.9303],[-90.5345,13.9055],[-90.4012,13.8607],[-89.969,13.6729],[-89.84,13.5998],[-89.8078,13.5246],[-89.6807,13.5332],[-89.5259,13.4934],[-89.2969,13.4838],[-89.056,13.3626],[-88.7313,13.2252],[-88.4235,13.1661],[-88.1132,13.1724],[-87.8985,13.153],[-87.7844,13.2992],[-87.8653,13.355],[-87.8428,13.4189],[-87.7452,13.353],[-87.6495,13.4167],[-87.4577,13.2787],[-87.4241,13.114],[-87.3102,12.9832],[-87.4306,12.9198],[-87.4881,12.9976],[-87.5891,13.0557],[-87.6909,12.9116],[-87.5001,12.7818],[-87.3391,12.6085],[-87.2148,12.5309],[-87.0274,12.3622],[-86.7792,12.2031],[-86.6853,12.0082],[-86.5186,11.7773],[-86.3501,11.632],[-86.1775,11.5261],[-86.0108,11.3616],[-85.9218,11.3072],[-85.7962,11.1245],[-85.6857,11.0746],[-85.7531,11.0178],[-85.7091,10.9514],[-85.8541,10.9451],[-85.9184,10.905],[-85.6627,10.7755],[-85.6276,10.6245],[-85.7998,10.4971],[-85.7975,10.4081],[-85.8538,10.2529],[-85.7898,10.0933],[-85.6284,9.8931],[-85.3577,9.8378],[-85.279,9.7915],[-85.1102,9.5619],[-85.0708,9.6469],[-84.9176,9.795],[-84.9215,9.9254],[-85.0938,9.9722],[-85.2401,10.1065],[-85.2106,10.1796],[-84.9639,10.0859],[-84.9278,10.0384],[-84.7829,9.98],[-84.6304,9.7698],[-84.6749,9.6974],[-84.6278,9.5906],[-84.5302,9.518],[-84.4859,9.5303],[-84.1843,9.4523],[-84.167,9.402],[-83.9539,9.3164],[-83.7756,9.1895],[-83.624,9.0399],[-83.6224,8.9198],[-83.5827,8.8488],[-83.6474,8.7976],[-83.6555,8.6959],[-83.7351,8.6246],[-83.5699,8.4429],[-83.4862,8.4472],[-83.291,8.374],[-83.2943,8.5355],[-83.3733,8.5749],[-83.4713,8.701],[-83.3798,8.7412],[-83.3279,8.6796],[-83.1819,8.6218],[-83.0921,8.4498],[-83.1441,8.3796],[-82.9741,8.2415],[-82.9018,8.1107],[-82.8721,8.2493],[-82.8293,8.2964],[-82.6571,8.3281],[-82.4919,8.272],[-82.35,8.2886],[-82.2065,8.2666],[-82.1392,8.2029],[-82.0526,8.2195],[-81.7624,8.1316],[-81.6975,8.0899],[-81.6825,8.0163],[-81.5727,7.8608],[-81.5813,7.7716],[-81.5325,7.7155],[-81.2034,7.6304],[-81.1685,7.7749],[-81.0907,7.778],[-81.0504,7.6642],[-80.9743,7.6019],[-80.9708,7.4988],[-80.8941,7.3489],[-80.9216,7.278],[-80.8874,7.2043],[-80.7128,7.2067],[-80.5071,7.2508],[-80.4369,7.2415],[-80.3677,7.3665],[-80.2606,7.4357],[-80.1692,7.4107],[-80.0029,7.4657],[-79.9912,7.5143],[-80.0499,7.6378],[-80.1415,7.746],[-80.3189,7.9028],[-80.3632,8.0016],[-80.4443,8.0227],[-80.4855,8.0894],[-80.4766,8.2209],[-80.4072,8.2907],[-80.2482,8.299],[-80.0211,8.421],[-79.8669,8.553],[-79.784,8.5765],[-79.8076,8.6521],[-79.7463,8.7204],[-79.7719,8.7782],[-79.7064,8.8761],[-79.5723,8.8966],[-79.5594,8.9213],[-79.5826,8.9845],[-79.663,9.0605],[-79.6615,9.0613],[-79.5978,9.0087],[-79.546,8.9481],[-79.4742,9.0081],[-79.29,9.0241],[-79.1151,9.0022],[-78.919,8.9272],[-78.849,8.8192],[-78.7586,8.8098],[-78.6181,8.6721],[-78.5237,8.6309],[-78.4965,8.4471],[-78.3868,8.3374],[-78.3337,8.4633],[-78.2485,8.3839],[-78.1423,8.4652],[-78.0787,8.4049],[-78.1917,8.3344],[-78.2569,8.1167],[-78.3376,8.0606],[-78.4471,8.0704],[-78.3934,7.9069],[-78.2811,7.7408],[-78.301,7.6883],[-78.1724,7.5773],[-78.1436,7.5037],[-77.9876,7.2986],[-77.6876,7.0476],[-77.6594,6.9943],[-77.712,6.8782],[-77.6152,6.8422],[-77.5338,6.6983],[-77.45,6.707],[-77.3255,6.5443],[-77.36,6.4804],[-77.3812,6.2779],[-77.4581,6.2724],[-77.4818,6.1861],[-77.3745,6.0452],[-77.2558,5.7926],[-77.2571,5.7328],[-77.3329,5.6245],[-77.5048,5.5842],[-77.5111,5.5226],[-77.3892,5.4419],[-77.375,4.9586],[-77.3197,4.7815],[-77.349,4.417],[-77.4396,4.3101],[-77.383,4.2813],[-77.356,4.2237],[-77.262,4.2322],[-77.3076,4.1653],[-77.3685,4.185],[-77.4249,4.0937],[-77.4389,4.0273],[-77.2491,3.8282],[-77.1038,3.8492],[-77.1977,3.7383],[-77.1959,3.61],[-77.302,3.5652],[-77.3685,3.4812],[-77.4042,3.3732],[-77.4918,3.3076],[-77.4891,3.1363],[-77.5773,3.1359],[-77.6878,2.9883],[-77.6256,2.9046],[-77.7054,2.8626],[-77.7511,2.7586],[-77.7998,2.7443],[-77.7995,2.6288],[-77.8426,2.5461],[-77.9163,2.6399],[-78.0116,2.6513],[-78.0249,2.5811],[-78.1862,2.6322],[-78.1763,2.5323],[-78.324,2.4031],[-78.4224,2.4865],[-78.5718,2.4476],[-78.7117,2.1702],[-78.6673,2.0124],[-78.6021,1.993],[-78.5989,1.8989],[-78.5465,1.8056],[-78.7168,1.769],[-78.8429,1.8118],[-79.0075,1.6568],[-78.8703,1.4999],[-78.8169,1.4023],[-78.8764,1.3455],[-78.8873,1.2503],[-78.9581,1.1329],[-79.0518,1.2219],[-79.166,1.0951],[-79.4174,1.0753],[-79.5516,0.9945],[-79.7428,0.9623],[-79.8094,0.8944],[-79.9501,0.8283],[-80.0556,0.8179],[-80.1005,0.6785],[-80.003,0.5637],[-80.0564,0.465],[-80.0324,0.1723],[-80.1113,0.0],[-89.3224,0.0],[-89.944,0.3432],[-91.8195,1.3971],[-91.8234,1.3968],[-91.861,0.0],[-180.0,0.0],[-180.0,51.394],[-176.9386,51.5844],[-173.9487,51.9567],[-173.0565,52.0743],[-169.1064,52.8196],[-168.8169,52.9242],[-168.7552,52.9098],[-166.7636,53.4434],[-166.7493,53.4478],[-164.9704,54.0734],[-164.942,54.0855],[-163.757,54.6329],[-163.5862,54.6106],[-163.4229,54.655],[-163.3277,54.7465],[-163.2083,54.693],[-163.3576,54.8105],[-163.2282,54.8378],[-163.0618,54.926],[-163.2107,55.0235],[-163.158,55.1213],[-163.0078,55.0801],[-162.8818,54.9331],[-162.7516,54.9394],[-162.5689,55.0202],[-162.6281,55.1807],[-162.724,55.2228],[-162.6342,55.3053],[-162.5158,55.2504],[-162.4219,55.0366],[-162.2211,55.0268],[-161.9414,55.1241],[-161.8995,55.2298],[-161.6872,55.4096],[-161.6594,55.572],[-161.4527,55.6331],[-161.3672,55.5829],[-161.4808,55.487],[-161.5159,55.3843],[-161.2378,55.3556],[-161.0005,55.4379],[-160.9467,55.5074],[-160.7999,55.456],[-160.5365,55.4789],[-160.3878,55.6055],[-160.1264,55.6647],[-160.0507,55.7608],[-159.7462,55.8506],[-159.6205,55.8129],[-159.7063,55.6078],[-159.5375,55.6542],[-159.4757,55.8426],[-159.0745,55.9248],[-158.9178,55.928],[-158.8386,56.0165],[-158.6819,55.9503],[-158.5194,55.991],[-158.2967,56.1829],[-158.3751,56.3139],[-158.5075,56.3761],[-158.3289,56.4822],[-158.1312,56.4599],[-158.0871,56.5094],[-157.8921,56.4724],[-157.8185,56.5044],[-157.9224,56.6411],[-157.7386,56.6765],[-157.6328,56.609],[-157.4718,56.8311],[-157.3788,56.8597],[-157.2047,56.7686],[-156.8917,56.9653],[-156.5158,57.0477],[-156.3313,57.177],[-156.3385,57.4169],[-155.8501,57.5666],[-155.6317,57.6999],[-155.6133,57.7766],[-155.4122,57.7421],[-155.2785,57.8216],[-155.0829,57.8731],[-155.0284,58.0235],[-154.566,58.0237],[-154.1639,58.1974],[-154.0538,58.3541],[-154.0858,58.4821],[-153.9313,58.4945],[-153.8964,58.6076],[-153.6725,58.6116],[-153.4313,58.7156],[-153.3259,58.8887],[-153.4072,58.9682],[-153.5957,58.9966],[-153.7227,59.0688],[-154.0648,59.0731],[-154.1936,59.0464],[-154.1102,59.3456],[-153.7026,59.4632],[-153.4848,59.6399],[-153.3443,59.622],[-153.0489,59.6953],[-153.012,59.8862],[-152.8181,59.8758],[-152.7107,59.9145],[-152.5705,60.0707],[-152.7878,60.2259],[-152.6288,60.2192],[-152.395,60.3001],[-152.3079,60.5071],[-152.0985,60.587],[-151.9052,60.7207],[-151.7047,60.7325],[-151.7991,60.8543],[-151.4979,61.0062],[-151.1659,61.0456],[-151.0148,61.1779],[-150.7104,61.2519],[-150.6627,61.3234],[-150.456,61.2451],[-149.9264,61.26],[-149.8683,61.3897],[-149.5536,61.4942],[-149.4955,61.4671],[-148.9731,61.5178],[-148.8865,61.5028],[-149.3831,61.4679],[-149.8097,61.3156],[-149.8914,61.2345],[-150.0747,61.1571],[-149.6096,60.9844],[-149.8518,60.9673],[-150.0982,60.9129],[-150.2447,60.9374],[-150.3962,61.0384],[-150.7183,60.933],[-151.0755,60.7865],[-151.4105,60.7204],[-151.2642,60.5452],[-151.2965,60.3915],[-151.3828,60.3486],[-151.4242,60.2113],[-151.7029,60.0336],[-151.8688,59.7706],[-151.682,59.6589],[-151.5286,59.6336],[-151.3403,59.6831],[-151.0998,59.7062],[-151.1884,59.6037],[-151.5014,59.4742],[-151.647,59.4851],[-151.8868,59.4243],[-151.9776,59.2547],[-151.7434,59.1578],[-151.609,59.1643],[-151.3999,59.2587],[-151.3046,59.21],[-150.9388,59.2339],[-150.919,59.3027],[-150.7366,59.4238],[-150.3505,59.4722],[-150.0926,59.5757],[-149.9291,59.7287],[-149.7487,59.7074],[-149.6644,59.8014],[-149.3867,59.9939],[-149.0984,59.9556],[-148.9525,59.9735],[-148.6147,59.9209],[-148.2329,60.1172],[-148.0873,60.214],[-148.2141,60.2604],[-148.0873,60.3752],[-147.9596,60.4181],[-147.9605,60.501],[-148.1907,60.6073],[-148.3377,60.8066],[-148.1638,61.0426],[-148.0448,60.9514],[-147.7974,60.8566],[-147.4738,60.9879],[-147.4449,60.9117],[-147.1798,60.9307],[-147.1035,61.0084],[-146.8605,60.9758],[-146.6096,61.1207],[-146.3005,61.1342],[-146.2411,61.0909],[-146.6618,61.0629],[-146.7288,60.9132],[-146.5476,60.8137],[-146.6988,60.7334],[-146.475,60.675],[-146.2986,60.7135],[-146.1478,60.6323],[-145.711,60.5833],[-145.8993,60.4456],[-145.5668,60.4143],[-145.6081,60.3104],[-145.1704,60.2218],[-144.8864,60.2894],[-144.7313,60.2635],[-144.5856,60.178],[-144.2933,60.1798],[-143.9016,59.9868],[-143.4688,60.0536],[-142.9096,60.089],[-142.5778,60.087],[-141.9766,60.0164],[-141.7326,59.9602],[-141.4018,60.0065],[-141.2861,59.9403],[-141.4215,59.8765],[-140.8359,59.7324],[-140.319,59.6921],[-139.7802,59.8287],[-139.5998,59.8023],[-139.4814,59.7073],[-139.6307,59.584],[-139.8561,59.5348],[-139.6304,59.4571],[-139.245,59.3908],[-139.2464,59.3424],[-138.9314,59.253],[-138.5924,59.1188],[-138.4811,59.1099],[-138.1836,59.0154],[-137.9378,58.8769],[-137.9298,58.7832],[-137.3994,58.507],[-137.1144,58.3993],[-136.897,58.3867],[-136.8235,58.3075],[-136.6473,58.2116],[-136.646,58.2104],[-136.5735,58.2805],[-136.1,58.3457],[-136.0382,58.383],[-136.1862,58.5098],[-136.2547,58.6342],[-136.3917,58.7177],[-136.5711,58.7755],[-136.4884,58.837],[-136.2518,58.7523],[-136.0884,58.8184],[-135.8452,58.5429],[-135.9213,58.386],[-135.623,58.4268],[-135.3975,58.3249],[-135.2942,58.2355],[-135.1634,58.2088],[-135.0546,58.3492],[-135.1655,58.5637],[-135.2387,58.7652],[-135.4021,58.9727],[-135.3786,59.0863],[-135.4688,59.1734],[-135.2847,59.1965],[-135.2038,59.0712],[-135.1377,58.8303],[-134.9586,58.8021],[-134.9897,58.6754],[-134.7391,58.3773],[-134.5155,58.3464],[-134.2188,58.2049],[-134.1039,58.2353],[-134.0501,58.0617],[-133.8885,57.9741],[-133.7104,57.7948],[-133.5595,57.7763],[-133.6741,57.657],[-133.5281,57.4914],[-133.4274,57.2863],[-133.539,57.193],[-133.2988,57.1068],[-133.0047,57.0493],[-132.7901,56.8437],[-132.5672,56.7568],[-132.429,56.6664],[-132.3458,56.5181],[-132.2108,56.4606],[-132.1101,56.3658],[-131.9904,56.3421],[-131.9328,56.237],[-131.8248,56.1915],[-131.9728,56.1737],[-131.9678,55.968],[-132.0707,55.9244],[-132.0788,55.8103],[-132.189,55.7905],[-132.2278,55.6987],[-132.1853,55.588],[-131.9688,55.5012],[-131.8584,55.6316],[-131.7701,55.8241],[-131.8459,55.8451],[-131.4379,56.0029],[-131.2143,56.0101],[-130.9038,55.7119],[-130.8709,55.3127],[-131.0904,55.1953],[-130.9812,55.0706],[-131.0051,55.0026],[-130.9316,54.8011],[-130.7193,54.7643],[-130.5573,54.8575],[-130.3711,54.9065],[-130.167,55.0802],[-130.1144,54.9898],[-130.2288,54.7164],[-130.3699,54.6805],[-130.4509,54.528],[-130.4849,54.3741],[-130.4177,54.3282],[-130.2507,54.317],[-130.2788,54.2041],[-130.1309,54.1485],[-130.0726,53.8907],[-129.7481,53.6916],[-129.6871,53.5965],[-129.3415,53.3833],[-129.2327,53.4532],[-129.2443,53.6158],[-129.1184,53.7169],[-128.9703,53.7716],[-128.9163,53.8389],[-128.7286,53.923],[-128.6785,53.8525],[-128.8074,53.7716],[-128.837,53.6471],[-128.768,53.4914],[-128.9689,53.5499],[-128.8855,53.4106],[-128.8885,53.3102],[-128.7563,53.2153],[-128.6055,53.1614],[-128.5241,53.0323],[-128.5016,52.8899],[-128.4342,52.8166],[-128.241,52.7993],[-128.125,52.8328],[-128.1155,52.759],[-128.2442,52.5724],[-128.2522,52.4094],[-128.3578,52.3589],[-128.2949,52.256],[-128.1505,52.4106],[-128.0405,52.3307],[-127.9434,52.3242],[-127.882,52.1989],[-127.7852,52.2672],[-127.4852,52.3405],[-127.4611,52.4015],[-127.2228,52.4619],[-127.1639,52.3427],[-127.2928,52.2358],[-127.6077,52.121],[-127.6843,51.953],[-127.8878,51.8853],[-127.8891,51.6923],[-127.791,51.6228],[-127.7801,51.5292],[-127.5181,51.5208],[-127.7784,51.3196],[-127.786,51.1621],[-127.6582,51.0868],[-127.4926,51.0968],[-127.5151,50.9898],[-127.4066,50.9245],[-127.2777,50.9115],[-127.078,50.8394],[-126.9549,50.8452],[-126.8698,50.9502],[-126.7217,50.8731],[-126.5532,50.8924],[-126.476,50.8133],[-126.3345,50.8489],[-126.252,50.8333],[-126.1789,50.8305],[-126.2052,50.8086],[-126.1949,50.7825],[-126.1948,50.5793],[-126.155,50.4849],[-125.9618,50.4677],[-125.7886,50.4916],[-125.7038,50.4219],[-125.3969,50.4681],[-125.098,50.4451],[-125.0889,50.3548],[-124.8328,50.307],[-124.6341,50.2945],[-124.6069,50.2019],[-124.7263,50.1262],[-124.7352,50.0415],[-124.7525,49.9636],[-124.4054,49.7665],[-124.1316,49.7813],[-124.0902,49.8386],[-123.8952,49.8135],[-124.0343,49.7415],[-124.0744,49.646],[-123.9488,49.5017],[-123.5006,49.3933],[-123.4771,49.5281],[-123.2611,49.5261],[-123.2453,49.34],[-123.1209,49.3112],[-123.2189,49.227],[-123.044,49.2053],[-123.0499,49.041],[-122.8905,49.0916],[-122.7731,49.0111],[-122.7853,48.8845],[-122.7055,48.8001],[-122.5389,48.7762],[-122.4262,48.6001],[-122.4886,48.5571],[-122.477,48.3595],[-122.3746,48.3003],[-122.4247,48.2283],[-122.3615,48.1196],[-122.2225,48.0092],[-122.3067,47.9495],[-122.4206,47.5759],[-122.3241,47.3495],[-122.5101,47.3069],[-122.5917,47.1765],[-122.6851,47.098],[-122.9623,47.1694],[-122.9276,47.2802],[-122.7528,47.2899],[-122.5767,47.257],[-122.5306,47.4716],[-122.6082,47.5465],[-122.6038,47.6963],[-122.4798,47.7447],[-122.5135,47.8805],[-122.6841,47.7986],[-122.7533,47.6676],[-122.9441,47.6306],[-122.8449,47.8042],[-122.7894,47.7852],[-122.6302,47.8802],[-122.8,48.0856],[-123.0411,48.0865],[-123.1303,48.1544],[-123.2483,48.1162],[-123.5937,48.1351],[-124.0474,48.1768],[-124.2492,48.2637],[-124.3834,48.285],[-124.565,48.3674],[-124.7237,48.3865],[-124.6597,48.3269],[-124.7342,48.1641],[-124.6233,47.8865],[-124.4973,47.8225],[-124.4253,47.7376],[-124.3652,47.5799],[-124.3199,47.3548],[-124.2342,47.2851],[-124.1391,47.0361],[-124.028,47.0291],[-123.9833,46.9227],[-124.0938,46.868],[-124.0954,46.7437],[-123.9974,46.7097],[-123.8925,46.5138],[-123.9054,46.4347],[-124.0624,46.3567],[-123.8775,46.241],[-123.7057,46.309],[-123.6695,46.2673],[-123.4796,46.2738],[-123.2747,46.151],[-123.1524,46.1923],[-123.0574,46.1724],[-122.9609,46.1086],[-122.8781,46.0859],[-122.8775,46.0436],[-122.7857,45.9448],[-122.7647,45.6492],[-122.8675,45.6739],[-122.8026,45.7913],[-122.8261,45.965],[-122.9139,46.0842],[-123.0695,46.1562],[-123.1824,46.1818],[-123.2325,46.1391],[-123.382,46.1428],[-123.5044,46.2354],[-123.7256,46.1705],[-123.919,46.1778],[-123.9245,46.0081],[-123.9709,45.7635],[-123.9292,45.6619],[-123.9751,45.4659],[-123.9706,45.1758],[-124.0764,44.7719],[-124.0668,44.6031],[-124.1226,44.0926],[-124.1731,43.7866],[-124.2965,43.3672],[-124.3816,43.2695],[-124.4755,42.9619],[-124.5562,42.8324],[-124.5132,42.738],[-124.413,42.6585],[-124.3903,42.5694],[-124.4338,42.4429],[-124.352,42.1001],[-124.2118,42.0001],[-124.2072,41.8942],[-124.2546,41.7784],[-124.1435,41.7094],[-124.073,41.5401],[-124.0637,41.433],[-124.108,41.2239],[-124.1658,41.1294],[-124.1127,41.0288],[-124.2122,40.7071],[-124.2874,40.6836],[-124.409,40.4474],[-124.3487,40.3215],[-124.3634,40.2651],[-124.1869,40.1303],[-124.1104,40.1041],[-123.8529,39.8332],[-123.7677,39.5508],[-123.8267,39.3476],[-123.6896,39.032],[-123.7301,38.9543],[-123.6469,38.8447],[-123.4626,38.7182],[-123.3343,38.5652],[-123.1298,38.45],[-122.9679,38.2504],[-122.9388,38.0334],[-122.8308,38.0027],[-122.7022,37.8938],[-122.549,37.8339],[-122.5005,37.9263],[-122.477,38.1147],[-122.3677,38.1356],[-122.2752,38.0667],[-122.1298,38.0444],[-122.0458,38.1382],[-121.973,38.0737],[-122.1481,38.0218],[-122.2449,38.0578],[-122.4122,37.9629],[-122.3106,37.8954],[-122.3324,37.7827],[-122.2404,37.7504],[-122.1619,37.6673],[-122.1109,37.5048],[-122.3782,37.6057],[-122.4181,37.8093],[-122.5128,37.7838],[-122.4938,37.6274],[-122.5202,37.536],[-122.4644,37.4969],[-122.4009,37.3587],[-122.4059,37.1972],[-122.2233,37.0248],[-122.0658,36.9481],[-121.937,36.9788],[-121.8663,36.9364],[-121.7888,36.8023],[-121.8105,36.6924],[-121.9426,36.4871],[-121.8988,36.3021],[-121.7086,36.1878],[-121.5739,36.0233],[-121.5034,36.0002],[-121.4618,35.885],[-121.3334,35.7825],[-121.2792,35.6672],[-121.1843,35.6421],[-121.005,35.461],[-120.8871,35.4338],[-120.8399,35.345],[-120.897,35.2446],[-120.788,35.1773],[-120.6384,35.1329],[-120.6722,34.9031],[-120.6123,34.8612],[-120.6372,34.7582],[-120.6006,34.7057],[-120.6465,34.5788],[-120.5125,34.5235],[-120.4718,34.448],[-120.1529,34.4729],[-120.0026,34.4587],[-119.8782,34.4066],[-119.5649,34.4155],[-119.2744,34.2623],[-119.2163,34.1456],[-118.9387,34.0434],[-118.785,34.0214],[-118.5425,34.0389],[-118.4433,33.9462],[-118.3912,33.8369],[-118.4117,33.7409],[-118.2976,33.7091],[-118.1806,33.7647],[-118.0949,33.7366],[-117.9286,33.6077],[-117.7814,33.5395],[-117.4867,33.3146],[-117.3263,33.1185],[-117.2512,32.8789],[-117.281,32.8212],[-117.2239,32.725],[-117.1178,32.6714],[-117.1243,32.486],[-117.0213,32.2669],[-116.9371,32.2427],[-116.8875,32.1301],[-116.8818,32.0202],[-116.7701,31.9718],[-116.7461,31.9015],[-116.6207,31.8513],[-116.6511,31.5884],[-116.6862,31.5498],[-116.5222,31.434],[-116.3918,31.2826],[-116.3093,31.1515],[-116.3395,30.9878],[-116.2666,30.9642],[-116.1759,30.8612],[-116.0602,30.7996],[-116.0267,30.6387],[-116.049,30.4723],[-115.8611,30.3671],[-115.8031,30.2795],[-115.7827,30.093],[-115.8096,29.956],[-115.7431,29.9474],[-115.6853,29.8386],[-115.6986,29.7551],[-115.5055,29.6164],[-115.2507,29.5153],[-115.1897,29.4278],[-114.9823,29.3818],[-114.6094,29.0611],[-114.5983,28.9748],[-114.405,28.8619],[-114.3471,28.7298],[-114.182,28.656],[-114.0695,28.5142],[-114.0464,28.4428],[-114.1254,28.2563],[-114.0647,28.1989],[-114.1137,28.1171],[-114.0411,28.0223],[-114.1794,27.8222],[-114.1835,27.7494],[-114.1169,27.7059],[-113.8882,27.8062],[-113.9015,27.6371],[-114.0492,27.6512],[-114.0908,27.6112],[-114.284,27.7347],[-114.3522,27.816],[-114.4986,27.773],[-114.6021,27.7738],[-114.9152,27.837],[-115.0528,27.8202],[-115.0072,27.7167],[-114.7811,27.6023],[-114.7354,27.5225],[-114.5935,27.4727],[-114.5059,27.406],[-114.4792,27.2169],[-114.3326,27.1564],[-114.1223,27.1096],[-114.0003,26.9723],[-113.8686,26.9779],[-113.7812,26.9114],[-113.7339,26.7988],[-113.5763,26.7055],[-113.4642,26.8298],[-113.2677,26.7516],[-113.1489,26.7563],[-113.0544,26.6408],[-113.0673,26.6041],[-112.7111,26.3573],[-112.4974,26.2311],[-112.4492,26.2614],[-112.3525,26.1892],[-112.308,26.0719],[-112.1904,25.9831],[-112.0669,25.6516],[-112.0786,25.2468],[-112.1462,25.1478],[-112.1527,24.9823],[-112.1785,24.8193],[-112.0426,24.7541],[-111.9254,24.7478],[-111.8156,24.5617],[-111.7001,24.538],[-111.6059,24.4336],[-111.4795,24.3501],[-111.2502,24.2335],[-111.0463,24.1106],[-110.8126,23.9066],[-110.6842,23.7694],[-110.5533,23.6707],[-110.3698,23.5918],[-110.3096,23.5409],[-110.1649,23.3102],[-110.0987,23.0195],[-110.0589,22.9457],[-109.9634,22.8712],[-109.9047,22.8801],[-109.8072,22.9348],[-109.7118,23.0332],[-109.5342,23.1101],[-109.4352,23.2418],[-109.4235,23.4457]],[[-114.8073,31.766],[-114.7604,31.7006],[-114.663,31.7197],[-114.7928,31.8183],[-114.8073,31.766]],[[-113.1683,29.2797],[-113.3457,29.2958],[-113.3515,29.3824],[-113.4592,29.5164],[-113.5262,29.5496],[-113.5926,29.4179],[-113.4044,29.2095],[-113.2487,29.0731],[-113.1744,29.1269],[-113.1683,29.2797]],[[-112.3131,28.7525],[-112.2388,28.8719],[-112.1954,29.0185],[-112.2747,29.1385],[-112.2963,29.2241],[-112.478,29.1672],[-112.5066,29.0133],[-112.4914,28.9469],[-112.572,28.8678],[-112.3131,28.7525]],[[-110.532,24.8883],[-110.5891,25.0323],[-110.6554,24.9473],[-110.5895,24.8639],[-110.532,24.8883]],[[-109.7981,24.1566],[-109.933,24.3553],[-109.8926,24.1855],[-109.7981,24.1566]],[[-127.8499,50.2732],[-127.7607,50.237],[-127.9202,50.1297],[-127.795,50.0781],[-127.6741,50.1498],[-127.5159,50.1333],[-127.4368,50.044],[-127.3426,50.0241],[-127.2006,50.0921],[-127.1501,50.0224],[-127.246,49.9643],[-127.1496,49.858],[-126.9971,49.8517],[-126.8007,49.9067],[-126.7036,49.8629],[-126.6535,49.8743],[-126.6526,49.8123],[-126.5929,49.6974],[-126.4396,49.6527],[-126.5566,49.5865],[-126.5833,49.4174],[-126.4454,49.4702],[-126.2886,49.3529],[-126.1163,49.4292],[-126.0589,49.341],[-125.7545,49.2216],[-125.7498,49.0684],[-125.5108,48.9215],[-125.3699,48.9972],[-125.2766,48.9547],[-125.127,48.9789],[-124.9881,48.9378],[-125.212,48.7972],[-125.1037,48.7221],[-124.8104,48.6584],[-124.7004,48.5901],[-124.3665,48.5088],[-123.822,48.3566],[-123.5604,48.3096],[-123.3652,48.5155],[-123.4003,48.6852],[-123.5342,48.6939],[-123.5811,48.7322],[-123.5654,48.7799],[-123.5964,48.85],[-123.7581,48.9959],[-123.8184,49.1354],[-123.9264,49.1444],[-123.9477,49.2255],[-124.4157,49.3607],[-124.5734,49.3803],[-124.7856,49.4654],[-124.908,49.6259],[-124.859,49.7022],[-125.182,49.9136],[-125.2348,50.0205],[-125.3579,50.129],[-125.4118,50.27],[-125.5816,50.3682],[-125.7211,50.3563],[-125.9442,50.3905],[-126.0847,50.4492],[-126.3159,50.4799],[-126.6049,50.4838],[-126.7822,50.5438],[-126.9691,50.5603],[-127.1983,50.6156],[-127.4153,50.6959],[-127.4085,50.7478],[-127.9058,50.8748],[-128.1007,50.8699],[-128.407,50.7472],[-128.3083,50.6101],[-128.122,50.4892],[-127.8901,50.4545],[-127.9584,50.4017],[-127.8499,50.2732]],[[-132.0608,52.6907],[-131.952,52.6508],[-131.7834,52.5112],[-131.656,52.4725],[-131.5598,52.3255],[-131.2632,52.1187],[-131.0488,52.1635],[-131.0949,52.2899],[-131.1832,52.3206],[-131.3248,52.2938],[-131.472,52.5032],[-131.6533,52.5451],[-131.7924,52.7148],[-131.8469,52.8614],[-131.6591,52.8894],[-131.6034,52.9647],[-131.644,53.1083],[-131.783,53.1617],[-131.8041,53.2551],[-132.0169,53.1988],[-132.0822,53.1486],[-132.2305,53.1398],[-132.301,53.1534],[-132.4757,53.1233],[-132.5879,53.1517],[-132.4972,53.0274],[-132.2733,53.0203],[-132.3671,52.9298],[-132.2456,52.8598],[-132.0608,52.6907]],[[-132.9928,53.5842],[-132.9376,53.5159],[-132.6632,53.4272],[-132.7252,53.3764],[-132.7105,53.253],[-132.6208,53.2478],[-132.4729,53.1354],[-132.3211,53.1611],[-132.2136,53.148],[-132.1793,53.2422],[-131.9942,53.2479],[-131.9107,53.4305],[-131.9557,53.5129],[-131.8733,53.7105],[-131.8834,53.7724],[-131.6965,53.9983],[-131.7905,54.0737],[-132.1171,54.0316],[-132.0916,53.9017],[-132.2007,53.6587],[-132.32,53.676],[-132.2589,53.765],[-132.1283,53.843],[-132.176,54.0155],[-132.2906,54.1069],[-132.4388,54.0967],[-132.6739,54.1502],[-132.8201,54.1278],[-133.0833,54.1833],[-133.0547,54.0314],[-133.1588,53.9142],[-133.1311,53.796],[-132.9933,53.7421],[-132.9928,53.5842]],[[-133.1239,55.2583],[-133.2213,55.2413],[-133.2396,55.0867],[-132.8637,54.7069],[-132.8622,54.6972],[-132.6718,54.6703],[-132.749,54.8191],[-132.948,54.9426],[-133.1239,55.2583]],[[-134.8494,57.2082],[-134.9675,57.3089],[-134.8038,57.3386],[-134.8976,57.4257],[-135.0078,57.4111],[-135.2801,57.4762],[-135.4258,57.5623],[-135.686,57.3723],[-135.5501,57.2374],[-135.3595,57.2515],[-135.4036,57.1017],[-135.2778,57.0326],[-135.3708,56.9783],[-135.3774,56.8164],[-135.192,56.7141],[-134.9512,56.3853],[-134.7525,56.2146],[-134.6342,56.2638],[-134.6157,56.6354],[-134.6949,56.8977],[-134.8494,57.2082]],[[-135.8397,57.3407],[-135.8275,57.103],[-135.8578,57.0109],[-135.8475,56.9938],[-135.6562,57.0147],[-135.5672,57.1514],[-135.7031,57.3284],[-135.8397,57.3407]],[[-135.845,57.3916],[-135.7029,57.3691],[-135.5473,57.479],[-135.5693,57.5948],[-135.7417,57.6751],[-135.7291,57.7203],[-135.1789,57.5211],[-135.0884,57.4657],[-134.8706,57.4647],[-134.8501,57.5805],[-134.9229,57.6777],[-134.9573,57.8162],[-135.0745,57.8783],[-134.9227,57.9232],[-134.9523,58.0398],[-135.1196,58.0899],[-135.4191,58.1002],[-135.5189,58.1836],[-135.8249,58.2828],[-136.0051,58.1881],[-136.1405,58.2254],[-136.3646,58.211],[-136.448,58.1201],[-136.3516,58.0484],[-136.3611,57.9338],[-136.4312,57.844],[-136.4049,57.8226],[-136.1394,57.6986],[-135.9896,57.5364],[-135.9685,57.4636],[-135.845,57.3916]],[[-136.5733,57.9188],[-136.4433,57.8538],[-136.3563,58.0267],[-136.5232,58.0994],[-136.5733,57.9188]],[[-110.9155,18.7981],[-110.9889,18.8671],[-111.0462,18.7851],[-110.9482,18.7213],[-110.9155,18.7981]],[[-154.9753,19.3474],[-154.8199,19.4783],[-154.8112,19.5261],[-154.98,19.6376],[-155.0024,19.7363],[-155.0901,19.7343],[-155.0812,19.8476],[-155.2793,20.0189],[-155.4517,20.0956],[-155.5976,20.123],[-155.7566,20.2376],[-155.8705,20.2648],[-155.8912,20.1233],[-155.8236,20.0275],[-155.9237,19.8698],[-156.0506,19.774],[-156.0316,19.6519],[-155.9723,19.5936],[-155.8847,19.3331],[-155.9189,19.1148],[-155.8789,19.0335],[-155.7953,19.0041],[-155.6775,18.9099],[-155.6003,18.9684],[-155.5097,19.1285],[-155.2943,19.2631],[-155.124,19.276],[-154.9753,19.3474]],[[-156.566,20.5169],[-156.5748,20.6042],[-156.6774,20.5556],[-156.6635,20.5014],[-156.566,20.5169]],[[-156.0017,20.794],[-156.108,20.825],[-156.2391,20.9352],[-156.3294,20.9453],[-156.474,20.8909],[-156.5882,21.0308],[-156.667,20.9957],[-156.6864,20.8809],[-156.6178,20.8067],[-156.4621,20.7804],[-156.4267,20.5941],[-156.2975,20.5825],[-156.1927,20.6283],[-156.0472,20.6512],[-155.9874,20.7084],[-156.0017,20.794]],[[-156.9637,20.7309],[-156.8349,20.7607],[-156.8053,20.8077],[-156.9004,20.9149],[-157.0346,20.9227],[-156.9637,20.7309]],[[-157.2486,21.0865],[-157.0589,21.0992],[-156.8735,21.0469],[-156.8027,21.0661],[-156.7102,21.158],[-157.187,21.2037],[-157.2507,21.1776],[-157.2486,21.0865]],[[-157.9662,21.7099],[-158.1172,21.5845],[-158.2533,21.5803],[-158.2314,21.4823],[-158.1003,21.295],[-157.8949,21.3242],[-157.7905,21.2585],[-157.6486,21.3038],[-157.7151,21.3925],[-157.8383,21.4593],[-157.8336,21.5267],[-157.9662,21.7099]],[[-106.633,21.6032],[-106.5281,21.5574],[-106.5494,21.6705],[-106.6475,21.665],[-106.633,21.6032]],[[-160.1983,21.7969],[-160.1605,21.8619],[-160.0734,21.8948],[-160.0673,22.0033],[-160.2294,21.8856],[-160.1983,21.7969]],[[-159.3136,22.1848],[-159.4012,22.2297],[-159.5752,22.2243],[-159.7241,22.1513],[-159.783,22.0705],[-159.7732,22.0063],[-159.6094,21.9004],[-159.4461,21.8685],[-159.3294,21.9656],[-159.2928,22.1219],[-159.3136,22.1848]],[[-105.6692,22.4707],[-105.7012,22.4679],[-105.6519,22.2314],[-105.6401,22.3221],[-105.6389,22.4088],[-105.6523,22.422],[-105.6427,22.447],[-105.6692,22.4707]],[[-111.7025,24.3738],[-111.8682,24.5208],[-111.9386,24.483],[-111.7107,24.3028],[-111.7025,24.3738]],[[-112.1755,24.765],[-112.1747,24.6547],[-112.0728,24.5736],[-112.2162,24.8493],[-112.1661,24.9113],[-112.1669,25.0962],[-112.3025,24.791],[-112.1755,24.765]],[[-115.3067,28.1458],[-115.2303,28.0278],[-115.1572,28.1428],[-115.1936,28.3614],[-115.2644,28.2956],[-115.2381,28.2306],[-115.3067,28.1458]],[[-118.2913,28.9602],[-118.2889,28.882],[-118.2209,28.9624],[-118.2278,29.0624],[-118.3333,29.1709],[-118.3657,29.0808],[-118.2913,28.9602]],[[-118.3664,33.4058],[-118.4886,33.4189],[-118.4656,33.3256],[-118.3156,33.3408],[-118.3664,33.4058]],[[-119.9714,33.9412],[-120.0756,34.0243],[-120.2221,33.9876],[-120.1,33.907],[-119.9714,33.9412]],[[-119.9195,34.0627],[-119.8508,33.9674],[-119.7209,33.9591],[-119.633,34.0129],[-119.857,34.0724],[-119.9195,34.0627]],[[-126.0866,49.3722],[-126.2418,49.3396],[-126.2339,49.2839],[-126.1,49.2458],[-126.0866,49.3722]],[[-126.6693,49.8541],[-126.7725,49.8791],[-126.9079,49.8453],[-126.9008,49.6762],[-126.827,49.6181],[-126.6713,49.5794],[-126.6135,49.5985],[-126.6506,49.7232],[-126.6327,49.749],[-126.6743,49.8274],[-126.6693,49.8541]],[[-81.6277,7.3912],[-81.726,7.4382],[-81.7076,7.54],[-81.7409,7.6322],[-81.8773,7.5224],[-81.8588,7.4387],[-81.7618,7.3522],[-81.6445,7.3167],[-81.6277,7.3912]],[[-77.5297,4.2079],[-77.4463,4.1854],[-77.3395,4.1964],[-77.4143,4.2928],[-77.5297,4.2079]],[[-157.1742,1.7619],[-157.3104,1.8169],[-157.3456,1.9028],[-157.3013,1.9693],[-157.425,2.0402],[-157.4794,1.9812],[-157.3909,1.9374],[-157.4402,1.7897],[-157.3503,1.7731],[-157.2071,1.6928],[-157.1742,1.7619]],[[-78.9636,8.2928],[-78.856,8.2953],[-78.8426,8.4127],[-78.8923,8.474],[-78.9722,8.4569],[-78.9636,8.2928]],[[-126.3342,50.8337],[-126.4241,50.8042],[-126.5902,50.7122],[-126.4911,50.6374],[-126.2694,50.655],[-126.2109,50.7695],[-126.2297,50.8232],[-126.3342,50.8337]],[[-126.4604,50.5123],[-126.2458,50.5384],[-126.2939,50.6109],[-126.4806,50.5547],[-126.4604,50.5123]],[[-124.9804,50.2471],[-124.8128,50.1126],[-124.7767,50.1919],[-124.8565,50.2858],[-124.9804,50.2471]],[[-125.2333,50.0828],[-125.1628,49.9988],[-125.2159,50.1023],[-125.1389,50.1917],[-125.234,50.2734],[-125.3676,50.2265],[-125.3504,50.1403],[-125.2333,50.0828]],[[-124.5095,49.743],[-124.6042,49.8033],[-124.6378,49.7368],[-124.4774,49.6781],[-124.4369,49.6213],[-124.2457,49.6005],[-124.3574,49.709],[-124.5095,49.743]],[[-122.98,48.6406],[-122.8866,48.5886],[-122.8047,48.6844],[-122.9391,48.7096],[-122.98,48.6406]],[[-122.6104,48.5225],[-122.6501,48.4081],[-122.5033,48.439],[-122.6104,48.5225]],[[-122.3762,48.0343],[-122.5581,48.1187],[-122.6456,48.2809],[-122.5793,48.3741],[-122.7229,48.3046],[-122.7702,48.2242],[-122.6147,48.1571],[-122.5988,48.027],[-122.3492,47.9581],[-122.3762,48.0343]],[[-123.1763,48.5615],[-123.1335,48.4981],[-122.9618,48.4512],[-123.1014,48.619],[-123.1763,48.5615]],[[-123.3667,48.7717],[-123.4435,48.8566],[-123.5498,48.8672],[-123.563,48.7599],[-123.4651,48.7187],[-123.3667,48.7717]],[[-127.8935,51.5647],[-127.9548,51.6461],[-128.1576,51.6673],[-128.0884,51.4789],[-127.9092,51.4192],[-127.8935,51.5647]],[[-128.0776,51.7862],[-127.9729,51.9167],[-127.9475,52.0612],[-128.1547,52.0495],[-128.2335,51.8631],[-128.0776,51.7862]],[[-127.8944,52.1851],[-127.9694,52.3047],[-128.127,52.2713],[-128.037,52.175],[-127.8944,52.1851]],[[-127.2138,52.3218],[-127.2594,52.4253],[-127.4341,52.3834],[-127.4709,52.3201],[-127.8162,52.196],[-127.9027,52.0095],[-127.8418,51.938],[-127.7133,51.964],[-127.6396,52.1389],[-127.4106,52.2516],[-127.2138,52.3218]],[[-128.7732,52.4281],[-128.676,52.2705],[-128.6162,52.3317],[-128.6272,52.4691],[-128.468,52.4683],[-128.5876,52.5996],[-128.7458,52.5963],[-128.7732,52.4281]],[[-129.2739,52.8275],[-129.2911,52.7219],[-129.0135,52.4784],[-128.9306,52.6129],[-129.2739,52.8275]],[[-131.4445,52.7114],[-131.7286,52.7061],[-131.5786,52.5811],[-131.4638,52.6237],[-131.4445,52.7114]],[[-128.8859,53.2718],[-129.0903,53.2698],[-129.0825,53.0972],[-129.1731,53.0722],[-129.1865,52.9345],[-129.1267,52.881],[-129.063,52.7379],[-128.7557,52.6003],[-128.5989,52.6047],[-128.5216,52.9433],[-128.5746,53.093],[-128.8859,53.2718]],[[-129.3161,53.0465],[-129.4879,53.1904],[-129.5598,53.143],[-129.4323,53.0122],[-129.3161,53.0465]],[[-130.4162,53.5055],[-130.3044,53.3833],[-130.221,53.3768],[-129.9585,53.1669],[-129.7524,53.2144],[-129.9039,53.3905],[-130.1078,53.5146],[-130.4644,53.6371],[-130.5506,53.552],[-130.4162,53.5055]],[[-130.1053,53.5612],[-130.1225,53.6958],[-130.2307,53.7253],[-130.3999,53.7072],[-130.3594,53.6324],[-130.1053,53.5612]],[[-130.6436,53.8349],[-130.3432,53.8276],[-130.2305,53.9522],[-130.3825,54.0893],[-130.5456,54.056],[-130.7235,53.9395],[-130.6436,53.8349]],[[-129.5875,53.2114],[-129.335,53.3642],[-129.7036,53.5982],[-129.8234,53.7096],[-130.1274,53.8893],[-130.2266,53.8982],[-130.206,53.7211],[-130.1007,53.7007],[-130.0623,53.5975],[-129.8809,53.546],[-129.9158,53.4632],[-129.5875,53.2114]],[[-129.062,53.5289],[-128.8574,53.6062],[-128.876,53.7171],[-129.1779,53.6248],[-129.1678,53.3813],[-129.062,53.5289]],[[-128.9277,53.328],[-128.9318,53.4155],[-129.0558,53.4438],[-129.1531,53.3347],[-128.9277,53.328]],[[-129.3456,53.2055],[-129.2823,53.0839],[-129.1406,53.119],[-129.1728,53.2847],[-129.2555,53.3245],[-129.3456,53.2055]],[[-128.3462,52.7694],[-128.3899,52.8003],[-128.4486,52.6391],[-128.4421,52.55],[-128.2913,52.5238],[-128.1725,52.724],[-128.1457,52.8172],[-128.3462,52.7694]],[[-130.7861,54.6247],[-130.9283,54.6186],[-130.9606,54.4575],[-130.7744,54.5519],[-130.7861,54.6247]],[[-132.17,55.373],[-132.3627,55.4074],[-132.4219,55.5398],[-132.3269,55.5742],[-132.4698,55.7831],[-132.7359,55.9845],[-132.9452,56.0616],[-133.1196,56.0805],[-133.0372,56.1799],[-133.1953,56.3325],[-133.4329,56.327],[-133.6171,56.3593],[-133.633,56.2191],[-133.5739,56.1766],[-133.6359,56.0858],[-133.8167,55.9534],[-133.6855,55.9159],[-133.3785,56.0241],[-133.3055,55.986],[-133.168,55.8094],[-133.3933,55.716],[-133.4073,55.6444],[-133.2927,55.5882],[-133.0794,55.5884],[-133.2252,55.3827],[-133.2356,55.2844],[-132.8227,55.2421],[-132.8003,55.1812],[-132.5447,55.0987],[-132.5626,54.934],[-132.4036,54.9297],[-132.312,54.7214],[-132.0958,54.6891],[-131.9522,54.8031],[-131.9664,54.9598],[-132.0329,55.0337],[-131.9758,55.1828],[-132.1477,55.2994],[-132.17,55.373]],[[-132.8173,55.1807],[-132.895,55.162],[-132.7567,54.9886],[-132.6828,55.0471],[-132.8173,55.1807]],[[-133.3308,55.3454],[-133.4573,55.3149],[-133.4602,55.2238],[-133.3365,55.2032],[-133.2234,55.272],[-133.3308,55.3454]],[[-133.587,55.5409],[-133.7246,55.5595],[-133.8176,55.4375],[-133.6719,55.4383],[-133.587,55.5409]],[[-133.5523,55.8356],[-133.6452,55.729],[-133.5417,55.6962],[-133.4158,55.74],[-133.5523,55.8356]],[[-133.6904,56.603],[-133.7632,56.6875],[-133.7295,56.7773],[-134.004,56.8299],[-134.1489,56.9147],[-134.2941,56.9075],[-134.4226,56.8411],[-134.4008,56.7256],[-134.1374,56.48],[-134.294,56.3534],[-134.2079,56.1488],[-134.2367,56.076],[-134.1324,56.0019],[-134.09,56.0911],[-133.9589,56.0936],[-133.9558,56.2055],[-133.8706,56.3631],[-133.8719,56.5229],[-133.6904,56.603]],[[-133.6575,56.4435],[-133.5068,56.4369],[-133.4305,56.4962],[-133.2022,56.4465],[-132.9332,56.6659],[-133.0012,56.8076],[-132.9402,56.8512],[-133.076,56.9906],[-133.436,57.0137],[-133.8785,57.0995],[-134.0413,57.0227],[-133.912,56.9587],[-133.8828,56.8661],[-133.7628,56.8075],[-133.7171,56.8239],[-133.7023,56.7025],[-133.6585,56.5609],[-133.6575,56.4435]],[[-133.9364,57.6127],[-134.1171,57.7297],[-134.3223,57.9765],[-134.1632,57.9924],[-134.2043,58.1145],[-134.4476,58.1738],[-134.6924,58.1597],[-134.8376,58.3421],[-134.947,58.2797],[-134.7707,58.0875],[-134.8097,58.0442],[-134.7061,57.832],[-134.7344,57.7408],[-134.5283,57.4063],[-134.654,57.2233],[-134.6119,57.0152],[-134.4214,57.068],[-134.1561,57.2069],[-134.092,57.3274],[-133.8628,57.3673],[-133.9326,57.4718],[-133.9364,57.6127]],[[-134.6296,58.2483],[-134.3469,58.1991],[-134.3092,58.2337],[-134.4973,58.3332],[-134.6063,58.3315],[-134.6296,58.2483]],[[-132.8267,56.7944],[-132.9409,56.8231],[-132.911,56.6385],[-132.9527,56.51],[-132.7988,56.4954],[-132.5432,56.5833],[-132.6187,56.6635],[-132.8267,56.7944]],[[-131.9216,56.2039],[-132.0108,56.3376],[-132.1743,56.3508],[-132.2795,56.4619],[-132.3894,56.4891],[-132.3429,56.4111],[-132.3652,56.2842],[-132.2754,56.2072],[-132.0969,56.1337],[-132.0161,56.1948],[-131.9216,56.2039]],[[-132.4351,55.9489],[-132.2406,55.9279],[-132.2205,56.0678],[-132.1422,56.1337],[-132.3128,56.1897],[-132.4351,56.3521],[-132.5305,56.3378],[-132.722,56.1429],[-132.4387,56.0204],[-132.4351,55.9489]],[[-132.6569,56.2774],[-132.6619,56.4383],[-132.9287,56.4576],[-133.0664,56.3308],[-132.882,56.244],[-132.6569,56.2774]],[[-130.9708,55.3911],[-130.9942,55.4741],[-130.9288,55.5765],[-130.9724,55.7044],[-131.071,55.8276],[-131.2645,55.9729],[-131.5995,55.9001],[-131.7122,55.834],[-131.6697,55.7703],[-131.7233,55.6341],[-131.6999,55.5469],[-131.8297,55.4478],[-131.5511,55.2938],[-131.3555,55.2592],[-131.2356,55.1968],[-131.0642,55.2601],[-130.9708,55.3911]],[[-131.3897,55.1902],[-131.4872,55.2552],[-131.6046,55.214],[-131.6099,55.0129],[-131.387,55.0122],[-131.3516,55.1238],[-131.3897,55.1902]],[[-131.348,54.8562],[-131.1964,54.9145],[-131.2624,54.9999],[-131.4856,54.9288],[-131.348,54.8562]],[[-131.6282,55.3046],[-131.8108,55.4152],[-131.8803,55.3746],[-131.8287,55.189],[-131.7667,55.1354],[-131.6282,55.3046]],[[-130.435,54.7567],[-130.4939,54.8258],[-130.6444,54.7614],[-130.5406,54.7033],[-130.435,54.7567]],[[-130.2747,54.8341],[-130.2758,54.9532],[-130.4784,54.8361],[-130.4141,54.7676],[-130.2747,54.8341]],[[-152.664,58.4799],[-152.8082,58.4037],[-152.7696,58.3173],[-152.9066,58.2713],[-153.0472,58.2976],[-153.2229,58.1604],[-153.0209,58.0455],[-152.8615,57.9925],[-152.5183,58.116],[-152.3183,58.1594],[-152.0469,58.1809],[-151.9737,58.2321],[-152.2682,58.41],[-152.495,58.3727],[-152.545,58.4566],[-152.664,58.4799]],[[-153.4108,57.8296],[-153.5475,57.7848],[-153.6195,57.8796],[-153.8555,57.8634],[-153.9355,57.7297],[-153.8798,57.6327],[-154.2327,57.6632],[-154.6319,57.5062],[-154.7436,57.3242],[-154.5314,57.1839],[-154.5278,56.9915],[-154.2189,56.8967],[-154.1414,56.9974],[-153.9746,56.9573],[-153.9803,56.8977],[-154.1279,56.7853],[-153.9767,56.7434],[-153.5409,57.0009],[-153.6634,57.0859],[-153.4905,57.1067],[-153.2317,57.2279],[-153.0691,57.2131],[-152.6267,57.3281],[-152.6264,57.406],[-152.4887,57.4686],[-152.3295,57.425],[-152.2891,57.5209],[-152.1812,57.5794],[-152.4293,57.6395],[-152.5578,57.719],[-152.3645,57.8023],[-152.4614,57.8838],[-152.7908,57.8565],[-152.7969,57.8997],[-153.2,57.9686],[-153.2042,57.7846],[-153.4108,57.8296]],[[-152.9716,57.1894],[-153.1556,57.1608],[-153.2112,57.2083],[-153.385,57.1136],[-153.2954,56.9928],[-153.176,57.0966],[-152.9017,57.1303],[-152.9716,57.1894]],[[-153.398,58.0805],[-153.0956,58.0018],[-153.2715,58.1476],[-153.398,58.0805]],[[-152.4144,58.4897],[-152.3783,58.6311],[-152.5892,58.5596],[-152.5667,58.4797],[-152.4144,58.4897]],[[-146.9201,60.3085],[-147.1133,60.3808],[-147.2117,60.3472],[-147.2091,60.2391],[-147.4355,60.0947],[-147.6967,59.9965],[-147.9144,59.8316],[-147.8768,59.7635],[-147.444,59.8664],[-147.496,59.9393],[-147.1962,60.152],[-146.9657,60.2491],[-146.9201,60.3085]],[[-147.8294,60.2071],[-147.7367,60.2491],[-147.6105,60.4251],[-147.8266,60.4399],[-147.9162,60.2236],[-147.8294,60.2071]],[[-146.2933,60.5165],[-146.2331,60.4505],[-145.8239,60.5517],[-145.9395,60.583],[-146.2933,60.5165]],[[-146.3782,60.3298],[-146.0813,60.3728],[-146.1285,60.432],[-146.3746,60.4505],[-146.5391,60.4861],[-146.7268,60.3852],[-146.7002,60.2786],[-146.61,60.2362],[-146.3782,60.3298]],[[-148.0353,60.7816],[-147.9186,60.8104],[-147.9532,60.8966],[-148.1027,60.9125],[-148.1511,60.8171],[-148.0353,60.7816]],[[-154.312,56.5865],[-154.2308,56.4925],[-154.1039,56.5312],[-154.1237,56.6158],[-154.312,56.5865]],[[-155.5641,55.7896],[-155.6106,55.913],[-155.7226,55.7732],[-155.5641,55.7896]],[[-160.4798,55.1829],[-160.5696,55.2752],[-160.541,55.3834],[-160.731,55.4076],[-160.8412,55.3408],[-160.8423,55.2042],[-160.5884,55.146],[-160.4798,55.1829]],[[-159.8826,55.2897],[-159.9632,55.2102],[-160.1241,55.1331],[-160.0829,54.9913],[-159.8833,55.0986],[-159.8826,55.2897]],[[-162.4236,54.92],[-162.2717,54.8601],[-162.262,54.9778],[-162.4236,54.92]]]]}},{"type":"Feature","properties":{"NAME":"South Atlantic Ocean","region":"South Atlantic Ocean","n_subregions":2,"subregions":"Rio de La Plata; South Atlantic Ocean","area_sum_original":40533609},"geometry":{"type":"Polygon","coordinates":[[[-57.1233,-36.2692],[-57.2744,-36.137],[-57.3807,-35.9571],[-57.3632,-35.7459],[-57.1537,-35.4968],[-57.1281,-35.4229],[-57.2338,-35.2621],[-57.5074,-35.0247],[-57.7426,-34.9185],[-57.8716,-34.8318],[-58.1972,-34.7345],[-58.3643,-34.6225],[-58.4696,-34.5188],[-58.5416,-34.3061],[-58.7901,-34.2333],[-58.9598,-34.1551],[-58.9858,-34.1392],[-58.9773,-34.1165],[-59.0101,-34.1004],[-59.0446,-34.0444],[-59.095,-34.0427],[-59.3509,-33.8106],[-59.272,-33.7737],[-58.9021,-33.8837],[-58.8107,-33.9494],[-58.5542,-33.8369],[-58.5216,-33.7609],[-58.5519,-33.6675],[-58.5368,-33.4781],[-58.4431,-33.3174],[-58.3997,-33.0682],[-58.2735,-33.0987],[-58.1665,-33.0655],[-58.1282,-32.8953],[-58.2339,-32.5112],[-58.1591,-32.5553],[-58.1064,-32.8882],[-58.0401,-32.9308],[-58.1007,-33.0634],[-58.178,-33.1066],[-58.3558,-33.1377],[-58.3582,-33.3262],[-58.4092,-33.3485],[-58.3915,-33.4578],[-58.4338,-33.5266],[-58.4154,-33.9169],[-58.3293,-33.9685],[-58.2226,-34.093],[-58.2099,-34.1648],[-58.0791,-34.1874],[-57.8967,-34.38],[-57.8363,-34.474],[-57.621,-34.4305],[-57.5377,-34.456],[-57.3562,-34.4301],[-57.1346,-34.4494],[-56.8211,-34.6882],[-56.6539,-34.7161],[-56.5544,-34.7598],[-56.4448,-34.7528],[-56.4312,-34.8281],[-56.3327,-34.8914],[-56.1574,-34.9294],[-55.8742,-34.7971],[-55.6963,-34.763],[-55.5349,-34.7955],[-55.3962,-34.7897],[-55.2362,-34.905],[-55.073,-34.8784],[-54.943,-34.9479],[-54.2477,-34.6696],[-53.9118,-34.4555],[-53.7816,-34.3946],[-53.7928,-34.3124],[-53.7067,-34.188],[-53.5531,-34.0696],[-53.5032,-33.8866],[-53.3837,-33.7546],[-53.1521,-33.5864],[-52.7997,-33.3022],[-52.6374,-33.124],[-52.5048,-32.8871],[-52.4251,-32.6339],[-52.333,-32.4089],[-52.2532,-32.2822],[-52.0983,-32.1607],[-52.2412,-31.9914],[-52.1374,-31.9184],[-52.2199,-31.8728],[-52.2233,-31.7492],[-52.0724,-31.6814],[-52.1136,-31.601],[-52.0168,-31.5305],[-51.9884,-31.3981],[-51.9118,-31.3115],[-51.7955,-31.2735],[-51.6329,-31.2694],[-51.6153,-31.1367],[-51.4452,-31.0892],[-51.4995,-30.9234],[-51.4396,-30.8699],[-51.3857,-30.651],[-51.3032,-30.6288],[-51.2458,-30.4434],[-51.1814,-30.3856],[-51.2111,-30.2984],[-51.2961,-30.3019],[-51.3113,-29.9512],[-51.2033,-29.9819],[-51.2605,-30.1236],[-51.184,-30.2329],[-51.0231,-30.2826],[-51.0422,-30.372],[-50.9333,-30.4326],[-50.9066,-30.3226],[-50.7873,-30.3369],[-50.67,-30.2975],[-50.6579,-30.1999],[-50.5398,-30.2622],[-50.5717,-30.4705],[-50.6852,-30.5038],[-50.6817,-30.6639],[-50.7386,-30.8061],[-50.8168,-30.8395],[-50.9523,-30.9583],[-50.979,-31.0371],[-51.0986,-31.0962],[-51.1752,-31.075],[-51.1574,-31.2806],[-51.2429,-31.463],[-51.3603,-31.5312],[-51.4534,-31.525],[-51.6136,-31.7312],[-51.6959,-31.7818],[-51.803,-31.7891],[-51.8591,-31.8699],[-52.0589,-31.8149],[-52.0152,-31.9226],[-52.0392,-32.0383],[-51.42,-31.6906],[-51.2551,-31.5697],[-50.7673,-31.1096],[-50.3746,-30.5629],[-50.3117,-30.4582],[-50.1845,-30.1285],[-50.0626,-29.8553],[-49.9074,-29.5833],[-49.5972,-29.1826],[-49.3364,-28.9139],[-49.1841,-28.7999],[-48.9508,-28.6581],[-48.8166,-28.602],[-48.8276,-28.4994],[-48.8849,-28.4034],[-48.8156,-28.3532],[-48.7444,-28.4252],[-48.6666,-28.164],[-48.6084,-28.0624],[-48.6321,-28.0009],[-48.5807,-27.9022],[-48.6578,-27.6455],[-48.6055,-27.571],[-48.6467,-27.4848],[-48.5276,-27.3466],[-48.5925,-27.318],[-48.6082,-27.2222],[-48.5414,-27.1827],[-48.6124,-27.103],[-48.6334,-26.9856],[-48.6175,-26.7903],[-48.6724,-26.7625],[-48.6668,-26.578],[-48.5046,-26.2365],[-48.5831,-26.1653],[-48.6103,-26.0643],[-48.5627,-25.8712],[-48.4267,-25.6345],[-48.3484,-25.5808],[-48.5254,-25.5012],[-48.4187,-25.4078],[-48.389,-25.3125],[-48.2206,-25.3782],[-48.1553,-25.3645],[-48.0127,-25.2212],[-48.0192,-25.0707],[-47.8803,-24.9018],[-47.7998,-24.8859],[-47.5623,-24.7186],[-47.57,-24.6909],[-47.5668,-24.6761],[-47.5712,-24.6611],[-47.5672,-24.6566],[-47.4912,-24.6204],[-47.483,-24.6176],[-47.4774,-24.6198],[-47.4631,-24.6371],[-47.4167,-24.6442],[-47.3893,-24.6359],[-47.3899,-24.6575],[-47.0043,-24.4083],[-47.001,-24.3315],[-46.8675,-24.2316],[-46.5277,-24.0527],[-46.4058,-24.0154],[-46.3804,-23.9133],[-46.2061,-23.9137],[-46.085,-23.8192],[-45.8641,-23.7584],[-45.5552,-23.7947],[-45.5027,-23.8426],[-45.3952,-23.8109],[-45.4313,-23.6862],[-45.2971,-23.5721],[-45.208,-23.578],[-45.1737,-23.4953],[-45.0837,-23.4979],[-45.064,-23.4248],[-44.8875,-23.3392],[-44.8304,-23.3859],[-44.555,-23.3042],[-44.7185,-23.206],[-44.6846,-23.0728],[-44.5867,-23.0598],[-44.4236,-22.9523],[-44.346,-23.0273],[-44.2239,-23.0493],[-44.1303,-23.0329],[-44.0802,-22.9586],[-43.9538,-22.9277],[-43.7892,-22.9263],[-43.603,-23.0263],[-43.7891,-23.0622],[-43.9548,-23.0404],[-43.9687,-23.0909],[-43.6274,-23.0499],[-43.5464,-23.0605],[-43.4136,-23.0162],[-43.2398,-23.0004],[-43.1502,-22.9513],[-43.2769,-22.7884],[-43.2384,-22.7428],[-43.0831,-22.678],[-43.0795,-22.7862],[-43.1107,-22.9538],[-42.9157,-22.9751],[-42.6068,-22.934],[-42.349,-22.9348],[-42.1166,-22.9504],[-42.0375,-22.9229],[-41.9157,-22.7812],[-41.988,-22.7128],[-41.9963,-22.6017],[-41.7701,-22.3595],[-41.6774,-22.2928],[-41.5054,-22.219],[-41.2193,-22.1388],[-41.0029,-22.0214],[-40.9739,-21.9655],[-41.0223,-21.7466],[-41.0128,-21.6264],[-41.0734,-21.5257],[-40.9639,-21.362],[-40.9626,-21.273],[-40.8122,-21.0309],[-40.7555,-20.8601],[-40.5826,-20.8024],[-40.4948,-20.6596],[-40.4263,-20.6349],[-40.1835,-20.1675],[-40.1731,-20.0755],[-40.0556,-19.8173],[-39.9687,-19.7261],[-39.8195,-19.6504],[-39.7325,-19.4732],[-39.6891,-19.2901],[-39.7426,-18.9484],[-39.7457,-18.6916],[-39.7207,-18.4815],[-39.637,-18.2376],[-39.497,-18.0054],[-39.4089,-17.9225],[-39.2651,-17.8366],[-39.1371,-17.6856],[-39.191,-17.5953],[-39.1916,-17.4466],[-39.221,-17.2792],[-39.1733,-17.0115],[-39.1201,-16.9004],[-39.1418,-16.7604],[-39.1041,-16.6996],[-39.062,-16.4334],[-39.0089,-16.3746],[-39.0216,-16.2622],[-38.8557,-15.8575],[-38.9338,-15.6714],[-38.9426,-15.5278],[-38.9968,-15.2197],[-38.9978,-14.9856],[-39.0291,-14.785],[-39.0637,-14.7569],[-39.0622,-14.6239],[-38.9999,-14.3422],[-38.9909,-14.2016],[-38.9539,-14.0774],[-38.9639,-13.9724],[-39.078,-13.9581],[-38.9817,-13.8333],[-38.9634,-13.687],[-39.001,-13.5945],[-38.9938,-13.5231],[-39.0744,-13.4678],[-39.051,-13.3874],[-38.9632,-13.3597],[-38.9334,-13.2222],[-38.8046,-13.141],[-38.8036,-13.0677],[-38.7551,-12.9006],[-38.7952,-12.8433],[-38.757,-12.718],[-38.6976,-12.629],[-38.6215,-12.726],[-38.5576,-12.7118],[-38.5019,-12.7745],[-38.4791,-12.878],[-38.5329,-13.0116],[-38.4696,-13.0149],[-38.3168,-12.9271],[-38.0013,-12.5779],[-37.9479,-12.4805],[-37.7878,-12.2634],[-37.6272,-11.989],[-37.4304,-11.5777],[-37.3174,-11.4234],[-37.2451,-11.2683],[-37.1418,-11.1352],[-36.9543,-10.8511],[-36.8129,-10.7093],[-36.5285,-10.5404],[-36.3835,-10.4982],[-36.2941,-10.3556],[-36.2991,-10.3126],[-36.028,-10.0473],[-35.9392,-9.9031],[-35.7471,-9.6436],[-35.6781,-9.6018],[-35.4985,-9.417],[-35.3073,-9.1941],[-35.1824,-8.9787],[-35.0863,-8.7474],[-35.0708,-8.6502],[-35.0092,-8.5576],[-34.961,-8.3981],[-34.9455,-8.2635],[-34.8198,-7.9247],[-34.8886,-7.744],[-34.8081,-7.6168],[-34.7945,-7.3295],[-34.8135,-7.143],[-34.8736,-6.9809],[-34.9661,-6.5992],[-34.9756,-6.4197],[-35.028,-6.3516],[-35.0359,-6.236],[-35.0978,-6.1902],[-35.1061,-6.0077],[-35.1573,-5.924],[-35.2033,-5.7613],[-35.1932,-5.7022],[-35.2945,-5.4293],[-35.3715,-5.2835],[-35.4891,-5.1577],[-35.7853,-5.0757],[-35.979,-5.0412],[-36.1256,-5.0918],[-36.3073,-5.1105],[-36.4488,-5.067],[-36.6687,-5.1086],[-36.9575,-4.9209],[-37.1509,-4.9491],[-37.2206,-4.8855],[-37.3352,-4.6931],[-37.5036,-4.6284],[-37.5554,-4.6433],[-37.7385,-4.4781],[-37.7699,-4.3996],[-37.9125,-4.335],[-38.1196,-4.1453],[-38.2731,-3.944],[-38.3664,-3.8785],[-38.4643,-3.7117],[-38.6489,-3.6849],[-38.757,-3.6126],[-38.808,-3.5445],[-38.9136,-3.5002],[-39.004,-3.3965],[-39.0526,-3.4108],[-39.1712,-3.3188],[-39.2296,-3.2391],[-39.4745,-3.1355],[-39.6154,-3.0313],[-39.7142,-3.0039],[-39.9637,-2.851],[-40.1395,-2.8386],[-40.1848,-2.8135],[-40.4395,-2.8091],[-40.4974,-2.7851],[-40.5922,-2.8429],[-40.9037,-2.8631],[-41.0117,-2.8917],[-41.2615,-2.8856],[-41.3406,-2.9269],[-41.6326,-2.884],[-41.835,-2.7251],[-42.0027,-2.7157],[-42.0419,-2.8077],[-42.23,-2.8121],[-42.3684,-2.7142],[-42.4807,-2.7231],[-42.622,-2.6452],[-42.696,-2.5758],[-42.7936,-2.5624],[-42.9254,-2.4939],[-43.2924,-2.3426],[-43.4526,-2.3459],[-43.4802,-2.3712],[-43.4417,-2.5174],[-43.4852,-2.5293],[-43.7224,-2.4749],[-43.7892,-2.5481],[-43.9214,-2.5555],[-44.0272,-2.6575],[-44.1704,-2.8356],[-44.325,-2.7846],[-44.1381,-2.6827],[-44.0817,-2.5639],[-44.024,-2.5131],[-44.0749,-2.4051],[-44.1794,-2.4608],[-44.3013,-2.4871],[-44.3538,-2.6027],[-44.4118,-2.8127],[-44.4254,-2.9443],[-44.6074,-3.1131],[-44.6485,-3.1997],[-44.7262,-3.1778],[-44.6127,-3.0316],[-44.6755,-2.9949],[-44.6342,-2.838],[-44.6264,-2.7032],[-44.5773,-2.6374],[-44.478,-2.4122],[-44.3876,-2.4084],[-44.3569,-2.3397],[-44.3989,-2.2147],[-44.4635,-2.1464],[-44.6022,-2.192],[-44.551,-2.0867],[-44.4967,-2.049],[-44.4902,-1.9527],[-44.6031,-1.7385],[-44.796,-1.703],[-44.6731,-1.5748],[-44.776,-1.5759],[-44.9088,-1.6126],[-45.0054,-1.4869],[-45.1395,-1.4901],[-45.2316,-1.5462],[-45.2255,-1.6607],[-45.3194,-1.7496],[-45.3669,-1.7106],[-45.3313,-1.5603],[-45.3912,-1.4988],[-45.4918,-1.475],[-45.4768,-1.3787],[-45.6234,-1.283],[-45.628,-1.3579],[-45.6979,-1.3711],[-45.7329,-1.2004],[-45.7949,-1.2514],[-45.861,-1.2283],[-45.8839,-1.1357],[-45.979,-1.1446],[-46.142,-1.058],[-46.1862,-0.9025],[-46.2422,-0.9013],[-46.322,-1.034],[-46.5594,-0.9488],[-46.618,-0.8059],[-46.7428,-0.8188],[-46.828,-0.7562],[-46.9397,-0.8085],[-46.9853,-0.726],[-47.067,-0.8043],[-47.1192,-0.6786],[-47.3211,-0.5915],[-47.3872,-0.6283],[-47.4436,-0.5865],[-47.5114,-0.6798],[-47.6745,-0.5791],[-47.7226,-0.6497],[-47.8267,-0.606],[-47.8403,-0.6857],[-47.9866,-0.7588],[-48.0565,-0.6607],[-48.1634,-0.79],[-48.1444,-0.8958],[-48.1918,-0.9922],[-48.1984,-1.0059],[-48.203,-1.0089],[-48.2132,-1.0073],[-48.2212,-1.0138],[-48.223,-1.0204],[-48.2294,-1.0214],[-48.2387,-1.0146],[-48.3093,-1.0229],[-48.2968,-1.1568],[-48.3581,-1.3179],[-48.4909,-1.2962],[-48.4908,-1.542],[-48.6255,-1.4883],[-48.7234,-1.5019],[-48.8432,-1.6385],[-48.8971,-1.7358],[-49.0164,-1.85],[-49.1565,-1.8692],[-49.2708,-2.0057],[-49.3275,-2.1776],[-49.4426,-2.3799],[-49.4321,-2.4772],[-49.5294,-2.6263],[-49.658,-2.6741],[-49.6792,-2.7799],[-49.6295,-3.0986],[-49.5703,-3.1655],[-49.5843,-3.4066],[-49.6046,-3.4323],[-49.6739,-3.3015],[-49.681,-3.1631],[-49.6576,-3.0523],[-49.7325,-2.9904],[-49.7602,-2.7457],[-49.6719,-2.6267],[-49.5425,-2.5419],[-49.5554,-2.4198],[-49.4273,-2.1065],[-49.3883,-2.0865],[-49.3754,-1.8977],[-49.2744,-1.798],[-49.3382,-1.7213],[-49.5249,-1.789],[-49.5434,-1.8396],[-49.6949,-1.9061],[-49.8563,-1.913],[-49.9432,-1.8373],[-50.1054,-1.8414],[-50.1746,-1.9195],[-50.2788,-1.8901],[-50.3774,-1.9624],[-50.5464,-1.9029],[-50.6128,-1.8112],[-50.6666,-1.8007],[-50.7079,-1.9209],[-50.8084,-1.9391],[-50.8383,-2.021],[-51.0027,-1.9732],[-51.0414,-1.9748],[-51.0814,-1.9189],[-51.1121,-1.9264],[-51.1122,-1.916],[-51.1535,-1.8724],[-51.1607,-1.8343],[-51.31,-1.7863],[-51.4819,-2.051],[-51.5227,-2.0506],[-51.4324,-1.792],[-51.3436,-1.7033],[-51.0441,-1.8198],[-50.8724,-1.8557],[-50.8012,-1.8986],[-50.6873,-1.7738],[-50.7413,-1.7296],[-50.6966,-1.5932],[-50.7402,-1.5589],[-50.8014,-1.434],[-50.8058,-1.4045],[-50.791,-1.3888],[-50.8181,-1.3494],[-50.8143,-1.3183],[-50.7712,-1.2051],[-50.826,-0.9971],[-50.8192,-0.9283],[-50.9264,-0.9105],[-51.0003,-0.958],[-51.0072,-0.9994],[-51.0269,-1.0283],[-50.9856,-1.092],[-50.9879,-1.121],[-51.0091,-1.1163],[-51.0552,-1.1488],[-51.1304,-1.1677],[-51.1391,-1.1646],[-51.1499,-1.1519],[-51.1636,-1.1475],[-51.1805,-1.1216],[-51.199,-1.1158],[-51.2068,-1.1232],[-51.2401,-1.1941],[-51.3961,-1.2567],[-51.4683,-1.3341],[-51.643,-1.4022],[-51.9295,-1.5859],[-52.136,-1.6136],[-52.2542,-1.7313],[-52.1935,-1.8365],[-52.1724,-2.0966],[-52.0337,-2.3361],[-51.9538,-2.5381],[-51.9621,-2.7364],[-51.8991,-2.8159],[-51.9036,-2.8897],[-51.7852,-3.1012],[-51.7316,-3.0882],[-51.7089,-3.1191],[-51.6529,-3.1302],[-51.6126,-3.1523],[-51.6427,-3.296],[-51.6954,-3.3219],[-51.7444,-3.3291],[-51.6923,-3.3799],[-51.7078,-3.4077],[-51.6742,-3.4719],[-51.8138,-3.6166],[-51.8941,-3.614],[-51.7517,-3.4215],[-51.7349,-3.3529],[-51.7668,-3.3375],[-51.7396,-3.3263],[-51.7154,-3.3006],[-51.7121,-3.2638],[-51.6311,-3.2043],[-51.6307,-3.1632],[-51.6569,-3.1314],[-51.715,-3.1247],[-51.7447,-3.1072],[-51.7802,-3.1196],[-51.9426,-2.8882],[-52.0032,-2.8686],[-52.0684,-2.7357],[-52.0229,-2.6297],[-52.0419,-2.5419],[-52.1134,-2.4586],[-52.2625,-2.1279],[-52.2575,-2.0219],[-52.3004,-1.9013],[-52.2462,-1.8135],[-52.3276,-1.6847],[-52.2545,-1.6835],[-52.2127,-1.6018],[-52.2557,-1.526],[-52.3744,-1.5764],[-52.6773,-1.6021],[-52.8954,-1.6599],[-53.0156,-1.7817],[-53.2469,-1.8187],[-53.5163,-1.9314],[-53.5439,-1.896],[-53.7314,-1.9367],[-53.8908,-2.0214],[-54.0176,-2.1859],[-54.0365,-2.3406],[-54.0733,-2.3748],[-54.2598,-2.4164],[-54.3211,-2.4954],[-54.3626,-2.52],[-54.4571,-2.5376],[-54.5131,-2.5273],[-54.5802,-2.5004],[-54.5535,-2.4462],[-54.375,-2.3813],[-54.2114,-2.3662],[-54.1119,-2.3056],[-54.0616,-2.219],[-54.0639,-2.0791],[-53.9976,-1.9549],[-53.9051,-1.9373],[-53.7178,-1.8609],[-53.4323,-1.7983],[-53.3146,-1.7436],[-53.0962,-1.7245],[-52.9211,-1.6],[-52.8168,-1.5581],[-52.7247,-1.5691],[-52.5743,-1.5332],[-52.3828,-1.4269],[-52.1792,-1.348],[-52.1023,-1.4252],[-51.9959,-1.4088],[-51.9144,-1.3339],[-51.9124,-1.1736],[-51.8188,-1.1495],[-51.7018,-1.0409],[-51.7064,-0.7766],[-51.6037,-0.6157],[-51.4656,-0.4905],[-51.3461,-0.2655],[-51.2022,-0.0531],[-51.0864,-0.0474],[-51.0591,0.0],[-50.9108,0.0],[-50.8561,-0.0332],[-50.7707,0.0],[-50.6801,0.0],[-50.0322,0.0],[-50.0032,-0.0547],[-49.8742,0.0],[-49.7392,0.0],[-49.8291,-0.1026],[-49.7165,-0.1388],[-49.4984,-0.1314],[-49.436,-0.1085],[-49.3571,0.0],[6.62,0.0],[8.7018,-0.6338],[8.7152,-0.7055],[8.7994,-0.8746],[8.9037,-1.0176],[8.9742,-0.936],[9.0098,-0.9316],[9.0694,-1.0203],[9.126,-1.0462],[9.3101,-1.0654],[9.3815,-0.9933],[9.4008,-1.1021],[9.2031,-1.0863],[9.1595,-1.1155],[9.1479,-1.1821],[9.1528,-1.2077],[9.1932,-1.2695],[9.1658,-1.4143],[9.2317,-1.479],[9.3174,-1.6753],[9.2375,-1.6455],[9.2964,-1.8561],[9.3703,-1.8488],[9.4773,-1.9466],[9.3096,-1.9336],[9.5846,-2.2487],[9.6276,-2.4061],[9.7832,-2.5183],[9.8475,-2.4421],[9.9884,-2.6021],[10.0864,-2.5923],[10.1338,-2.5446],[10.2107,-2.6263],[9.9799,-2.6447],[9.8438,-2.4989],[9.7631,-2.5397],[9.9014,-2.7056],[10.2662,-2.9696],[10.4194,-3.0955],[10.5446,-3.2561],[10.6522,-3.3307],[10.711,-3.4757],[10.9908,-3.6881],[11.022,-3.8587],[11.2388,-4.0155],[11.3742,-4.145],[11.3961,-4.2137],[11.6859,-4.4517],[11.826,-4.6115],[11.7858,-4.6819],[11.842,-4.7928],[12.1189,-5.1826],[12.1795,-5.3177],[12.2329,-5.5304],[12.1693,-5.5724],[12.1459,-5.651],[12.228,-5.8138],[12.3901,-5.9934],[12.725,-5.9834],[12.768,-5.8932],[12.9226,-5.8383],[12.9968,-5.8589],[12.9641,-5.9563],[12.847,-6.0329],[12.5837,-6.0535],[12.278,-6.1538],[12.3954,-6.3244],[12.5762,-6.6832],[12.7501,-6.8701],[12.8293,-6.9929],[12.8537,-7.2695],[12.9062,-7.3235],[13.0698,-7.776],[13.1484,-7.9159],[13.2651,-8.1748],[13.3971,-8.4062],[13.3463,-8.4731],[13.4163,-8.6584],[13.3978,-8.7482],[13.3023,-8.7559],[13.2181,-8.8061],[13.1452,-8.96],[13.1047,-8.9587],[12.9956,-9.0973],[13.1534,-9.3452],[13.193,-9.5584],[13.237,-9.6447],[13.1975,-9.6924],[13.2881,-9.8184],[13.3423,-9.95],[13.3146,-9.9851],[13.4399,-10.1229],[13.5287,-10.2774],[13.5299,-10.3891],[13.6215,-10.4809],[13.7835,-10.6936],[13.7209,-10.7602],[13.8279,-10.9018],[13.8652,-11.0199],[13.7687,-11.5782],[13.7982,-11.7753],[13.7632,-11.9566],[13.6478,-12.2508],[13.5162,-12.3724],[13.4679,-12.5174],[13.3426,-12.6133],[13.1921,-12.6021],[13.1398,-12.6696],[12.945,-12.8303],[12.9773,-12.9588],[12.876,-13.1049],[12.7798,-13.1546],[12.7411,-13.2266],[12.655,-13.2458],[12.6535,-13.3207],[12.54,-13.4239],[12.5181,-13.8732],[12.4267,-13.8759],[12.3978,-14.0158],[12.3318,-14.186],[12.369,-14.313],[12.3151,-14.5243],[12.2886,-14.7483],[12.2242,-14.835],[12.1693,-15.0215],[12.1256,-15.0956],[12.1566,-15.1612],[12.0575,-15.2287],[12.02,-15.5673],[11.9269,-15.6773],[11.8796,-15.7871],[11.778,-15.7837],[11.7315,-15.878],[11.7999,-16.0038],[11.7894,-16.095],[11.8267,-16.4562],[11.8258,-16.6689],[11.7743,-16.8362],[11.7487,-17.1009],[11.7504,-17.3431],[11.7353,-17.5864],[11.802,-17.8913],[11.8329,-18.0947],[11.9564,-18.2613],[12.0346,-18.5015],[12.3252,-18.7392],[12.4511,-18.9069],[12.4881,-19.0177],[12.5665,-19.0847],[12.6962,-19.3159],[12.7029,-19.3812],[12.8571,-19.6493],[13.0344,-19.9884],[13.0547,-20.0724],[13.1954,-20.2124],[13.2402,-20.3224],[13.2483,-20.4574],[13.3653,-20.6891],[13.4197,-20.8838],[13.5503,-21.0509],[13.5734,-21.1352],[13.6869,-21.2576],[13.8057,-21.4225],[13.8794,-21.5893],[13.9735,-21.7117],[13.9484,-21.7714],[14.0625,-21.8652],[14.2895,-22.1347],[14.3917,-22.2818],[14.5086,-22.5537],[14.5437,-22.8082],[14.5394,-22.8981],[14.4029,-23.0165],[14.4996,-23.332],[14.4424,-23.4524],[14.5109,-23.6282],[14.4965,-23.7587],[14.511,-23.9208],[14.4526,-23.9819],[14.4604,-24.0883],[14.5351,-24.2979],[14.6105,-24.4474],[14.5945,-24.5544],[14.7389,-24.7172],[14.7982,-24.8375],[14.7934,-24.9186],[14.8765,-25.0833],[14.8023,-25.2876],[14.8116,-25.3882],[14.8825,-25.5635],[14.827,-25.7477],[14.9116,-25.8571],[14.9099,-25.9308],[14.9799,-26.0735],[14.9484,-26.3124],[15.0948,-26.4077],[15.1409,-26.5046],[15.1373,-26.6449],[15.0861,-26.7237],[15.1568,-26.8796],[15.2281,-26.9288],[15.2623,-27.2172],[15.2874,-27.3045],[15.5307,-27.6577],[15.5484,-27.7543],[15.6845,-27.9114],[15.6798,-27.9535],[15.8532,-28.1324],[16.0431,-28.277],[16.3365,-28.5575],[16.5691,-28.7275],[16.6014,-28.8776],[16.6887,-28.9281],[16.747,-29.0427],[16.8175,-29.096],[16.8735,-29.2901],[16.941,-29.3721],[17.0343,-29.6176],[17.0766,-29.8208],[17.1557,-29.9778],[17.2028,-30.1447],[17.3619,-30.4898],[17.5158,-30.7247],[17.5948,-30.9005],[17.6795,-30.9987],[17.751,-31.1462],[17.8792,-31.2805],[17.8774,-31.3207],[18.0977,-31.5596],[18.2267,-31.7542],[18.2806,-31.8975],[18.3148,-32.071],[18.3136,-32.3184],[18.3344,-32.4764],[18.255,-32.6689],[18.1714,-32.7499],[18.0556,-32.7845],[17.968,-32.7048],[17.8937,-32.7473],[17.8804,-32.9821],[18.0425,-33.048],[18.0281,-33.098],[18.1593,-33.3272],[18.163,-33.3693],[18.3073,-33.4832],[18.4399,-33.6989],[18.4893,-33.8586],[18.3787,-33.9193],[18.3285,-34.0585],[18.3808,-34.2714],[18.488,-34.1011],[18.7127,-34.0725],[18.8131,-34.1008],[18.8507,-34.2661],[18.8315,-34.3813],[19.1047,-34.3363],[19.1256,-34.4217],[19.2959,-34.4168],[19.354,-34.4775],[19.4462,-34.6518],[19.5261,-34.674],[19.6551,-34.7859],[19.8748,-34.7671],[20.009,-34.8323],[20.0026,-60.0],[-67.2667,-60.0],[-67.2667,-55.3315],[-67.0484,-55.1635],[-67.0501,-55.0859],[-67.1679,-54.9729],[-67.2667,-54.9436],[-67.2667,-54.8844],[-66.7642,-54.9617],[-66.5227,-55.0571],[-66.3079,-54.9922],[-66.109,-54.9946],[-65.9879,-54.9044],[-65.7364,-54.9078],[-65.6279,-54.9683],[-65.497,-54.8999],[-65.3288,-54.9215],[-65.2051,-54.7804],[-65.2449,-54.6216],[-65.6906,-54.6634],[-65.8625,-54.6395],[-66.3839,-54.487],[-66.4583,-54.4804],[-66.7473,-54.255],[-67.1302,-54.1284],[-67.4452,-53.9798],[-67.5862,-53.831],[-67.9315,-53.639],[-68.0261,-53.5397],[-68.1394,-53.3291],[-68.4688,-53.2908],[-68.511,-53.1765],[-68.2824,-53.0581],[-68.2757,-52.9697],[-68.605,-52.6595],[-68.3642,-52.343],[-68.353,-52.3211],[-68.7106,-51.9781],[-68.9577,-51.6256],[-68.9454,-51.5512],[-69.1191,-51.1371],[-69.1583,-50.9878],[-69.1416,-50.7436],[-69.0783,-50.5655],[-68.8807,-50.3357],[-68.7724,-50.2881],[-68.4022,-50.1853],[-68.3421,-50.122],[-68.1512,-50.1075],[-67.8516,-49.9609],[-67.729,-49.776],[-67.6877,-49.4838],[-67.603,-49.2964],[-67.6659,-49.2416],[-67.5754,-49.0426],[-67.4907,-48.9606],[-67.1973,-48.8154],[-67.1254,-48.6825],[-66.8751,-48.5945],[-66.8276,-48.5214],[-66.6591,-48.4349],[-66.4923,-48.4179],[-66.3721,-48.3527],[-66.3373,-48.2778],[-66.122,-48.1246],[-65.9543,-48.1026],[-65.9516,-47.9728],[-65.8452,-47.8926],[-65.8545,-47.7514],[-65.7399,-47.5113],[-65.7183,-47.3289],[-65.7422,-47.2023],[-65.9379,-47.0802],[-66.1806,-47.0881],[-66.5077,-47.0411],[-66.7055,-47.0351],[-66.7843,-47.0044],[-67.1727,-46.6867],[-67.3498,-46.621],[-67.4393,-46.5488],[-67.5693,-46.3439],[-67.6145,-46.2259],[-67.6233,-46.0486],[-67.4556,-45.8219],[-67.3647,-45.7786],[-67.3491,-45.6294],[-67.2215,-45.5273],[-67.0124,-45.3064],[-66.8388,-45.2308],[-66.5623,-45.2127],[-66.59,-45.139],[-66.3685,-45.0436],[-66.2759,-45.0501],[-66.1954,-44.9837],[-65.8916,-45.0081],[-65.6436,-45.0499],[-65.5247,-44.9244],[-65.7237,-44.8569],[-65.6574,-44.6807],[-65.394,-44.5547],[-65.222,-44.3613],[-65.3113,-44.202],[-65.2407,-44.1478],[-65.3485,-43.7758],[-65.333,-43.6599],[-65.0527,-43.4038],[-65.0391,-43.3128],[-64.8606,-43.1945],[-64.4571,-43.0634],[-64.3128,-42.9864],[-64.5306,-42.9224],[-64.6259,-42.9201],[-64.8171,-42.8384],[-65.0238,-42.776],[-64.9787,-42.6492],[-64.8491,-42.6179],[-64.6875,-42.5145],[-64.579,-42.4913],[-64.3359,-42.5354],[-64.2118,-42.6249],[-64.2614,-42.7437],[-64.1461,-42.8748],[-63.787,-42.8139],[-63.6328,-42.7659],[-63.6028,-42.5481],[-63.606,-42.3049],[-63.758,-42.0768],[-63.9651,-42.1138],[-64.1381,-42.1951],[-64.0749,-42.2626],[-64.0528,-42.3774],[-64.1292,-42.4274],[-64.2876,-42.4151],[-64.4697,-42.4383],[-64.6133,-42.4171],[-64.5463,-42.2959],[-64.4633,-42.2387],[-64.7255,-42.2159],[-64.8755,-42.182],[-65.0272,-42.0792],[-65.0726,-41.98],[-65.016,-41.8324],[-65.0208,-41.6355],[-64.9895,-41.5389],[-65.1168,-41.283],[-65.1558,-41.0803],[-65.1473,-40.9127],[-65.1101,-40.8338],[-64.9935,-40.7578],[-64.8771,-40.8317],[-64.7886,-40.8195],[-64.5386,-40.8658],[-64.2065,-41.012],[-63.9685,-41.0687],[-63.7863,-41.1598],[-63.2325,-41.1592],[-63.0503,-41.1428],[-62.7954,-41.023],[-62.7155,-41.0333],[-62.311,-40.8707],[-62.2346,-40.6537],[-62.2616,-40.5546],[-62.4033,-40.4673],[-62.4812,-40.2945],[-62.366,-40.2229],[-62.3162,-40.1486],[-62.3407,-40.0613],[-62.3104,-39.8843],[-62.1167,-39.8729],[-62.1257,-39.73],[-62.089,-39.5369],[-62.0454,-39.4486],[-62.067,-39.3115],[-62.2811,-39.2656],[-62.3166,-39.0989],[-62.266,-38.9874],[-62.3438,-38.941],[-62.3017,-38.7849],[-62.151,-38.815],[-62.101,-38.896],[-62.0088,-38.9418],[-61.8142,-38.9865],[-61.696,-38.9668],[-61.6235,-39.0019],[-61.4061,-38.9902],[-61.1183,-38.9984],[-60.8473,-38.9794],[-60.2651,-38.8884],[-59.778,-38.8237],[-59.6782,-38.7955],[-59.0107,-38.6785],[-58.7177,-38.5792],[-58.5198,-38.544],[-58.0555,-38.3804],[-57.6633,-38.1923],[-57.5432,-38.0971],[-57.5129,-37.8654],[-57.4178,-37.741],[-57.1261,-37.4941],[-57.0006,-37.3004],[-56.6782,-36.8969],[-56.6731,-36.7214],[-56.6997,-36.4096],[-56.7649,-36.2987],[-56.9785,-36.3322],[-57.1233,-36.2692]],[[-50.9791,-0.0574],[-51.0355,-0.227],[-50.8966,-0.2583],[-50.717,-0.1742],[-50.6216,-0.0858],[-50.6801,0.0],[-50.9791,-0.0574]],[[-58.4306,-34.1218],[-58.5922,-34.04],[-58.6707,-34.0328],[-58.7418,-33.9629],[-58.9868,-33.9416],[-59.0153,-33.9424],[-59.0525,-33.9219],[-59.0989,-33.9124],[-59.1979,-33.869],[-59.238,-33.8961],[-59.0965,-34.0389],[-59.0405,-34.0427],[-59.0036,-34.1023],[-58.9828,-34.1079],[-58.9691,-34.1211],[-58.9813,-34.1391],[-58.9215,-34.1501],[-58.8962,-34.1832],[-58.8584,-34.1783],[-58.7855,-34.2313],[-58.5062,-34.2948],[-58.3514,-34.2008],[-58.4306,-34.1218]],[[-59.0882,-33.9104],[-59.0446,-33.9197],[-59.0073,-33.9408],[-58.9457,-33.9101],[-58.9184,-33.8853],[-59.1766,-33.8085],[-59.2064,-33.8489],[-59.0882,-33.9104]],[[-58.4728,-33.9978],[-58.5473,-33.9276],[-58.7369,-33.9492],[-58.6324,-34.0354],[-58.4728,-33.9978]],[[-58.3811,-34.1555],[-58.3544,-34.0393],[-58.4485,-34.0037],[-58.5842,-34.0324],[-58.4714,-34.0935],[-58.3811,-34.1555]],[[-51.2742,-0.2365],[-51.3172,-0.3516],[-51.2769,-0.401],[-51.1495,-0.2819],[-51.1447,-0.1404],[-51.1955,-0.1398],[-51.2742,-0.2365]],[[-50.8898,-0.2705],[-51.0406,-0.2447],[-50.9265,-0.3248],[-50.8898,-0.2705]],[[-50.7092,-0.4344],[-50.6803,-0.472],[-50.6276,-0.5032],[-50.6266,-0.5443],[-50.586,-0.5399],[-50.5767,-0.5765],[-50.5424,-0.5845],[-50.537,-0.5569],[-50.5115,-0.5391],[-50.4734,-0.5506],[-50.4231,-0.5044],[-50.4035,-0.5228],[-50.3606,-0.5207],[-50.3585,-0.4893],[-50.3503,-0.4798],[-50.3345,-0.479],[-50.3391,-0.4474],[-50.3212,-0.4241],[-50.3679,-0.3095],[-50.4043,-0.2898],[-50.4008,-0.1946],[-50.4681,-0.247],[-50.5703,-0.1942],[-50.605,-0.2238],[-50.6522,-0.2694],[-50.7092,-0.4344]],[[-50.3687,-0.3053],[-50.3266,-0.3784],[-50.3196,-0.427],[-50.337,-0.4484],[-50.3336,-0.482],[-50.3501,-0.4822],[-50.3582,-0.4989],[-50.3569,-0.5169],[-50.3638,-0.5273],[-50.4042,-0.5253],[-50.4245,-0.5065],[-50.4706,-0.5527],[-50.5372,-0.5858],[-50.5714,-0.5823],[-50.5823,-0.5743],[-50.5932,-0.5416],[-50.6382,-0.5454],[-50.6489,-0.4949],[-50.7172,-0.5225],[-50.6626,-0.6308],[-50.5428,-0.6663],[-50.4749,-0.7186],[-50.3691,-0.7412],[-50.3984,-0.8033],[-50.3883,-0.8205],[-50.3903,-0.8336],[-50.382,-0.88],[-50.3626,-0.9209],[-50.3679,-0.9642],[-50.4314,-1.0219],[-50.4371,-1.0262],[-50.4446,-1.0245],[-50.4543,-1.0144],[-50.4714,-1.029],[-50.5021,-1.0246],[-50.518,-1.0136],[-50.5502,-1.063],[-50.5787,-1.0839],[-50.6634,-1.1308],[-50.7656,-1.0876],[-50.7624,-1.1791],[-50.784,-1.2928],[-50.8094,-1.3537],[-50.7259,-1.4037],[-50.6896,-1.4132],[-50.678,-1.3947],[-50.661,-1.4264],[-50.673,-1.4652],[-50.6683,-1.4811],[-50.6438,-1.5122],[-50.6101,-1.5327],[-50.5705,-1.5657],[-50.5342,-1.6536],[-50.4363,-1.7695],[-50.2854,-1.7799],[-50.2604,-1.6372],[-50.2063,-1.605],[-50.1446,-1.6634],[-50.0931,-1.7391],[-49.9637,-1.7492],[-49.8094,-1.8183],[-49.7226,-1.7604],[-49.5568,-1.7274],[-49.4965,-1.5712],[-49.3085,-1.5714],[-49.2644,-1.6297],[-49.1606,-1.575],[-48.8954,-1.5034],[-48.8256,-1.4481],[-48.787,-1.2961],[-48.8222,-1.2154],[-48.6207,-1.0697],[-48.6083,-0.9461],[-48.5078,-0.8811],[-48.5281,-0.8033],[-48.4882,-0.7382],[-48.4768,-0.4994],[-48.3713,-0.3012],[-48.4047,-0.2523],[-48.6374,-0.2326],[-48.7063,-0.2535],[-48.9447,-0.2219],[-49.0146,-0.1608],[-49.1728,-0.142],[-49.3296,-0.1613],[-49.5279,-0.233],[-49.6321,-0.2439],[-50.1305,-0.1294],[-50.336,-0.1435],[-50.4012,-0.2853],[-50.3687,-0.3053]],[[-48.307,-1.0186],[-48.2388,-1.0137],[-48.2283,-1.0211],[-48.219,-1.0086],[-48.2123,-1.0064],[-48.2019,-1.0078],[-48.1932,-0.9888],[-48.1969,-0.9555],[-48.1507,-0.897],[-48.2124,-0.8207],[-48.3124,-0.9635],[-48.307,-1.0186]],[[-48.3706,-1.2192],[-48.3105,-1.1049],[-48.3659,-1.0615],[-48.474,-1.1646],[-48.3706,-1.2192]],[[-49.0039,-1.6717],[-49.1238,-1.7675],[-49.1443,-1.8456],[-49.023,-1.8399],[-48.9283,-1.7348],[-48.8912,-1.5797],[-48.9766,-1.6017],[-49.0039,-1.6717]],[[-50.6953,-1.5931],[-50.7401,-1.729],[-50.6709,-1.7714],[-50.6342,-1.7047],[-50.6953,-1.5931]],[[-50.6176,-1.5293],[-50.6347,-1.5212],[-50.6585,-1.4998],[-50.6694,-1.4819],[-50.6744,-1.4625],[-50.6621,-1.4256],[-50.7268,-1.4051],[-50.7669,-1.3807],[-50.8041,-1.4109],[-50.7508,-1.5004],[-50.7353,-1.5491],[-50.6492,-1.624],[-50.5927,-1.5543],[-50.6176,-1.5293]],[[-50.091,-1.7507],[-50.1463,-1.6657],[-50.2161,-1.6171],[-50.2559,-1.6361],[-50.2616,-1.7488],[-50.1617,-1.7788],[-50.091,-1.7507]],[[-51.0972,-0.916],[-51.1611,-0.9931],[-51.1233,-1.0617],[-51.0473,-1.0242],[-51.0056,-0.9788],[-51.0175,-0.9248],[-50.9521,-0.9074],[-50.9901,-0.8605],[-51.0972,-0.916]],[[-51.1713,-1.1313],[-51.1602,-1.1475],[-51.1455,-1.1524],[-51.1372,-1.1637],[-51.1217,-1.1643],[-51.0893,-1.1523],[-51.0604,-1.149],[-50.9868,-1.0945],[-51.0219,-1.0504],[-51.0434,-1.0351],[-51.1014,-1.0561],[-51.1901,-1.1103],[-51.1713,-1.1313]],[[-51.3507,-1.1123],[-51.3752,-1.2152],[-51.2612,-1.1797],[-51.2224,-1.1073],[-51.1803,-0.9504],[-51.3507,-1.1123]],[[-51.3043,-0.9916],[-51.2536,-0.9965],[-51.2171,-0.7811],[-51.1891,-0.7164],[-51.3634,-0.6283],[-51.3493,-0.5273],[-51.4894,-0.5805],[-51.5887,-0.6664],[-51.6617,-0.8517],[-51.652,-1.0788],[-51.8845,-1.2753],[-51.8823,-1.3313],[-51.9497,-1.4277],[-51.9066,-1.4894],[-51.7707,-1.4519],[-51.4797,-1.2288],[-51.4287,-1.1964],[-51.3043,-0.9916]],[[-52.0839,-1.4969],[-52.2041,-1.4936],[-52.1907,-1.6025],[-52.0515,-1.5968],[-51.9458,-1.5621],[-51.9296,-1.4974],[-52.0376,-1.452],[-52.0839,-1.4969]],[[-52.1843,-1.363],[-52.3607,-1.438],[-52.4144,-1.5273],[-52.1359,-1.426],[-52.1843,-1.363]],[[-51.1032,-0.5284],[-51.0388,-0.3293],[-51.1392,-0.3975],[-51.1032,-0.5284]],[[-50.7951,-0.4736],[-50.8634,-0.3686],[-50.9798,-0.553],[-50.7951,-0.4736]],[[-50.6825,-0.6882],[-50.7398,-0.5561],[-50.779,-0.7061],[-50.6825,-0.6882]],[[-50.6298,-0.797],[-50.6232,-0.8144],[-50.603,-0.8197],[-50.6017,-0.8379],[-50.6459,-0.8515],[-50.6577,-0.8748],[-50.6572,-0.8894],[-50.6708,-0.8981],[-50.6821,-0.9219],[-50.6572,-0.9376],[-50.637,-0.9689],[-50.6501,-1.0043],[-50.6036,-1.0661],[-50.5666,-1.0703],[-50.5481,-1.0347],[-50.5295,-1.0231],[-50.5253,-1.0121],[-50.5109,-1.0115],[-50.472,-1.0262],[-50.4601,-1.0129],[-50.4494,-1.0137],[-50.4366,-1.0239],[-50.4298,-1.0075],[-50.4215,-1.0001],[-50.4183,-0.9803],[-50.3714,-0.9643],[-50.3865,-0.909],[-50.3837,-0.8831],[-50.3925,-0.8381],[-50.3904,-0.8229],[-50.4111,-0.7824],[-50.4245,-0.789],[-50.4789,-0.7734],[-50.5406,-0.6772],[-50.5926,-0.7339],[-50.6468,-0.7794],[-50.6298,-0.797]],[[-50.6386,-0.9695],[-50.6577,-0.9394],[-50.6731,-0.9407],[-50.6822,-0.9293],[-50.6827,-0.9167],[-50.6475,-0.8511],[-50.606,-0.8281],[-50.625,-0.8153],[-50.6362,-0.7905],[-50.6887,-0.7871],[-50.7289,-0.811],[-50.7083,-1.0792],[-50.6083,-1.0735],[-50.6516,-1.0046],[-50.6386,-0.9695]],[[-50.8432,-0.7325],[-50.9524,-0.7581],[-50.9085,-0.8424],[-50.8422,-0.8245],[-50.8432,-0.7325]],[[-50.8141,-0.6624],[-50.8475,-0.558],[-50.9715,-0.602],[-51.0937,-0.7031],[-51.1105,-0.8307],[-50.8141,-0.6624]],[[-51.3439,-0.5339],[-51.302,-0.6523],[-51.1685,-0.6812],[-51.2208,-0.54],[-51.3439,-0.5339]],[[-50.653,-0.7845],[-50.6833,-0.6946],[-50.7785,-0.7095],[-50.7734,-0.7749],[-50.653,-0.7845]],[[-54.5481,-2.4706],[-54.5548,-2.5095],[-54.4665,-2.5352],[-54.3565,-2.5144],[-54.2917,-2.4488],[-54.2958,-2.4148],[-54.4823,-2.4801],[-54.5481,-2.4706]],[[-51.1457,-1.8386],[-51.1404,-1.8592],[-51.124,-1.8786],[-51.1083,-1.9164],[-51.0903,-1.9119],[-51.0714,-1.9251],[-51.0558,-1.9529],[-51.0025,-1.9707],[-50.8622,-1.9026],[-51.0549,-1.8207],[-51.1457,-1.8386]],[[-49.6379,-3.3469],[-49.5854,-3.3999],[-49.5713,-3.1754],[-49.6445,-3.0902],[-49.6504,-3.2563],[-49.6379,-3.3469]],[[9.021,-1.3305],[9.0985,-1.321],[9.1294,-1.2023],[9.1224,-1.1457],[9.1702,-1.1024],[9.1979,-1.0849],[9.1437,-1.0531],[9.0429,-1.0982],[8.8863,-1.0448],[8.843,-0.9826],[8.9939,-1.2185],[9.021,-1.3305]],[[9.1922,-1.2711],[9.1306,-1.2045],[9.0992,-1.3209],[9.0789,-1.3563],[9.1516,-1.3585],[9.1922,-1.2711]],[[-43.637,-2.3918],[-43.6671,-2.2679],[-43.7298,-2.3559],[-43.637,-2.3918]],[[-43.8523,-2.5199],[-43.7913,-2.5469],[-43.7581,-2.4267],[-43.8399,-2.4307],[-43.8523,-2.5199]],[[-44.6385,-2.9813],[-44.5611,-3.0242],[-44.4931,-2.9754],[-44.4761,-2.8929],[-44.4942,-2.7274],[-44.5897,-2.8168],[-44.6385,-2.9813]],[[-14.2947,-7.9506],[-14.3819,-7.8903],[-14.3947,-7.9936],[-14.2947,-7.9506]],[[-38.6396,-12.903],[-38.7195,-13.0133],[-38.7868,-13.0455],[-38.7645,-13.1205],[-38.6484,-13.0236],[-38.6049,-12.9608],[-38.6396,-12.903]],[[-39.0337,-13.4912],[-38.9892,-13.5166],[-38.9969,-13.5917],[-38.9338,-13.5512],[-38.8903,-13.4554],[-38.9187,-13.3767],[-39.0413,-13.4108],[-39.0337,-13.4912]],[[-5.6301,-15.948],[-5.7004,-15.8992],[-5.7665,-15.9668],[-5.6805,-16.0075],[-5.6301,-15.948]],[[-44.2449,-23.2007],[-44.1367,-23.1674],[-44.1893,-23.1021],[-44.3062,-23.1213],[-44.2449,-23.2007]],[[-45.4612,-23.8899],[-45.4283,-23.9416],[-45.2922,-23.9109],[-45.2342,-23.7723],[-45.3296,-23.7222],[-45.3662,-23.8102],[-45.4612,-23.8899]],[[-47.4766,-24.6223],[-47.4878,-24.6197],[-47.4998,-24.637],[-47.5129,-24.6512],[-47.5257,-24.65],[-47.5323,-24.6573],[-47.5448,-24.6567],[-47.5695,-24.6629],[-47.5628,-24.6726],[-47.5685,-24.6909],[-47.5624,-24.7129],[-47.4181,-24.6749],[-47.3969,-24.6536],[-47.4623,-24.6401],[-47.4766,-24.6223]],[[-48.5289,-27.624],[-48.5713,-27.6875],[-48.5344,-27.7957],[-48.37,-27.4438],[-48.4192,-27.382],[-48.537,-27.4773],[-48.5289,-27.624]],[[-61.9355,-39.1992],[-61.8815,-39.1182],[-62.0391,-39.0798],[-62.0732,-39.1496],[-61.9355,-39.1992]],[[-59.1026,-51.4114],[-59.0682,-51.4761],[-59.1641,-51.5966],[-59.0463,-51.7016],[-59.4872,-51.8332],[-59.6114,-51.9189],[-59.6362,-52.0075],[-59.595,-52.2443],[-59.3854,-52.3208],[-59.3412,-52.2539],[-59.4377,-52.1893],[-59.3068,-52.149],[-59.0953,-52.2395],[-59.0368,-52.1986],[-59.1453,-51.9937],[-58.867,-52.0582],[-58.7553,-51.973],[-58.7603,-51.9004],[-58.3815,-51.8916],[-58.0658,-51.7723],[-57.8305,-51.722],[-57.7675,-51.6213],[-58.051,-51.5935],[-58.093,-51.5253],[-57.8244,-51.5479],[-57.9017,-51.3781],[-58.2779,-51.3929],[-58.412,-51.3157],[-58.6619,-51.3328],[-58.9705,-51.2333],[-58.8599,-51.3548],[-59.1026,-51.4114]],[[-60.3338,-52.1551],[-60.2816,-52.0059],[-60.0994,-52.0083],[-59.8588,-51.9646],[-59.7354,-51.8078],[-59.6279,-51.7554],[-59.5401,-51.6316],[-59.4395,-51.6342],[-59.2651,-51.4617],[-59.2394,-51.3906],[-59.3933,-51.336],[-59.4444,-51.3953],[-59.7498,-51.46],[-59.8692,-51.3897],[-60.0475,-51.3861],[-60.1151,-51.5024],[-60.453,-51.4388],[-60.4997,-51.5343],[-60.2734,-51.6109],[-60.2152,-51.6602],[-60.5482,-51.7055],[-60.4432,-51.7733],[-60.2682,-51.7488],[-60.3509,-51.8613],[-60.4512,-51.8733],[-60.5764,-51.9869],[-61.0529,-52.0568],[-60.7496,-52.1707],[-60.6412,-52.2604],[-60.4791,-52.1632],[-60.3338,-52.1551]],[[-60.8615,-51.7641],[-60.992,-51.7834],[-61.1366,-51.904],[-60.9858,-51.991],[-60.8938,-51.9514],[-60.8615,-51.7641]],[[-37.6713,-54.1804],[-37.4062,-54.1531],[-37.3038,-54.2751],[-36.7934,-54.4091],[-36.6633,-54.5071],[-36.5258,-54.5053],[-36.4205,-54.5924],[-36.2648,-54.7864],[-36.0921,-54.89],[-35.9865,-54.8838],[-35.8686,-54.7338],[-36.0259,-54.4987],[-36.1662,-54.4562],[-36.2642,-54.2876],[-36.4946,-54.2895],[-36.5525,-54.1639],[-36.6413,-54.1219],[-36.9824,-54.065],[-37.3377,-54.0534],[-37.4554,-54.0156],[-37.6891,-54.0153],[-37.7172,-53.9763],[-37.7833,-54.0181],[-37.6713,-54.1804]],[[-64.177,-54.8259],[-64.0344,-54.7425],[-64.5441,-54.7611],[-64.7343,-54.8067],[-64.5821,-54.8989],[-64.3344,-54.8296],[-64.177,-54.8259]]]}},{"type":"Feature","properties":{"NAME":"South Pacific Ocean","region":"South Pacific Ocean","n_subregions":5,"subregions":"Bismarck Sea; Coral Sea; Solomon Sea; South Pacific Ocean; Tasman Sea","area_sum_original":85240725},"geometry":{"type":"MultiPolygon","coordinates":[[[[-180.0,0.0],[-91.861,0.0],[-91.8234,1.3968],[-91.8195,1.3971],[-89.944,0.3432],[-89.3224,0.0],[-80.1113,0.0],[-80.2872,-0.1824],[-80.3736,-0.2258],[-80.4042,-0.3071],[-80.4761,-0.3696],[-80.4351,-0.5652],[-80.5443,-0.8793],[-80.6299,-0.9474],[-80.8306,-0.9609],[-80.9129,-1.0605],[-80.8507,-1.205],[-80.7369,-1.3567],[-80.7679,-1.4775],[-80.8481,-1.5976],[-80.7782,-1.7395],[-80.7337,-1.8861],[-80.7546,-2.1176],[-80.8984,-2.2178],[-80.8954,-2.3162],[-80.7775,-2.3893],[-80.6867,-2.3992],[-80.5029,-2.5649],[-80.2563,-2.7438],[-80.2578,-2.6426],[-80.1736,-2.5964],[-80.082,-2.4896],[-80.0305,-2.3353],[-79.9092,-2.3103],[-79.9382,-2.5813],[-79.8985,-2.5744],[-79.8319,-2.3678],[-79.7184,-2.559],[-79.7815,-2.6709],[-79.8527,-2.8793],[-79.8457,-3.0211],[-80.0304,-3.3151],[-80.0657,-3.4189],[-80.1745,-3.4405],[-80.3062,-3.4069],[-80.3791,-3.4949],[-80.4946,-3.4997],[-80.5844,-3.6357],[-80.7878,-3.7495],[-80.8317,-3.8679],[-80.964,-3.9593],[-81.0558,-4.1048],[-81.2374,-4.25],[-81.2532,-4.3958],[-81.306,-4.48],[-81.2795,-4.5428],[-81.3178,-4.6972],[-81.0849,-4.9686],[-81.0616,-5.0477],[-81.1331,-5.0689],[-81.1935,-5.2175],[-81.1097,-5.3156],[-81.0537,-5.3318],[-80.9463,-5.434],[-80.8507,-5.6391],[-80.8603,-5.7715],[-80.9573,-5.8457],[-81.0677,-5.7832],[-81.1261,-5.8405],[-81.1455,-6.0054],[-81.0898,-6.0881],[-80.8726,-6.2203],[-80.7939,-6.2946],[-80.5564,-6.407],[-80.1609,-6.618],[-79.9745,-6.7607],[-79.9187,-6.8933],[-79.6879,-7.1226],[-79.6907,-7.1807],[-79.616,-7.2602],[-79.5707,-7.3906],[-79.5786,-7.463],[-79.4478,-7.6489],[-79.4661,-7.7167],[-79.3083,-7.9267],[-79.1474,-8.0474],[-78.9883,-8.2082],[-78.8968,-8.3919],[-78.9133,-8.4647],[-78.7626,-8.5989],[-78.7623,-8.773],[-78.6573,-8.9134],[-78.6392,-9.0467],[-78.5808,-9.0862],[-78.5694,-9.1707],[-78.4868,-9.2027],[-78.5141,-9.2771],[-78.4236,-9.3457],[-78.4336,-9.3908],[-78.3604,-9.6241],[-78.2264,-9.7981],[-78.2446,-9.8734],[-78.1764,-10.0439],[-78.1639,-10.1474],[-78.0872,-10.2304],[-78.0561,-10.3453],[-77.966,-10.4931],[-77.7084,-10.8529],[-77.5939,-11.1765],[-77.6495,-11.2212],[-77.6433,-11.3043],[-77.3443,-11.4768],[-77.2108,-11.6478],[-77.1988,-11.7679],[-77.1427,-11.9197],[-77.1323,-12.0712],[-77.0302,-12.1353],[-77.0309,-12.2082],[-76.8375,-12.3151],[-76.7842,-12.3862],[-76.8039,-12.5095],[-76.6775,-12.6224],[-76.6077,-12.7775],[-76.5239,-12.8448],[-76.4907,-13.0307],[-76.256,-13.3081],[-76.1902,-13.4348],[-76.1908,-13.6352],[-76.2611,-13.8654],[-76.3721,-13.8087],[-76.3952,-13.9093],[-76.2831,-13.9097],[-76.2787,-14.1525],[-76.2178,-14.1556],[-76.1102,-14.2934],[-76.1266,-14.3607],[-75.9749,-14.4701],[-75.9149,-14.6609],[-75.8528,-14.7175],[-75.582,-14.8657],[-75.4961,-14.9301],[-75.3681,-15.1419],[-75.2793,-15.1682],[-75.166,-15.3111],[-75.1447,-15.3978],[-74.9139,-15.51],[-74.8427,-15.5657],[-74.645,-15.6618],[-74.4625,-15.7258],[-74.3904,-15.8315],[-74.1761,-15.8946],[-74.0542,-15.9527],[-74.0332,-16.0133],[-73.8684,-16.1377],[-73.7196,-16.209],[-73.4604,-16.2787],[-73.314,-16.3399],[-73.0483,-16.4996],[-72.919,-16.5191],[-72.764,-16.6332],[-72.4481,-16.7058],[-72.091,-17.0136],[-71.945,-17.0709],[-71.8049,-17.1892],[-71.6667,-17.2195],[-71.4726,-17.2983],[-71.3957,-17.3904],[-71.3422,-17.637],[-71.373,-17.681],[-71.1853,-17.7828],[-71.0979,-17.8697],[-70.9201,-17.9404],[-70.8805,-18.0146],[-70.7601,-18.0823],[-70.6796,-18.1628],[-70.5093,-18.2573],[-70.3566,-18.3743],[-70.3066,-18.4401],[-70.3392,-18.561],[-70.354,-18.768],[-70.2686,-19.1431],[-70.2774,-19.3162],[-70.1693,-19.658],[-70.1222,-20.0895],[-70.177,-20.3505],[-70.1672,-20.4957],[-70.1976,-20.5283],[-70.1851,-20.7337],[-70.1312,-20.951],[-70.1788,-21.0237],[-70.126,-21.0886],[-70.0672,-21.2937],[-70.0987,-21.3379],[-70.0593,-21.4312],[-70.1035,-21.6081],[-70.151,-21.652],[-70.1435,-21.8478],[-70.218,-22.0956],[-70.2628,-22.637],[-70.3163,-22.805],[-70.2877,-22.8983],[-70.3615,-23.0471],[-70.4838,-23.099],[-70.5829,-23.1061],[-70.6155,-23.5088],[-70.5469,-23.5384],[-70.4809,-23.4666],[-70.399,-23.5454],[-70.4043,-23.6644],[-70.5,-23.7914],[-70.5197,-24.0216],[-70.5039,-24.1629],[-70.5646,-24.4726],[-70.5497,-24.5891],[-70.579,-24.7241],[-70.5291,-24.9142],[-70.4671,-25.0067],[-70.5093,-25.0973],[-70.4357,-25.1988],[-70.4607,-25.3858],[-70.5296,-25.4804],[-70.629,-25.5072],[-70.6365,-25.6469],[-70.7374,-25.8258],[-70.6269,-26.0071],[-70.6709,-26.1981],[-70.6433,-26.3085],[-70.7015,-26.42],[-70.6846,-26.5559],[-70.7693,-26.7656],[-70.834,-26.8774],[-70.799,-26.9408],[-70.808,-27.0509],[-70.8549,-27.1201],[-70.9721,-27.1674],[-70.9328,-27.3041],[-70.9666,-27.3709],[-70.8873,-27.4853],[-70.9351,-27.6598],[-71.007,-27.6896],[-71.0822,-27.7808],[-71.1491,-27.983],[-71.1675,-28.1271],[-71.1624,-28.3592],[-71.2595,-28.5421],[-71.3079,-28.5809],[-71.2966,-28.6804],[-71.3789,-28.794],[-71.518,-28.9056],[-71.4636,-29.1055],[-71.4994,-29.1854],[-71.3292,-29.3478],[-71.3053,-29.4506],[-71.3277,-29.5568],[-71.2874,-29.6202],[-71.3399,-29.7404],[-71.2733,-29.895],[-71.2959,-29.9497],[-71.416,-30.0109],[-71.372,-30.0793],[-71.4031,-30.1889],[-71.5494,-30.2998],[-71.6669,-30.3104],[-71.7187,-30.6521],[-71.6849,-30.9125],[-71.6527,-30.9703],[-71.6698,-31.1449],[-71.5709,-31.5005],[-71.5737,-31.5832],[-71.4987,-31.9724],[-71.5413,-32.196],[-71.4092,-32.3949],[-71.4763,-32.5245],[-71.4328,-32.621],[-71.5478,-32.8097],[-71.5088,-32.9097],[-71.5497,-33.002],[-71.6635,-33.0942],[-71.6857,-33.1747],[-71.6613,-33.2843],[-71.6969,-33.4377],[-71.6053,-33.5275],[-71.6736,-33.7234],[-71.8028,-33.775],[-71.8287,-33.8975],[-72.0035,-34.1376],[-71.9744,-34.3452],[-72.0439,-34.4346],[-72.0526,-34.6793],[-72.181,-34.8987],[-72.1776,-35.0154],[-72.2266,-35.1291],[-72.365,-35.2056],[-72.4078,-35.3164],[-72.4999,-35.3915],[-72.4869,-35.4534],[-72.6361,-35.6049],[-72.5659,-35.7535],[-72.5776,-35.8141],[-72.7865,-35.977],[-72.8138,-36.095],[-72.8095,-36.2667],[-72.8753,-36.4279],[-72.9925,-36.5811],[-72.9566,-36.6323],[-72.9975,-36.7363],[-73.1035,-36.724],[-73.1674,-36.7669],[-73.1505,-36.885],[-73.1865,-36.9937],[-73.1408,-37.0553],[-73.192,-37.1693],[-73.2997,-37.2377],[-73.4269,-37.2396],[-73.6436,-37.196],[-73.6766,-37.3508],[-73.5888,-37.5038],[-73.6817,-37.6285],[-73.6523,-37.7267],[-73.5541,-37.8427],[-73.4609,-38.0339],[-73.4585,-38.2074],[-73.5142,-38.2613],[-73.5306,-38.3874],[-73.4887,-38.6569],[-73.319,-38.9885],[-73.2274,-39.2507],[-73.2041,-39.3695],[-73.254,-39.5381],[-73.351,-39.6718],[-73.3904,-39.7912],[-73.4924,-39.899],[-73.678,-39.9647],[-73.6571,-40.1572],[-73.7497,-40.2865],[-73.7568,-40.4968],[-73.7108,-40.5365],[-73.8761,-40.8797],[-73.9461,-40.9862],[-73.9098,-41.1667],[-73.8334,-41.3191],[-73.8531,-41.427],[-73.7741,-41.5629],[-73.6872,-41.5961],[-73.7182,-41.7264],[-73.4775,-41.8001],[-73.3699,-41.7647],[-73.1323,-41.7772],[-73.0374,-41.7051],[-73.0963,-41.5894],[-73.0425,-41.5213],[-72.9196,-41.4763],[-72.7794,-41.5158],[-72.6722,-41.6135],[-72.6327,-41.7327],[-72.7903,-41.8355],[-72.8114,-41.9726],[-72.5351,-42.043],[-72.469,-42.1258],[-72.4409,-42.2594],[-72.5814,-42.1879],[-72.7378,-42.2252],[-72.8245,-42.2936],[-72.6233,-42.5203],[-72.8199,-42.5278],[-72.8482,-42.6151],[-72.8084,-42.7129],[-72.8364,-42.8341],[-72.7144,-42.9139],[-72.7802,-43.0297],[-72.8591,-43.0292],[-72.9124,-43.1228],[-72.8714,-43.2319],[-73.0551,-43.3201],[-73.0898,-43.4382],[-73.0476,-43.5363],[-72.9443,-43.6347],[-73.0395,-43.7161],[-72.929,-43.7705],[-73.0601,-43.8805],[-73.125,-44.01],[-73.2716,-44.1847],[-73.1836,-44.2485],[-72.9769,-44.2829],[-72.797,-44.3852],[-72.6555,-44.5408],[-72.6856,-44.7251],[-72.9573,-44.8562],[-73.0949,-44.9497],[-73.3546,-44.9546],[-73.3641,-45.066],[-73.2989,-45.1344],[-73.4252,-45.1884],[-73.4126,-45.2784],[-73.2905,-45.3216],[-73.4915,-45.4675],[-73.543,-45.7814],[-73.5316,-45.8259],[-73.6356,-45.975],[-73.6042,-46.0621],[-73.6686,-46.3101],[-73.8445,-46.6797],[-73.9174,-46.7381],[-74.0167,-46.6664],[-73.8613,-46.4577],[-73.7703,-46.3794],[-73.7251,-46.2328],[-73.8085,-46.2006],[-73.9382,-46.0793],[-74.0122,-45.9254],[-74.1059,-45.8073],[-74.4264,-45.85],[-74.6843,-45.8166],[-74.7832,-45.865],[-75.087,-45.9031],[-75.015,-46.1129],[-74.8765,-46.1157],[-74.9192,-46.2262],[-74.9996,-46.2152],[-75.1498,-46.324],[-75.1787,-46.3827],[-75.3056,-46.4089],[-75.4976,-46.5917],[-75.6024,-46.5938],[-75.6405,-46.7523],[-75.5767,-46.8842],[-75.401,-46.962],[-75.2689,-46.9044],[-75.3418,-46.6689],[-75.0458,-46.6268],[-74.9472,-46.7552],[-74.715,-46.8019],[-74.6338,-46.8763],[-74.5047,-46.8246],[-74.4223,-46.7496],[-74.3188,-46.7564],[-74.226,-46.8176],[-74.065,-46.9814],[-74.1923,-47.0801],[-74.1369,-47.1631],[-74.2656,-47.1946],[-74.4865,-47.4042],[-74.5008,-47.5126],[-74.5915,-47.5651],[-74.6859,-47.6919],[-74.6235,-47.7494],[-74.3162,-47.7777],[-74.0561,-47.764],[-73.8691,-47.827],[-73.6722,-47.767],[-73.4779,-47.8436],[-73.6182,-47.8811],[-73.5907,-48.0009],[-73.4666,-48.0945],[-73.6233,-48.1183],[-73.7006,-48.0406],[-73.9204,-48.0371],[-74.0692,-47.9661],[-74.2861,-48.0004],[-74.4887,-47.9278],[-74.6045,-48.0427],[-74.4688,-48.0854],[-74.3706,-48.1861],[-74.2743,-48.2134],[-74.0499,-48.39],[-74.3588,-48.5868],[-74.2577,-48.6778],[-74.4038,-48.8038],[-74.3572,-48.9807],[-74.4242,-49.0209],[-74.3569,-49.12],[-74.356,-49.2941],[-74.3912,-49.3882],[-74.2148,-49.5353],[-74.2844,-49.6192],[-74.3334,-49.8023],[-74.3157,-49.9246],[-74.3578,-49.9937],[-74.2049,-50.117],[-74.2678,-50.1566],[-74.4322,-50.0156],[-74.7056,-50.2015],[-74.5265,-50.2734],[-74.4663,-50.3543],[-74.2247,-50.4492],[-74.226,-50.5602],[-74.1429,-50.7474],[-73.9493,-50.846],[-73.8214,-50.7747],[-73.8302,-50.6787],[-73.7448,-50.5319],[-73.6559,-50.6151],[-73.7986,-50.684],[-73.7753,-50.7387],[-73.8731,-50.8505],[-73.979,-50.8881],[-74.0989,-50.8695],[-74.2441,-50.9469],[-74.1405,-51.0781],[-74.125,-51.1818],[-74.0135,-51.2117],[-73.955,-51.1821],[-73.9149,-51.2484],[-73.7824,-51.2159],[-73.7108,-51.2899],[-73.6735,-51.436],[-73.8927,-51.3686],[-73.9755,-51.5015],[-73.9238,-51.5986],[-73.7577,-51.7172],[-73.595,-51.7512],[-73.6471,-51.8266],[-73.5657,-52.0183],[-73.3952,-52.1268],[-73.2673,-52.16],[-73.1606,-52.1049],[-73.1188,-51.9354],[-72.9355,-51.892],[-72.9985,-51.7859],[-72.9137,-51.7483],[-72.7692,-51.8138],[-72.6391,-51.8299],[-72.5423,-51.7674],[-72.4608,-51.92],[-72.7428,-51.9657],[-72.8139,-51.9381],[-72.9569,-52.0458],[-73.1629,-52.1184],[-73.3634,-52.2215],[-73.4268,-52.1455],[-73.602,-52.2024],[-73.5436,-52.4709],[-73.6665,-52.6196],[-73.6708,-52.7892],[-73.5385,-52.7066],[-73.3316,-52.6588],[-73.2453,-52.7097],[-73.3187,-52.8261],[-73.524,-52.7926],[-73.6432,-52.8645],[-73.3849,-52.9663],[-73.376,-53.0701],[-73.216,-53.1129],[-72.9925,-53.0772],[-72.9498,-53.0335],[-73.0221,-52.8617],[-72.8871,-52.8225],[-72.6721,-52.6809],[-72.7849,-52.5735],[-72.5765,-52.5894],[-72.1669,-52.5226],[-71.6382,-52.5774],[-71.5585,-52.564],[-71.3842,-52.7205],[-71.3402,-52.8104],[-71.1671,-52.8131],[-71.1174,-52.9102],[-71.2455,-52.9882],[-71.3412,-53.1139],[-71.5054,-53.1422],[-71.6046,-53.1989],[-72.0212,-53.2344],[-72.1211,-53.275],[-72.2905,-53.2509],[-72.4025,-53.2975],[-72.4777,-53.3941],[-72.3431,-53.5488],[-72.1087,-53.6847],[-71.7611,-53.7651],[-71.6674,-53.8083],[-71.4409,-53.8448],[-71.3105,-53.8971],[-70.9719,-53.783],[-70.9263,-53.6049],[-70.9871,-53.3986],[-70.9156,-53.1697],[-70.816,-53.0071],[-70.8779,-52.9193],[-70.7881,-52.7623],[-70.5326,-52.7271],[-69.8821,-52.4962],[-69.7057,-52.5443],[-69.5436,-52.4555],[-69.4489,-52.2604],[-69.172,-52.1942],[-68.8902,-52.3082],[-68.3642,-52.343],[-68.605,-52.6595],[-68.7736,-52.5434],[-68.8124,-52.6118],[-69.0933,-52.6961],[-69.2316,-52.6477],[-69.386,-52.4663],[-69.5704,-52.5152],[-69.5906,-52.6452],[-69.6974,-52.7501],[-69.9006,-52.8377],[-70.0003,-52.8396],[-70.148,-52.73],[-70.2729,-52.8138],[-70.2611,-52.8669],[-70.0905,-52.9304],[-70.1421,-53.0156],[-70.2488,-53.0628],[-70.4193,-53.0138],[-70.4682,-53.2863],[-70.4429,-53.38],[-70.2156,-53.4776],[-69.8875,-53.3803],[-69.5737,-53.3463],[-69.3714,-53.3579],[-69.3168,-53.4375],[-69.3551,-53.5222],[-69.6704,-53.6455],[-69.9084,-53.6623],[-70.1251,-53.7442],[-70.1754,-53.8355],[-70.0232,-54.1073],[-69.7676,-54.1986],[-69.3221,-54.3175],[-69.1645,-54.3845],[-69.2343,-54.4454],[-69.455,-54.3464],[-69.6247,-54.3536],[-69.8451,-54.2872],[-69.8017,-54.4273],[-70.0667,-54.2526],[-70.2674,-54.348],[-70.5942,-54.2472],[-70.8297,-54.1415],[-70.7982,-54.3263],[-70.9373,-54.3698],[-70.9511,-54.4655],[-71.3358,-54.3767],[-71.5886,-54.4305],[-71.6561,-54.5071],[-71.9887,-54.472],[-71.9519,-54.6254],[-71.7359,-54.6154],[-71.675,-54.6568],[-71.4018,-54.6533],[-71.252,-54.6182],[-70.9876,-54.6844],[-70.953,-54.7381],[-70.7222,-54.8477],[-70.5802,-54.7876],[-70.211,-54.8761],[-69.9534,-54.8453],[-69.6911,-54.8378],[-69.0787,-54.9637],[-68.8408,-54.9546],[-68.5557,-54.8627],[-68.3814,-54.8515],[-68.2748,-54.7987],[-68.033,-54.8502],[-67.6242,-54.8847],[-67.2667,-54.8844],[-67.2667,-54.9436],[-67.3465,-54.9264],[-67.7202,-54.9258],[-67.9758,-54.8946],[-68.3288,-54.9206],[-68.3167,-54.9991],[-68.1766,-55.0057],[-68.1162,-55.2149],[-67.8839,-55.1938],[-67.7263,-55.2526],[-67.509,-55.1769],[-67.4176,-55.2119],[-67.4363,-55.3174],[-67.2667,-55.3315],[-67.2667,-55.7104],[-67.4159,-55.6473],[-67.5661,-55.6919],[-67.4968,-55.7539],[-67.2667,-55.7878],[-67.2667,-60.0],[-180.0,-60.0],[-180.0,-16.9673],[-179.889,-16.8711],[-179.8498,-16.7944],[-179.8727,-16.6895],[-180.0,-16.7929],[-180.0,0.0]],[[-142.3714,-18.0058],[-142.3988,-18.0473],[-142.2349,-18.1544],[-142.2192,-18.1374],[-142.2203,-18.0939],[-142.1848,-18.0387],[-142.19,-18.0113],[-142.2316,-17.9641],[-142.2565,-18.0003],[-142.2894,-18.0133],[-142.3714,-18.0058]],[[-149.2986,-17.609],[-149.3408,-17.5433],[-149.4901,-17.4954],[-149.6257,-17.5764],[-149.5805,-17.74],[-149.4712,-17.7838],[-149.322,-17.7535],[-149.2883,-17.8295],[-149.1614,-17.8808],[-149.1274,-17.7814],[-149.3052,-17.7195],[-149.2986,-17.609]],[[-144.2991,-17.0758],[-144.3693,-17.049],[-144.4309,-17.0716],[-144.4045,-17.1605],[-144.3393,-17.176],[-144.2991,-17.0758]],[[-151.4946,-16.7922],[-151.446,-16.919],[-151.3714,-16.8821],[-151.4334,-16.7391],[-151.4946,-16.7922]],[[-73.2759,-54.1406],[-73.1858,-54.0646],[-73.344,-54.0018],[-73.359,-54.1237],[-73.2759,-54.1406]],[[-73.3008,-53.8626],[-73.1599,-53.9205],[-73.0733,-53.8274],[-73.2857,-53.8064],[-73.3008,-53.8626]],[[-72.9151,-54.1367],[-72.6845,-54.0746],[-72.5546,-54.1091],[-72.3247,-54.0088],[-72.354,-53.8478],[-72.2245,-53.8586],[-72.1628,-53.7741],[-72.3968,-53.681],[-72.4768,-53.5776],[-72.5664,-53.575],[-73.0389,-53.3753],[-73.1896,-53.4254],[-73.2237,-53.5043],[-73.3101,-53.4735],[-73.4287,-53.4619],[-73.3559,-53.5442],[-73.2942,-53.564],[-73.2356,-53.6403],[-73.1122,-53.6449],[-73.0793,-53.7891],[-72.9932,-53.7928],[-72.9925,-53.8916],[-72.7915,-54.0],[-72.9526,-54.0711],[-72.9151,-54.1367]],[[-73.4531,-53.4679],[-73.4273,-53.4495],[-73.339,-53.4617],[-73.4019,-53.4017],[-73.5928,-53.3868],[-73.6083,-53.4655],[-73.7899,-53.4562],[-73.4773,-53.6427],[-73.3288,-53.5756],[-73.4181,-53.4856],[-73.4531,-53.4679]],[[-73.1958,-53.3233],[-73.4405,-53.1528],[-73.5315,-53.1624],[-73.6516,-53.0868],[-73.7608,-53.0772],[-74.0439,-52.9713],[-74.2088,-52.9742],[-74.3922,-52.9221],[-74.4452,-52.8225],[-74.6151,-52.7588],[-74.722,-52.7761],[-74.5713,-52.9597],[-74.4239,-53.0015],[-74.2998,-53.132],[-74.2255,-53.103],[-73.9639,-53.1449],[-73.7724,-53.2436],[-73.6094,-53.2303],[-73.5473,-53.3523],[-73.3429,-53.3542],[-73.1958,-53.3233]],[[-74.5736,-51.8529],[-74.7189,-51.7899],[-74.8958,-52.1487],[-74.8486,-52.1667],[-74.7365,-52.1165],[-74.6984,-52.0367],[-74.6325,-51.9876],[-74.5736,-51.8529]],[[-74.9225,-51.6387],[-74.8484,-51.828],[-74.9613,-51.8413],[-74.9905,-51.9759],[-75.0654,-52.0234],[-75.0134,-52.1461],[-74.9046,-52.1373],[-74.7506,-51.8256],[-74.7636,-51.6614],[-74.9225,-51.6387]],[[-75.1268,-51.8245],[-75.0981,-51.927],[-74.9971,-51.8862],[-74.9481,-51.7801],[-75.049,-51.7306],[-75.1268,-51.8245]],[[-75.1329,-51.272],[-75.2192,-51.3335],[-75.2105,-51.4896],[-75.3286,-51.5302],[-75.3078,-51.6405],[-75.1463,-51.5692],[-75.1413,-51.4602],[-74.9754,-51.3515],[-75.1329,-51.272]],[[-74.3728,-50.86],[-74.4377,-50.8029],[-74.6153,-50.7858],[-74.6624,-50.9109],[-74.8874,-50.8803],[-74.8262,-50.9778],[-74.8875,-51.0495],[-74.7403,-51.091],[-74.5896,-51.0654],[-74.5237,-51.2223],[-74.3588,-51.169],[-74.3728,-50.86]],[[-74.717,-50.6895],[-74.8132,-50.6593],[-74.9309,-50.6936],[-74.9369,-50.8526],[-74.8026,-50.8864],[-74.6886,-50.904],[-74.6346,-50.8182],[-74.7309,-50.7655],[-74.717,-50.6895]],[[-75.4716,-50.5082],[-75.3779,-50.5757],[-75.5081,-50.6661],[-75.4273,-50.7717],[-75.3316,-50.8102],[-75.2107,-50.6177],[-75.0726,-50.5209],[-75.3689,-50.4636],[-75.4716,-50.5082]],[[-74.7792,-50.1424],[-74.9418,-50.0777],[-75.0218,-50.0941],[-75.1416,-50.0153],[-75.3698,-49.9981],[-75.4065,-50.1552],[-75.4805,-50.3155],[-75.4302,-50.3942],[-75.2608,-50.4574],[-75.1637,-50.4763],[-74.9752,-50.409],[-74.8816,-50.3121],[-74.7792,-50.1424]],[[-74.389,-49.6784],[-74.4809,-49.5152],[-74.3886,-49.3098],[-74.4091,-49.0902],[-74.451,-49.0179],[-74.3965,-48.9383],[-74.464,-48.8728],[-74.4607,-48.7049],[-74.5651,-48.7322],[-74.6931,-48.6583],[-74.961,-48.7538],[-75.0154,-48.8255],[-74.9238,-48.9796],[-74.7755,-49.0749],[-74.8389,-49.1748],[-74.8638,-49.307],[-74.985,-49.229],[-75.0995,-49.262],[-75.2937,-49.2315],[-75.4564,-49.2737],[-75.3816,-49.487],[-75.2309,-49.5599],[-75.249,-49.6483],[-75.1245,-49.8557],[-75.0468,-49.872],[-74.9281,-49.8042],[-74.9726,-49.7066],[-74.8674,-49.5233],[-74.9049,-49.9304],[-74.8801,-49.9892],[-74.8539,-50.0387],[-74.6353,-50.0592],[-74.4103,-49.8992],[-74.389,-49.6784]],[[-75.6329,-49.7593],[-75.6229,-49.8301],[-75.3793,-49.7483],[-75.3593,-49.8459],[-75.1595,-49.8935],[-75.1563,-49.8384],[-75.3151,-49.6053],[-75.5333,-49.5883],[-75.6329,-49.7593]],[[-75.5859,-49.1303],[-75.6045,-49.2068],[-75.4623,-49.2441],[-75.2371,-49.073],[-75.3401,-48.9545],[-75.4851,-49.0805],[-75.5859,-49.1303]],[[-75.2468,-49.0506],[-75.1433,-49.0011],[-75.155,-48.9816],[-75.1874,-48.9839],[-75.1768,-48.9547],[-75.2061,-48.8934],[-75.2197,-48.8463],[-75.339,-48.7953],[-75.538,-48.7924],[-75.6266,-48.8887],[-75.5701,-48.9386],[-75.4489,-49.037],[-75.3396,-48.9432],[-75.2794,-48.9235],[-75.2468,-49.0506]],[[-75.588,-48.4704],[-75.5948,-48.5668],[-75.5359,-48.6183],[-75.5967,-48.7314],[-75.535,-48.7717],[-75.3591,-48.7147],[-75.2334,-48.5605],[-75.2865,-48.4091],[-75.588,-48.4704]],[[-75.0244,-48.4521],[-75.1903,-48.2314],[-75.2097,-48.1251],[-75.3049,-47.9974],[-75.53,-48.0938],[-75.4718,-48.2246],[-75.4846,-48.4008],[-75.445,-48.4157],[-75.2857,-48.3807],[-75.1839,-48.687],[-75.0056,-48.5911],[-75.0244,-48.4521]],[[-75.1676,-47.8389],[-75.0178,-47.7883],[-75.0502,-47.7172],[-75.1851,-47.7392],[-75.1676,-47.8389]],[[-74.0238,-47.9439],[-73.8611,-47.8908],[-74.1931,-47.7777],[-74.3345,-47.8089],[-74.4686,-47.8897],[-74.2618,-47.9639],[-74.0238,-47.9439]],[[-74.4898,-48.1187],[-74.5483,-48.2518],[-74.4794,-48.3358],[-74.3062,-48.2636],[-74.4898,-48.1187]],[[-74.2733,-48.2729],[-74.4459,-48.3543],[-74.3308,-48.4],[-74.2153,-48.3897],[-74.2733,-48.2729]],[[-74.45,-48.3785],[-74.3547,-48.5388],[-74.2714,-48.4515],[-74.45,-48.3785]],[[-74.7087,-48.1848],[-74.7668,-48.2981],[-74.7613,-48.384],[-74.8846,-48.4111],[-74.9711,-48.4775],[-74.9585,-48.5727],[-74.8761,-48.6183],[-74.675,-48.6282],[-74.5527,-48.6914],[-74.4495,-48.6682],[-74.4632,-48.5597],[-74.5649,-48.5362],[-74.535,-48.3818],[-74.6132,-48.2338],[-74.7087,-48.1848]],[[-75.0124,-48.7434],[-75.0065,-48.5955],[-75.2176,-48.762],[-75.0481,-48.8269],[-75.0124,-48.7434]],[[-75.1737,-48.9393],[-75.173,-48.9702],[-75.151,-48.9722],[-75.136,-48.9956],[-75.0114,-48.8849],[-75.0741,-48.8235],[-75.254,-48.7685],[-75.2117,-48.8528],[-75.1966,-48.9084],[-75.1737,-48.9393]],[[-74.8244,-49.076],[-74.9454,-49.0007],[-75.0748,-48.9807],[-75.1799,-49.0816],[-74.8665,-49.2836],[-74.8244,-49.076]],[[-74.9908,-48.0807],[-75.1712,-48.0648],[-75.1377,-48.2292],[-74.9565,-48.4466],[-74.7652,-48.3439],[-74.7803,-48.2569],[-74.7289,-48.2041],[-74.9908,-48.0807]],[[-74.7846,-47.9304],[-74.7623,-47.8106],[-74.9898,-47.8687],[-75.2065,-47.975],[-75.0937,-48.0666],[-74.9999,-48.0627],[-74.8243,-48.1573],[-74.7538,-48.0391],[-74.7846,-47.9304]],[[-74.3918,-49.4136],[-74.4363,-49.5146],[-74.3731,-49.6342],[-74.2329,-49.5501],[-74.3918,-49.4136]],[[-74.3762,-50.7994],[-74.1442,-50.8464],[-74.2135,-50.6667],[-74.3004,-50.6067],[-74.357,-50.4591],[-74.4639,-50.4715],[-74.563,-50.3692],[-74.6954,-50.3511],[-74.7902,-50.4848],[-74.4787,-50.5177],[-74.5593,-50.6903],[-74.3762,-50.7994]],[[-74.3146,-50.906],[-74.3426,-50.9124],[-74.2623,-51.2304],[-74.1642,-51.2072],[-74.3146,-50.906]],[[-73.9555,-51.2301],[-74.0646,-51.2235],[-74.1057,-51.2995],[-74.0523,-51.3828],[-73.9224,-51.3339],[-73.9555,-51.2301]],[[-73.8376,-51.2565],[-73.8438,-51.3686],[-73.7316,-51.3704],[-73.7505,-51.2699],[-73.8376,-51.2565]],[[-74.1012,-51.3879],[-74.1528,-51.2777],[-74.2462,-51.2884],[-74.2292,-51.4238],[-74.1012,-51.3879]],[[-73.8757,-51.8873],[-74.0196,-51.6015],[-74.1168,-51.545],[-74.2329,-51.6767],[-74.1562,-51.7484],[-73.8757,-51.8873]],[[-74.3523,-51.9006],[-74.0894,-51.9907],[-74.0876,-52.0263],[-73.6629,-52.1763],[-73.8074,-52.0256],[-74.1435,-51.8746],[-74.3197,-51.7634],[-74.4797,-51.7112],[-74.3523,-51.9006]],[[-74.2375,-52.1009],[-73.854,-52.3282],[-73.8046,-52.4224],[-73.9499,-52.4948],[-74.0371,-52.5941],[-73.9039,-52.7533],[-73.7156,-52.6447],[-73.7025,-52.521],[-73.7322,-52.3421],[-73.748,-52.2803],[-74.0028,-52.1658],[-74.0977,-52.095],[-74.2375,-52.1009]],[[-74.2738,-52.0932],[-74.3666,-52.1707],[-74.1691,-52.2223],[-74.2269,-52.3344],[-74.208,-52.4101],[-73.9728,-52.3939],[-73.9226,-52.3242],[-74.056,-52.2139],[-74.2738,-52.0932]],[[-74.618,-52.0865],[-74.4414,-51.9756],[-74.5442,-51.9382],[-74.6894,-52.0435],[-74.618,-52.0865]],[[-74.5848,-51.1967],[-74.7046,-51.1884],[-74.9301,-51.2921],[-74.9915,-51.4854],[-74.7375,-51.4072],[-74.5723,-51.4037],[-74.4975,-51.2813],[-74.5848,-51.1967]],[[-72.9996,-53.3133],[-72.5513,-53.5398],[-72.4289,-53.4959],[-72.5214,-53.4014],[-72.536,-53.3187],[-72.3399,-53.2085],[-72.2523,-53.0569],[-72.153,-53.1335],[-72.0232,-53.1331],[-71.9078,-53.0031],[-71.4675,-52.8324],[-71.3954,-52.7368],[-71.4773,-52.6462],[-71.6672,-52.6967],[-72.1937,-52.6717],[-72.4319,-52.821],[-72.5769,-52.8041],[-72.6807,-52.7243],[-72.9551,-52.8823],[-72.8835,-53.0687],[-72.9639,-53.1133],[-72.9514,-53.1667],[-73.1388,-53.1988],[-73.2125,-53.2472],[-72.9996,-53.3133]],[[-72.0798,-54.1949],[-71.8178,-54.2746],[-71.7552,-54.1688],[-71.6217,-54.0907],[-71.7022,-53.9912],[-71.8224,-53.9447],[-71.9193,-53.8441],[-72.0597,-53.9324],[-72.2551,-53.9091],[-72.245,-54.0855],[-72.0798,-54.1949]],[[-70.2194,-54.2345],[-70.545,-54.1073],[-70.3319,-54.0088],[-70.4449,-53.8986],[-70.4806,-53.5645],[-70.6608,-53.6865],[-70.7054,-53.7831],[-70.8625,-53.8359],[-70.873,-53.9058],[-70.8813,-54.0575],[-70.6921,-54.1954],[-70.275,-54.2879],[-70.2194,-54.2345]],[[-71.4447,-53.9455],[-71.651,-53.9819],[-71.6146,-54.0994],[-71.6949,-54.1439],[-71.6724,-54.2253],[-71.5547,-54.2579],[-71.4584,-54.3391],[-71.3069,-54.3164],[-71.1162,-54.4029],[-70.9705,-54.2787],[-70.9925,-54.1067],[-71.0609,-54.0625],[-71.248,-54.1116],[-71.2684,-54.004],[-71.4447,-53.9455]],[[-72.5019,-54.2415],[-72.324,-54.265],[-72.2515,-54.0979],[-72.3433,-54.0589],[-72.5019,-54.2415]],[[-73.0855,-52.0791],[-73.0037,-52.056],[-72.9315,-51.931],[-73.0848,-51.95],[-73.0855,-52.0791]],[[-74.3383,-45.4274],[-74.261,-45.4092],[-74.3647,-45.2881],[-74.5152,-45.3395],[-74.3383,-45.4274]],[[-74.3997,-45.2377],[-74.225,-45.3574],[-74.1937,-45.222],[-74.3847,-45.1609],[-74.3997,-45.2377]],[[-74.3215,-45.1497],[-74.2634,-45.0821],[-74.3732,-45.0402],[-74.4126,-45.1213],[-74.3215,-45.1497]],[[-73.6765,-45.2002],[-73.7087,-45.0688],[-73.8074,-44.9847],[-74.0353,-45.0339],[-74.1826,-45.0429],[-74.1479,-45.1611],[-74.0036,-45.2036],[-73.9752,-45.2568],[-73.6765,-45.2002]],[[-74.3855,-45.0028],[-74.2652,-45.038],[-73.8917,-44.9611],[-73.9531,-44.8943],[-74.2038,-44.8778],[-74.3855,-45.0028]],[[-75.1534,-44.9291],[-75.0224,-44.8503],[-75.1413,-44.7624],[-75.2057,-44.8107],[-75.1534,-44.9291]],[[-73.9552,-44.6009],[-74.2873,-44.5939],[-74.3866,-44.6141],[-74.3825,-44.705],[-74.2467,-44.7084],[-74.2445,-44.8075],[-74.0591,-44.7589],[-73.867,-44.6509],[-73.9552,-44.6009]],[[-74.4798,-44.6996],[-74.4568,-44.6317],[-74.6378,-44.6205],[-74.6066,-44.691],[-74.4798,-44.6996]],[[-74.5585,-44.4785],[-74.4069,-44.5381],[-74.3127,-44.5763],[-74.1325,-44.5323],[-74.2465,-44.4041],[-74.5585,-44.4785]],[[-74.0934,-44.1833],[-74.0125,-44.3365],[-73.8852,-44.2998],[-73.9829,-44.1644],[-74.0934,-44.1833]],[[-176.8791,-43.8001],[-176.8174,-43.846],[-176.6094,-43.8116],[-176.5343,-43.9374],[-176.6861,-44.0101],[-176.5768,-44.1326],[-176.3569,-44.0582],[-176.521,-43.848],[-176.5454,-43.7372],[-176.8791,-43.8001]],[[-73.999,-43.909],[-73.7821,-43.8264],[-73.8376,-43.7743],[-73.901,-43.8404],[-74.055,-43.8055],[-74.1537,-43.8687],[-73.999,-43.909]],[[-73.257,-43.9881],[-73.1466,-44.0169],[-73.1682,-43.8874],[-73.257,-43.9881]],[[-73.4036,-44.5735],[-73.4516,-44.6385],[-73.4241,-44.7233],[-73.2632,-44.9309],[-73.0341,-44.8729],[-72.8208,-44.7353],[-72.8049,-44.6471],[-72.6847,-44.5299],[-72.764,-44.4627],[-72.9752,-44.3644],[-73.2467,-44.4358],[-73.2247,-44.5224],[-73.265,-44.612],[-73.4036,-44.5735]],[[-73.7929,-44.8035],[-73.8985,-44.8847],[-73.7583,-44.9487],[-73.7929,-44.8035]],[[-73.8807,-44.5934],[-73.7624,-44.7117],[-73.566,-44.7019],[-73.6111,-44.5585],[-73.7243,-44.5304],[-73.8807,-44.5934]],[[-74.158,-45.2621],[-74.0742,-45.3908],[-73.9042,-45.4542],[-73.7977,-45.3679],[-73.8291,-45.2489],[-73.981,-45.2641],[-74.0257,-45.2054],[-74.158,-45.2621]],[[-73.5554,-45.6413],[-73.5423,-45.4835],[-73.6575,-45.4383],[-73.7223,-45.4766],[-73.795,-45.652],[-73.6189,-45.7658],[-73.5554,-45.6413]],[[-73.6715,-46.0366],[-73.6586,-45.8834],[-73.6997,-45.8039],[-73.8341,-45.765],[-73.9219,-45.9509],[-73.8883,-45.9958],[-73.6715,-46.0366]],[[-73.6433,-46.0831],[-73.6842,-46.0548],[-73.9012,-46.0086],[-73.7933,-46.1872],[-73.727,-46.2101],[-73.6433,-46.0831]],[[-74.2732,-45.4803],[-74.4012,-45.4497],[-74.4843,-45.6215],[-74.4334,-45.6865],[-74.451,-45.7832],[-74.3649,-45.7751],[-74.1926,-45.6873],[-74.1782,-45.6288],[-74.2732,-45.4803]],[[-74.0604,-45.4412],[-73.9934,-45.5216],[-73.8377,-45.5754],[-73.8512,-45.4719],[-74.0604,-45.4412]],[[-73.8854,-45.7079],[-73.8872,-45.5736],[-73.9949,-45.5348],[-74.09,-45.6125],[-74.0338,-45.7239],[-73.8854,-45.7079]],[[-74.7667,-43.6812],[-74.5794,-43.5937],[-74.7447,-43.5184],[-74.8176,-43.6236],[-74.7667,-43.6812]],[[-73.7385,-43.1717],[-73.5329,-43.0652],[-73.6166,-42.892],[-73.4621,-42.8837],[-73.4874,-42.7921],[-73.6081,-42.7502],[-73.7712,-42.615],[-73.6384,-42.5328],[-73.6722,-42.4021],[-73.5567,-42.3387],[-73.406,-42.3231],[-73.337,-42.2641],[-73.4713,-42.1452],[-73.4142,-42.0733],[-73.5233,-41.962],[-73.4993,-41.888],[-73.5384,-41.7967],[-73.666,-41.7974],[-73.8422,-41.8819],[-73.9805,-41.8603],[-74.0437,-41.9291],[-74.0256,-42.0314],[-74.0545,-42.1422],[-74.171,-42.2623],[-74.1361,-42.3242],[-74.1917,-42.444],[-74.1147,-42.6431],[-74.1663,-42.8955],[-74.2227,-43.0238],[-74.3218,-43.0978],[-74.4022,-43.2685],[-74.1473,-43.3474],[-73.8,-43.3941],[-73.8069,-43.3105],[-73.6739,-43.2676],[-73.7385,-43.1717]],[[-109.2358,-27.1219],[-109.385,-27.0556],[-109.3971,-27.1722],[-109.2358,-27.1219]],[[-135.5468,-21.5747],[-135.5233,-21.4724],[-135.6242,-21.4813],[-135.6119,-21.5679],[-135.5468,-21.5747]],[[-175.3425,-21.15],[-175.128,-21.2736],[-175.0447,-21.1352],[-175.187,-21.1379],[-175.2464,-21.1097],[-175.3425,-21.15]],[[-169.8788,-18.9587],[-169.9317,-19.0945],[-169.8436,-19.1476],[-169.7739,-19.059],[-169.8047,-18.966],[-169.8788,-18.9587]],[[-174.0685,-18.6328],[-174.0135,-18.6781],[-173.9215,-18.6389],[-173.973,-18.5658],[-174.0685,-18.6328]],[[-140.697,-17.7073],[-140.8158,-17.7871],[-140.8522,-17.8392],[-140.8244,-17.9149],[-140.6731,-17.784],[-140.6469,-17.7362],[-140.697,-17.7073]],[[-145.5296,-17.418],[-145.4612,-17.4926],[-145.3913,-17.4731],[-145.5153,-17.3366],[-145.5296,-17.418]],[[-143.0525,-17.0043],[-143.0666,-16.9848],[-143.0961,-16.9737],[-143.1716,-16.9264],[-143.2795,-16.9173],[-143.326,-16.9268],[-143.3329,-16.9467],[-143.3066,-17.0101],[-143.2657,-17.047],[-143.1772,-17.0794],[-143.1208,-17.1828],[-143.0628,-17.1154],[-143.0525,-17.0043]],[[-146.8869,-15.698],[-146.8443,-15.7514],[-146.7,-15.8248],[-146.5738,-15.8555],[-146.4935,-15.845],[-146.4913,-15.8033],[-146.5497,-15.7475],[-146.6167,-15.7094],[-146.8357,-15.6345],[-146.8869,-15.698]],[[-171.8309,-13.7928],[-172.0367,-13.8296],[-172.0548,-13.9031],[-171.9172,-14.0048],[-171.8569,-13.9835],[-171.6949,-14.0294],[-171.4371,-14.0443],[-171.4416,-13.9755],[-171.6066,-13.8718],[-171.7088,-13.8626],[-171.8309,-13.7928]],[[-172.4143,-13.4498],[-172.7018,-13.5196],[-172.6841,-13.6201],[-172.5277,-13.8038],[-172.2892,-13.7592],[-172.2423,-13.804],[-172.1787,-13.6781],[-172.2118,-13.5778],[-172.3155,-13.4516],[-172.4143,-13.4498]],[[-139.037,-9.707],[-139.164,-9.7761],[-139.0494,-9.8611],[-139.0513,-9.8153],[-138.9005,-9.8085],[-138.8944,-9.7376],[-139.037,-9.707]],[[-171.788,-9.2335],[-171.7847,-9.1011],[-171.864,-9.1161],[-171.8669,-9.1869],[-171.788,-9.2335]],[[-140.2477,-8.7989],[-140.1879,-8.9648],[-140.0085,-8.9145],[-140.0125,-8.8474],[-140.2007,-8.7811],[-140.2477,-8.7989]],[[-79.9025,-2.7387],[-80.0368,-2.6753],[-80.2112,-2.7339],[-80.2571,-2.8327],[-80.262,-3.0256],[-80.1682,-3.0236],[-80.0941,-2.9499],[-80.1483,-2.8718],[-80.0287,-2.8599],[-79.9025,-2.7387]],[[-90.4256,-1.3582],[-90.352,-1.2747],[-90.479,-1.2328],[-90.5119,-1.3157],[-90.4256,-1.3582]],[[-90.9491,-0.6191],[-90.9543,-0.4348],[-91.1065,-0.3095],[-91.1746,-0.2216],[-91.199,-0.0213],[-91.2929,0.0756],[-91.31,0.1332],[-91.4916,0.0979],[-91.4699,-0.0151],[-91.4106,-0.0435],[-91.3883,-0.2544],[-91.3468,-0.32],[-91.2276,-0.4103],[-91.2133,-0.4883],[-91.0756,-0.595],[-91.1851,-0.6868],[-91.3011,-0.6947],[-91.4336,-0.7873],[-91.5126,-0.9085],[-91.4403,-1.0013],[-91.1723,-1.0502],[-90.9061,-0.9545],[-90.781,-0.765],[-90.8965,-0.6072],[-90.9491,-0.6191]],[[-91.656,-0.3042],[-91.6517,-0.3959],[-91.6006,-0.4867],[-91.5071,-0.5072],[-91.3875,-0.4555],[-91.3847,-0.335],[-91.4588,-0.2604],[-91.656,-0.3042]],[[-90.5493,-0.3209],[-90.6037,-0.2187],[-90.7906,-0.1456],[-90.8702,-0.2485],[-90.7408,-0.3605],[-90.5984,-0.3748],[-90.5493,-0.3209]],[[-90.3956,-0.7736],[-90.2415,-0.7465],[-90.1771,-0.6676],[-90.1689,-0.5722],[-90.2511,-0.4822],[-90.5066,-0.531],[-90.5487,-0.6282],[-90.5354,-0.6965],[-90.3956,-0.7736]],[[-89.5228,-0.9561],[-89.3989,-0.9137],[-89.2406,-0.7204],[-89.3391,-0.6842],[-89.444,-0.749],[-89.4849,-0.8172],[-89.6135,-0.8891],[-89.5228,-0.9561]],[[-69.4944,-55.0227],[-69.1315,-54.9735],[-69.6743,-54.8793],[-69.9423,-54.9227],[-69.8853,-55.0717],[-69.6583,-55.0599],[-69.4944,-55.0227]],[[-69.9062,-55.0909],[-69.9334,-55.1981],[-69.8529,-55.306],[-69.4144,-55.4589],[-69.3715,-55.5052],[-69.0898,-55.5147],[-69.2758,-55.3649],[-69.1893,-55.2302],[-69.0462,-55.28],[-68.8083,-55.2579],[-68.9301,-55.3852],[-68.9315,-55.4474],[-68.7808,-55.5142],[-68.5929,-55.4375],[-68.2229,-55.5391],[-68.2812,-55.6116],[-68.0287,-55.7003],[-67.9798,-55.5947],[-68.0727,-55.5284],[-68.1426,-55.3904],[-68.3165,-55.3973],[-68.331,-55.3052],[-68.2651,-55.2492],[-68.3441,-55.1828],[-68.5424,-55.1926],[-68.303,-55.0329],[-68.4954,-54.9243],[-68.7542,-54.968],[-69.0417,-55.0017],[-69.2815,-55.0065],[-69.4796,-55.0408],[-69.9062,-55.0909]],[[-70.3505,-54.9007],[-70.5068,-54.9113],[-70.7176,-54.9792],[-70.7766,-54.949],[-71.028,-54.9777],[-71.0182,-55.0655],[-70.8351,-55.0781],[-70.757,-55.1277],[-70.5767,-55.1153],[-70.4786,-55.2236],[-70.2603,-55.1239],[-70.3381,-55.052],[-70.23,-54.9632],[-70.3505,-54.9007]],[[-71.1371,-54.8291],[-71.4329,-54.8209],[-71.3672,-54.954],[-71.2156,-54.8803],[-71.0836,-54.9624],[-70.9509,-54.8894],[-71.1371,-54.8291]],[[-70.1949,-55.0289],[-70.0135,-55.0036],[-70.1413,-54.9105],[-70.1949,-55.0289]]],[[[-142.2724,-18.1287],[-142.3885,-18.0327],[-142.3744,-18.0108],[-142.3045,-18.0178],[-142.2706,-18.0114],[-142.2446,-17.9963],[-142.1889,-18.0313],[-142.2213,-18.0841],[-142.2232,-18.1363],[-142.2724,-18.1287]]],[[[-140.8522,-17.8392],[-140.7965,-17.7754],[-140.6928,-17.7108],[-140.6819,-17.7853],[-140.8173,-17.9057],[-140.8522,-17.8392]]],[[[-143.2836,-16.9225],[-143.1755,-16.9297],[-143.096,-16.9791],[-143.064,-16.9917],[-143.0701,-17.1015],[-143.2498,-17.0513],[-143.2991,-17.0054],[-143.3239,-16.9308],[-143.2836,-16.9225]]],[[[-146.5565,-15.8378],[-146.6661,-15.8204],[-146.8421,-15.7222],[-146.8363,-15.644],[-146.5553,-15.7494],[-146.493,-15.8084],[-146.5565,-15.8378]]],[[[147.2405,-43.1539],[147.3439,-43.0526],[147.3625,-42.9259],[147.4949,-42.91],[147.513,-42.7832],[147.6013,-42.8033],[147.6681,-42.901],[147.8166,-42.9007],[147.814,-43.0601],[147.6807,-42.9904],[147.6275,-43.0742],[147.7161,-43.1986],[147.9458,-43.1991],[147.9836,-43.1358],[147.9542,-43.0016],[147.984,-42.8901],[147.8916,-42.8425],[147.9467,-42.7285],[147.9553,-42.5507],[148.0126,-42.4513],[148.012,-42.2435],[148.0753,-42.1114],[148.2842,-42.0331],[148.3237,-41.917],[148.271,-41.8486],[148.2888,-41.6687],[148.3209,-41.622],[148.2675,-41.457],[148.3336,-41.2711],[148.2716,-41.1834],[148.2867,-41.0483],[148.3477,-40.9908],[148.481,-40.4372],[148.4814,-40.432],[148.4167,-40.2667],[148.3008,-40.1297],[148.2894,-39.9678],[148.1807,-39.949],[148.0,-39.7743],[148.0048,-39.642],[149.9095,-37.569],[149.905,-37.5481],[149.9046,-37.5432],[149.9787,-37.5021],[149.949,-37.3727],[149.9588,-37.2518],[150.0317,-37.2367],[149.9373,-37.0979],[149.9043,-36.9298],[149.9776,-36.7155],[150.0657,-36.547],[150.081,-36.3626],[150.1488,-36.2666],[150.1202,-36.1342],[150.1601,-36.0148],[150.1524,-35.8846],[150.3025,-35.6386],[150.4035,-35.5251],[150.3929,-35.4617],[150.4791,-35.3591],[150.4804,-35.2887],[150.6043,-35.1562],[150.6987,-35.1215],[150.6835,-35.0196],[150.7563,-34.991],[150.7111,-34.8877],[150.8235,-34.7739],[150.8845,-34.6061],[150.924,-34.3245],[150.9775,-34.2442],[151.128,-34.1377],[151.2522,-33.9956],[151.2864,-33.8865],[151.2813,-33.6417],[151.3314,-33.5236],[151.4212,-33.5191],[151.4883,-33.3731],[151.4451,-33.3115],[151.6169,-33.2027],[151.5097,-33.1024],[151.5976,-32.9978],[151.6826,-33.0392],[151.7937,-32.8846],[152.0025,-32.7961],[151.9734,-32.7273],[152.2849,-32.5949],[152.3464,-32.5195],[152.5168,-32.4519],[152.5355,-32.3289],[152.4491,-32.2777],[152.4417,-32.2115],[152.5482,-32.0744],[152.5987,-31.9623],[152.8041,-31.7225],[152.8711,-31.5349],[152.9388,-31.4736],[152.917,-31.3995],[152.9597,-31.2377],[153.0847,-30.9264],[153.002,-30.8534],[152.9877,-30.7314],[153.0371,-30.4832],[153.2002,-30.1576],[153.2209,-30.0],[153.2725,-29.9174],[153.3371,-29.5651],[153.2758,-29.5007],[153.3374,-29.3768],[153.3621,-29.2582],[153.4481,-29.1503],[153.4366,-29.0759],[153.6059,-28.8435],[153.6314,-28.6463],[153.5526,-28.5296],[153.5836,-28.2625],[153.5718,-28.2002],[153.4449,-28.0706],[153.4083,-27.9096],[153.3085,-27.6568],[153.307,-27.5643],[153.2056,-27.4808],[153.1552,-27.3633],[153.0666,-27.307],[153.0881,-27.2059],[153.0649,-27.1139],[153.1459,-27.0773],[153.1622,-26.9875],[153.1215,-26.8293],[153.1378,-26.6833],[153.0933,-26.5332],[153.1155,-26.3968],[153.0615,-26.3268],[153.1361,-26.0428],[153.145,-25.9478],[152.92,-25.7408],[152.8763,-25.6112],[152.9194,-25.3643],[152.9027,-25.2821],[152.6654,-25.2474],[152.491,-24.9797],[152.4563,-24.802],[152.381,-24.7338],[152.2765,-24.7137],[152.1505,-24.6287],[152.0381,-24.4932],[151.9436,-24.246],[151.8102,-24.1519],[151.7663,-24.0406],[151.6704,-23.9866],[151.5644,-24.0477],[151.43,-23.9926],[151.2219,-23.7998],[151.3018,-23.7465],[151.1584,-23.51],[151.0546,-23.4474],[150.9768,-23.4912],[150.9651,-23.6085],[150.7941,-23.6068],[150.7764,-23.6185],[150.7476,-23.6028],[150.7045,-23.5848],[150.7049,-23.5082],[150.7306,-23.4864],[150.772,-23.503],[150.8495,-23.5075],[150.7926,-23.3222],[150.8195,-23.2312],[150.7503,-23.1349],[150.831,-22.6853],[150.7412,-22.595],[150.6813,-22.3637],[150.539,-22.3523],[150.5599,-22.5606],[150.4413,-22.5167],[150.2932,-22.4016],[150.1796,-22.3622],[150.1532,-22.2604],[150.0428,-22.1274],[149.9638,-22.1749],[149.9138,-22.3446],[150.0003,-22.5275],[149.8884,-22.4926],[149.8521,-22.4181],[149.7037,-22.459],[149.7095,-22.3877],[149.5722,-22.2323],[149.5213,-22.0256],[149.4328,-21.8089],[149.4719,-21.5922],[149.2983,-21.47],[149.3092,-21.3482],[149.191,-21.206],[149.2206,-21.1338],[149.1586,-21.0023],[149.0164,-20.9133],[148.8515,-20.8733],[148.827,-20.7911],[148.6658,-20.5873],[148.7165,-20.4939],[148.8358,-20.4139],[148.8162,-20.3213],[148.6608,-20.2192],[148.6018,-20.211],[148.5653,-20.1161],[148.4142,-20.1746],[148.3192,-20.1357],[148.2369,-20.0538],[148.2229,-19.9601],[147.9097,-19.9084],[147.8669,-19.8559],[147.8264,-19.7111],[147.7527,-19.7066],[147.7766,-19.8321],[147.6712,-19.8278],[147.6012,-19.7578],[147.5636,-19.5623],[147.4126,-19.4257],[147.1354,-19.4068],[146.977,-19.2836],[146.888,-19.3049],[146.775,-19.1899],[146.6878,-19.1936],[146.4552,-19.0751],[146.2756,-18.8629],[146.2818,-18.781],[146.3448,-18.5591],[146.2205,-18.4927],[146.1403,-18.3632],[146.0176,-18.2507],[146.0077,-18.1216],[146.0911,-17.9532],[146.0908,-17.7933],[146.1495,-17.6499],[146.0657,-17.5075],[146.0731,-17.395],[146.0221,-17.3503],[145.9483,-17.1297],[145.8889,-17.0525],[145.8625,-16.9033],[145.7739,-16.8704],[145.6724,-16.739],[145.5817,-16.6869],[145.4681,-16.5106],[145.4126,-16.4667],[145.4156,-16.3462],[145.4773,-16.2756],[145.4438,-16.1568],[145.4647,-16.0424],[145.3571,-15.9092],[145.3613,-15.7195],[145.3227,-15.5715],[145.2388,-15.4427],[145.2883,-15.314],[145.2377,-15.1392],[145.295,-15.0367],[145.296,-14.9631],[145.179,-14.843],[145.0233,-14.7948],[144.9534,-14.7345],[144.9104,-14.6138],[144.6839,-14.5524],[144.6247,-14.4855],[144.6396,-14.3818],[144.594,-14.2656],[144.4948,-14.1644],[144.431,-14.262],[144.3358,-14.3063],[144.1957,-14.2612],[144.1942,-14.3388],[144.0935,-14.4464],[143.9996,-14.4863],[143.8879,-14.4842],[143.8139,-14.4395],[143.7475,-14.3403],[143.6985,-14.1897],[143.6777,-14.0099],[143.6339,-13.9808],[143.545,-13.7976],[143.5489,-13.6277],[143.5853,-13.547],[143.5838,-13.3721],[143.5281,-13.3294],[143.506,-13.1514],[143.5002,-12.9363],[143.4487,-12.8483],[143.3574,-12.8018],[143.4388,-12.6135],[143.3044,-12.5532],[143.2714,-12.4043],[143.1792,-12.3422],[143.0807,-12.3448],[143.094,-12.1564],[143.1851,-11.9925],[143.1469,-11.9192],[142.9687,-11.9297],[142.8539,-11.8369],[142.8628,-11.7478],[142.8333,-11.4327],[142.8686,-11.3844],[142.7929,-11.2754],[142.786,-11.0746],[142.719,-10.9622],[142.6666,-10.9713],[142.6109,-10.8833],[142.5413,-10.8418],[142.598,-10.7603],[142.5307,-10.6926],[142.4397,-10.7082],[142.3526,-10.8827],[142.1897,-10.9163],[142.1358,-10.9526],[141.0216,-9.1323],[141.1208,-9.2279],[141.188,-9.2329],[141.3308,-9.137],[141.418,-9.1373],[141.5281,-9.1972],[141.6271,-9.2122],[141.7802,-9.1803],[141.9159,-9.1999],[142.0459,-9.1682],[142.0547,-9.0935],[142.0485,-9.0241],[142.0227,-8.9777],[141.9721,-8.9589],[142.0388,-8.865],[142.104,-8.9115],[142.1985,-8.9108],[142.2549,-8.9767],[142.2143,-9.1465],[142.2926,-9.1942],[142.4285,-9.2238],[142.5695,-9.3233],[142.6395,-9.3332],[142.9276,-9.1749],[143.0121,-9.1027],[143.173,-9.0395],[143.3301,-9.0268],[143.4202,-8.9616],[143.4015,-8.7538],[143.255,-8.5716],[143.0958,-8.4476],[142.935,-8.4236],[142.7584,-8.3142],[142.9761,-8.337],[143.349,-8.2435],[143.692,-8.2298],[143.5569,-8.1215],[143.4623,-8.0777],[143.3904,-7.9952],[143.5904,-7.9889],[143.73,-8.0427],[143.8652,-8.046],[143.9152,-7.9541],[143.8389,-7.8125],[143.82,-7.7126],[143.9091,-7.7143],[144.1591,-7.7928],[144.2596,-7.6924],[144.1971,-7.6459],[144.2744,-7.3845],[144.3498,-7.4608],[144.4763,-7.454],[144.5496,-7.4066],[144.6612,-7.4904],[144.759,-7.4639],[144.7996,-7.6843],[144.8771,-7.7536],[144.9745,-7.7907],[144.9939,-7.7499],[145.0,-7.7348],[144.9935,-7.7224],[144.9958,-7.6918],[144.9916,-7.6754],[145.0047,-7.6694],[144.9944,-7.6482],[145.0,-7.6384],[145.0794,-7.4889],[145.1387,-7.5236],[145.1694,-7.52],[145.1626,-7.5535],[145.1917,-7.5651],[145.2386,-7.6367],[145.2428,-7.6721],[145.2161,-7.7142],[145.2255,-7.7267],[145.2214,-7.7379],[145.2122,-7.732],[145.2044,-7.7407],[145.2118,-7.7581],[145.1702,-7.7701],[145.1642,-7.7887],[145.2267,-7.8588],[145.3695,-7.8798],[145.4232,-7.9503],[145.6248,-7.9362],[145.7578,-7.9482],[145.8484,-8.0387],[146.0069,-8.0592],[146.0723,-8.0948],[146.1048,-8.1768],[146.2322,-8.2611],[146.2948,-8.4625],[146.3787,-8.5853],[146.4335,-8.6147],[146.6029,-8.8352],[146.5656,-8.942],[146.64,-9.0304],[146.7918,-9.0585],[146.8844,-9.1146],[146.9009,-9.2158],[146.988,-9.2874],[147.0072,-9.3768],[147.0759,-9.4674],[147.2367,-9.5288],[147.3004,-9.5233],[147.4785,-9.7392],[147.516,-9.8725],[147.6346,-9.993],[147.7805,-10.054],[147.8698,-10.0409],[147.9715,-10.1612],[148.2193,-10.0942],[148.3411,-10.1769],[148.477,-10.2039],[148.659,-10.1861],[148.7477,-10.2364],[148.8777,-10.2347],[148.9622,-10.2866],[149.0893,-10.233],[149.3278,-10.3138],[149.3646,-10.2817],[149.5299,-10.3536],[149.7281,-10.3432],[149.8788,-10.4197],[150.0563,-10.4722],[150.0172,-10.5137],[149.9124,-10.5203],[150.0986,-10.6447],[150.2344,-10.6947],[150.4024,-10.6852],[150.493,-10.6167],[150.5649,-10.6261],[150.6961,-10.5615],[150.6506,-10.4766],[150.4267,-10.4064],[150.3988,-10.3029],[150.6223,-10.3529],[150.606,-10.2786],[150.5179,-10.2316],[150.2965,-10.1872],[150.18,-10.0919],[150.0063,-10.0859],[149.9295,-10.0602],[149.758,-9.8995],[149.7602,-9.7871],[149.9959,-9.7467],[150.0558,-9.6882],[149.9898,-9.6259],[149.8838,-9.6435],[149.7575,-9.597],[149.6095,-9.622],[149.4813,-9.5974],[149.2138,-9.472],[149.1774,-9.3788],[149.2604,-9.1748],[149.3215,-9.1531],[149.3054,-9.0231],[149.2445,-9.001],[149.0652,-9.0557],[148.8971,-9.049],[148.8699,-9.0866],[148.7237,-9.1099],[148.5973,-9.0798],[148.526,-9.0029],[148.5242,-8.9221],[148.437,-8.6805],[148.2242,-8.559],[148.2329,-8.4541],[148.2061,-8.3069],[148.1246,-8.075],[147.9994,-8.0558],[147.8626,-7.9395],[147.7625,-7.9551],[147.6971,-7.9225],[147.6877,-7.8308],[147.3491,-7.5087],[147.1815,-7.4652],[147.1242,-7.289],[147.134,-7.2205],[147.0584,-7.1497],[147.0713,-7.0833],[146.948,-6.9747],[146.9461,-6.8414],[146.9777,-6.7374],[147.1483,-6.7039],[147.2011,-6.7373],[147.3435,-6.7472],[147.393,-6.7188],[147.5372,-6.7447],[147.5814,-6.7089],[147.8103,-6.693],[147.8595,-6.6439],[147.8307,-6.526],[147.8514,-6.4543],[147.811,-6.3249],[147.719,-6.2765],[147.6669,-6.1716],[147.574,-6.0576],[147.3474,-5.9231],[147.2614,-5.9163],[147.2086,-5.962],[146.9993,-5.9386],[146.8638,-5.8357],[146.7961,-5.8565],[146.7001,-5.7723],[146.6296,-5.7613],[146.4739,-5.6161],[146.341,-5.5737],[146.1807,-5.5569],[146.0785,-5.5069],[145.9375,-5.4734],[145.7873,-5.4939],[145.7318,-5.4225],[145.8,-5.2282],[145.8101,-5.0507],[145.7797,-4.9312],[145.8061,-4.8483],[145.6705,-4.7558],[145.5054,-4.5475],[145.341,-4.4006],[145.1792,-4.4019],[145.0422,-4.3525],[144.8562,-4.1134],[144.6625,-4.0131],[144.4867,-3.9815],[144.5623,-3.8814],[144.5362,-3.8187],[144.3763,-3.7844],[144.2611,-3.82],[144.2384,-3.8632],[143.9971,-3.7957],[143.8244,-3.648],[143.6054,-3.5516],[143.5482,-3.4722],[143.4488,-3.4218],[143.2307,-3.389],[143.122,-3.3544],[143.0417,-3.3644],[142.862,-3.3281],[142.625,-3.2469],[142.5316,-3.2318],[142.2384,-3.0971],[142.1245,-3.0596],[141.9929,-2.9656],[141.8745,-2.9711],[141.7657,-2.9007],[141.446,-2.7391],[141.3387,-2.713],[141.2725,-2.6613],[141.0576,-2.603],[140.9161,-2.6241],[140.8082,-2.6057],[140.7261,-2.6336],[140.7265,-2.4975],[140.6108,-2.4393],[140.4983,-2.4441],[140.3842,-2.399],[140.3713,-2.456],[140.1434,-2.3485],[139.8067,-2.3773],[139.5353,-2.2486],[139.359,-2.1461],[139.2486,-2.1102],[138.9999,-1.9752],[138.8612,-1.9647],[138.6456,-1.7846],[138.3451,-1.711],[138.1832,-1.6335],[138.0743,-1.6046],[138.0044,-1.6359],[137.9227,-1.4599],[137.6805,-1.5046],[137.4828,-1.5955],[137.3713,-1.6742],[137.3587,-1.7563],[137.3929,-1.762],[137.4024,-1.7817],[137.4025,-1.8007],[137.4008,-1.8114],[137.385,-1.8152],[137.3884,-1.8283],[137.3737,-1.8388],[137.3606,-1.8412],[137.3513,-1.8381],[137.3324,-1.8289],[137.2912,-1.8191],[137.245,-1.7538],[137.1575,-1.7679],[137.1946,-1.8604],[137.2564,-1.9007],[137.1903,-2.0014],[137.2234,-2.0715],[136.8369,-2.1759],[136.7468,-2.2535],[136.6102,-2.2489],[136.5195,-2.1925],[136.3921,-2.2197],[136.3331,-2.2776],[136.3411,-2.3728],[136.2135,-2.6223],[136.0565,-2.671],[135.946,-2.786],[135.9238,-2.9578],[135.728,-3.0716],[135.7491,-3.1179],[135.6122,-3.18],[135.5025,-3.3572],[135.3475,-3.3904],[135.1112,-3.3808],[134.8647,-3.2516],[134.8622,-3.1588],[134.8134,-3.0229],[134.6947,-2.9723],[134.6657,-2.8598],[134.6608,-2.6272],[134.64,-2.5043],[134.533,-2.4496],[134.46,-2.5808],[134.4967,-2.6601],[134.516,-2.8291],[134.4063,-2.766],[134.3158,-2.5336],[134.2149,-2.4194],[134.1551,-2.292],[134.1029,-2.0512],[134.137,-2.0096],[134.0951,-1.6409],[134.1977,-1.5534],[134.1987,-1.4556],[134.2757,-1.3361],[134.1994,-1.2127],[134.1074,-1.1351],[134.0708,-1.0305],[134.01,-0.9586],[134.065,-0.8762],[133.9529,-0.7143],[133.8085,-0.7463],[133.398,-0.7411],[133.234,-0.604],[133.0756,-0.516],[133.0311,-0.5197],[132.7052,-0.3633],[132.4209,-0.3431],[132.2702,-0.3795],[132.0942,-0.4797],[132.0704,-0.5404],[131.9775,-0.5779],[131.8474,-0.7061],[131.5774,-0.7546],[131.5398,-0.7275],[131.2435,-0.8202],[131.2664,-0.9307],[131.2488,-1.083],[131.1711,-1.224],[131.0516,-1.2541],[130.994,-1.3872],[130.9317,-1.4259],[130.8628,-1.3462],[130.9606,-1.3598],[131.0446,-1.2407],[131.0346,-1.1957],[131.0853,-1.0062],[131.0295,-0.9117],[130.9466,-0.9405],[130.8638,-0.8958],[130.6349,-0.9622],[130.3928,-0.9234],[130.6767,-0.8992],[130.8763,-0.8482],[130.8583,-0.8151],[130.6286,-0.8025],[130.5445,-0.8396],[130.4849,-0.815],[130.3878,-0.9226],[130.2183,-0.2082],[130.1484,-0.0886],[130.1169,0.0],[172.5895,0.0],[172.6805,3.2757],[172.9922,3.3906],[173.0077,3.3911],[174.2558,0.0],[180.0,0.0],[180.0,-16.1395],[179.7599,-16.2194],[179.6443,-16.2025],[179.5874,-16.2545],[179.4661,-16.2753],[179.3813,-16.3677],[179.2915,-16.4202],[178.9411,-16.4618],[178.8695,-16.5471],[178.6914,-16.6747],[178.4773,-16.7512],[178.5016,-16.827],[178.6139,-16.821],[178.6809,-16.9796],[178.7908,-16.961],[178.8702,-16.8627],[179.0162,-16.9381],[179.0675,-16.8015],[179.1978,-16.6996],[179.3594,-16.7427],[179.4441,-16.8147],[179.7886,-16.7248],[179.8896,-16.7787],[179.8683,-16.6383],[179.9287,-16.4829],[179.8088,-16.5257],[179.6129,-16.7296],[179.4805,-16.7717],[179.5181,-16.6432],[179.5769,-16.5488],[179.7376,-16.458],[179.8345,-16.2767],[180.0,-16.1688],[180.0,-16.7929],[179.9903,-16.8012],[179.8949,-16.9393],[180.0,-16.9674],[180.0,-60.0],[146.8982,-60.0],[146.8597,-43.6331],[146.8726,-43.637],[146.8887,-43.5489],[146.9952,-43.4339],[147.0838,-43.2908],[147.2233,-43.2804],[147.2405,-43.1539]],[[130.3365,-0.2654],[130.5343,-0.2568],[130.6135,-0.3092],[130.6823,-0.2924],[130.7037,-0.4089],[130.7509,-0.4433],[130.876,-0.4202],[130.9296,-0.3296],[130.797,-0.3055],[130.6306,-0.1272],[130.6986,-0.0784],[130.8607,-0.2325],[130.958,-0.3507],[131.102,-0.3225],[131.2561,-0.3715],[131.3384,-0.2822],[131.3002,-0.1693],[131.2103,-0.1374],[131.0549,-0.0335],[130.9372,-0.0406],[130.7979,-0.0052],[130.6333,-0.0625],[130.5927,-0.0425],[130.414,-0.1137],[130.3005,-0.1021],[130.3075,-0.1758],[130.2183,-0.2082],[130.3365,-0.2654]],[[169.7786,-20.2328],[169.8654,-20.246],[169.8352,-20.1351],[169.7544,-20.1456],[169.7786,-20.2328]],[[169.2346,-18.7361],[169.1109,-18.6217],[169.007,-18.6609],[168.9923,-18.877],[169.2879,-18.9953],[169.3431,-18.9315],[169.3012,-18.8602],[169.2173,-18.8128],[169.2346,-18.7361]],[[168.4443,-17.5301],[168.3125,-17.5216],[168.1921,-17.6445],[168.3847,-17.8257],[168.557,-17.7878],[168.594,-17.6969],[168.594,-17.6875],[168.5074,-17.6394],[168.4443,-17.5301]],[[168.1841,-16.1082],[168.0791,-16.1804],[167.9129,-16.2261],[168.0119,-16.3274],[168.1392,-16.3713],[168.2853,-16.3509],[168.3128,-16.3091],[168.3117,-16.3062],[168.2177,-16.2343],[168.1841,-16.1082]],[[168.1239,-15.6943],[168.1683,-15.8009],[168.1838,-15.977],[168.2637,-15.9776],[168.2766,-15.897],[168.2194,-15.668],[168.1239,-15.6943]],[[168.0383,-14.9009],[168.1087,-15.1745],[168.114,-15.3039],[168.1796,-15.3613],[168.1482,-15.1192],[168.0797,-14.8993],[168.0383,-14.9009]],[[162.1924,-10.6538],[162.1098,-10.4999],[161.8465,-10.4575],[161.426,-10.2114],[161.3008,-10.2083],[161.273,-10.3363],[161.4904,-10.3762],[161.5141,-10.5435],[161.6514,-10.6165],[161.6985,-10.6962],[161.7805,-10.7382],[162.1213,-10.8424],[162.2069,-10.8204],[162.3484,-10.8463],[162.3775,-10.8293],[162.3206,-10.8278],[162.2612,-10.6891],[162.1924,-10.6538]],[[161.3815,-9.4765],[161.3971,-9.6112],[161.4832,-9.636],[161.5661,-9.729],[161.5575,-9.5695],[161.3929,-9.3609],[161.3815,-9.4765]],[[161.1968,-9.1373],[161.1838,-9.0337],[161.0772,-8.8897],[160.9399,-8.8213],[160.9468,-8.6984],[161.0015,-8.6422],[160.8076,-8.3805],[160.7376,-8.3172],[160.6943,-8.3747],[160.5638,-8.3572],[160.7278,-8.5609],[160.6514,-8.6078],[160.695,-8.7726],[160.7635,-8.9156],[160.7516,-8.9648],[160.8741,-9.1657],[160.9344,-9.1852],[161.0184,-9.2838],[161.2162,-9.4119],[161.2568,-9.4883],[161.3845,-9.5981],[161.3789,-9.4729],[161.2427,-9.3169],[161.2518,-9.1686],[161.1968,-9.1373]],[[159.8546,-8.3433],[159.6185,-8.152],[159.4381,-8.0427],[159.3863,-7.988],[159.2708,-7.9853],[159.0708,-7.8671],[158.9996,-7.846],[158.9431,-7.7516],[158.864,-7.7366],[158.7359,-7.6017],[158.6042,-7.5511],[158.578,-7.5827],[158.436,-7.5131],[158.3603,-7.5518],[158.3836,-7.6372],[158.5066,-7.6112],[158.5882,-7.7211],[158.7257,-7.836],[158.7253,-7.8664],[159.0219,-8.0801],[159.4526,-8.3022],[159.5635,-8.3817],[159.6098,-8.3678],[159.7008,-8.4213],[159.8295,-8.5543],[159.8962,-8.5624],[159.8539,-8.4585],[159.7711,-8.4191],[159.8546,-8.3433]],[[157.2657,-7.2013],[157.1387,-7.1246],[157.0977,-6.9571],[156.9761,-6.8667],[156.6744,-6.7289],[156.6324,-6.6596],[156.5034,-6.5944],[156.3885,-6.6622],[156.4071,-6.7233],[156.524,-6.8344],[156.6542,-6.9013],[156.7634,-7.05],[156.9307,-7.2189],[157.0845,-7.2925],[157.0939,-7.3355],[157.2674,-7.3596],[157.4456,-7.4282],[157.5508,-7.3172],[157.4412,-7.321],[157.3504,-7.2884],[157.2657,-7.2013]],[[155.8696,-6.4741],[155.8189,-6.3628],[155.7541,-6.335],[155.6561,-6.221],[155.5574,-6.2142],[155.4549,-6.1465],[155.402,-5.9958],[155.1913,-5.8257],[155.1686,-5.7306],[155.0323,-5.5333],[154.8691,-5.5272],[154.6835,-5.425],[154.7619,-5.5688],[154.7106,-5.6634],[154.697,-5.7641],[154.7494,-5.8621],[154.746,-5.9443],[154.8155,-6.0225],[154.9529,-6.1059],[154.9694,-6.1964],[155.0397,-6.2483],[155.1651,-6.276],[155.2217,-6.335],[155.2297,-6.4463],[155.1677,-6.5386],[155.3398,-6.7283],[155.5248,-6.8404],[155.711,-6.8785],[155.8234,-6.7618],[155.9521,-6.7563],[155.9639,-6.686],[155.9272,-6.5232],[155.8696,-6.4741]],[[154.5281,-5.0972],[154.5778,-5.3561],[154.6183,-5.4611],[154.6814,-5.414],[154.7127,-5.1844],[154.6171,-5.0032],[154.5281,-5.0972]],[[153.114,-4.3848],[153.116,-4.2721],[153.0357,-4.1927],[153.0066,-4.0976],[152.8513,-3.9766],[152.8205,-3.8631],[152.7494,-3.8903],[152.5925,-3.8256],[152.4915,-3.64],[152.4123,-3.6485],[152.3523,-3.5347],[152.2033,-3.453],[152.1043,-3.3185],[151.9391,-3.2028],[151.7968,-3.1884],[151.6591,-3.0399],[151.4813,-2.9683],[151.4171,-2.9027],[151.3,-2.8669],[151.2139,-2.873],[151.1865,-2.8054],[150.9506,-2.6839],[150.7967,-2.5532],[150.8245,-2.6913],[150.8112,-2.7884],[150.9112,-2.7673],[151.1027,-2.8465],[151.1336,-2.8943],[151.4272,-3.0567],[151.4651,-3.1166],[151.603,-3.1672],[151.7173,-3.3025],[151.9397,-3.4449],[152.1425,-3.4822],[152.3453,-3.646],[152.3421,-3.6868],[152.5647,-3.9521],[152.612,-4.0835],[152.6854,-4.1804],[152.6735,-4.428],[152.6503,-4.4506],[152.7179,-4.6564],[152.7721,-4.6818],[152.8738,-4.8333],[152.8908,-4.8346],[153.0601,-4.5986],[153.024,-4.4946],[153.114,-4.3848]],[[149.98,-2.4761],[150.0515,-2.5261],[150.0996,-2.6194],[150.1712,-2.6811],[150.3435,-2.6802],[150.4476,-2.6532],[150.4406,-2.4835],[150.1926,-2.358],[150.0678,-2.4045],[149.98,-2.4761]],[[146.5705,-1.9857],[146.5642,-2.0465],[146.6481,-2.2078],[146.7835,-2.1801],[146.9719,-2.2145],[147.1165,-2.1741],[147.1862,-2.2074],[147.2565,-2.1511],[147.3182,-2.0458],[147.192,-1.9962],[146.836,-1.9542],[146.7556,-1.9959],[146.5705,-1.9857]],[[166.2418,-50.8241],[166.1627,-50.6879],[166.2789,-50.58],[166.1186,-50.5129],[166.0846,-50.667],[165.8847,-50.7665],[165.9098,-50.8345],[166.0616,-50.8238],[166.2418,-50.8241]],[[167.767,-46.8894],[167.6684,-46.9625],[167.579,-47.0845],[167.5731,-47.1672],[167.4667,-47.218],[167.5367,-47.2902],[167.6264,-47.2046],[167.8631,-47.1827],[167.9394,-47.1359],[168.1479,-47.1172],[168.2164,-46.9936],[168.032,-46.947],[168.1278,-46.8551],[168.0358,-46.8144],[167.925,-46.6997],[167.7537,-46.695],[167.7035,-46.7571],[167.767,-46.8894]],[[174.2133,-41.0703],[174.0968,-40.9951],[174.0312,-41.0841],[173.9058,-41.1108],[173.7905,-41.0437],[173.5977,-41.052],[173.4923,-41.1495],[173.4019,-41.1564],[173.22,-41.2937],[173.1132,-41.2833],[173.0553,-41.175],[173.0146,-40.9911],[173.0582,-40.8572],[172.9893,-40.7802],[172.8366,-40.8298],[172.7299,-40.769],[172.6542,-40.6521],[172.7328,-40.5263],[172.6478,-40.5051],[172.3685,-40.6984],[172.161,-40.8233],[172.0946,-40.9164],[172.1101,-41.0051],[172.0903,-41.2922],[172.0645,-41.3844],[171.9831,-41.4504],[171.8521,-41.6296],[171.6744,-41.7388],[171.4574,-41.7626],[171.4561,-41.886],[171.3364,-42.0894],[171.3062,-42.2637],[171.1619,-42.5149],[171.0384,-42.6579],[170.782,-42.8927],[170.5691,-43.0054],[170.4513,-43.0251],[170.2619,-43.1073],[170.1687,-43.2153],[169.9206,-43.3888],[169.7935,-43.4208],[169.6878,-43.5481],[169.5876,-43.6014],[169.368,-43.6442],[169.1627,-43.7439],[168.8296,-43.9587],[168.7052,-43.9947],[168.6145,-43.9731],[168.3743,-44.0053],[168.2529,-44.1529],[168.1032,-44.2434],[168.0915,-44.33],[167.9297,-44.3903],[167.7692,-44.5786],[167.4422,-44.7756],[167.1458,-44.975],[166.968,-45.1916],[167.0072,-45.3213],[166.8423,-45.276],[166.669,-45.5577],[166.7294,-45.5957],[166.7298,-45.7284],[166.4534,-45.8157],[166.4476,-45.995],[166.5565,-45.9744],[166.7086,-46.1149],[166.6557,-46.203],[166.9247,-46.2163],[167.113,-46.257],[167.3207,-46.2547],[167.4,-46.1541],[167.5144,-46.157],[167.7158,-46.2619],[167.7824,-46.3893],[168.0885,-46.3396],[168.1706,-46.3684],[168.2823,-46.519],[168.4912,-46.6101],[168.7904,-46.564],[168.8461,-46.6602],[169.0567,-46.6727],[169.1417,-46.6417],[169.4421,-46.6061],[169.4816,-46.5605],[169.699,-46.5188],[169.8009,-46.4417],[169.7971,-46.3461],[169.8921,-46.3153],[170.1706,-46.1548],[170.2221,-46.0331],[170.3572,-45.9381],[170.6643,-45.9037],[170.7256,-45.7925],[170.5991,-45.7128],[170.7273,-45.593],[170.8572,-45.3907],[170.8252,-45.3243],[170.9049,-45.1739],[171.1036,-45.0],[171.1745,-44.8087],[171.1715,-44.5738],[171.2548,-44.4526],[171.2512,-44.369],[171.4276,-44.2308],[171.6361,-44.1225],[172.0173,-43.9629],[172.2957,-43.8723],[172.7012,-43.8274],[172.8343,-43.8905],[173.0832,-43.8481],[173.1304,-43.7638],[173.1015,-43.6946],[172.8549,-43.6027],[172.7514,-43.598],[172.7088,-43.3533],[172.7329,-43.2473],[172.8193,-43.1337],[173.0801,-43.0515],[173.2425,-42.9543],[173.3736,-42.782],[173.5484,-42.4597],[173.6742,-42.4149],[173.7021,-42.3506],[173.8942,-42.1873],[173.9555,-42.0612],[174.1833,-41.8504],[174.2762,-41.7338],[174.1809,-41.7092],[174.1511,-41.5613],[174.0302,-41.466],[174.1309,-41.2962],[174.2133,-41.0703]],[[173.146,-34.989],[173.1687,-35.1365],[173.0796,-35.2103],[173.3564,-35.523],[173.3747,-35.5633],[173.6331,-35.8324],[173.8808,-36.1093],[173.9993,-36.2736],[174.0547,-36.4002],[174.1814,-36.365],[174.1567,-36.2774],[174.2701,-36.2618],[174.2499,-36.3775],[174.4128,-36.4056],[174.4357,-36.5453],[174.3026,-36.5273],[174.2366,-36.4288],[174.1659,-36.4906],[174.2659,-36.6021],[174.4257,-36.8273],[174.4835,-37.0473],[174.6037,-37.0062],[174.681,-36.9346],[174.8225,-37.083],[174.6669,-37.1391],[174.6551,-37.0421],[174.5385,-37.0765],[174.719,-37.3801],[174.8389,-37.7992],[174.7563,-37.8643],[174.7869,-37.9553],[174.8775,-37.9589],[174.8284,-38.1432],[174.6826,-38.1198],[174.7197,-38.2973],[174.6343,-38.3857],[174.6451,-38.4563],[174.6151,-38.7027],[174.5595,-38.8556],[174.4084,-38.9821],[174.1984,-38.9882],[173.9122,-39.1194],[173.7905,-39.1932],[173.7516,-39.2824],[173.791,-39.4105],[173.9877,-39.5543],[174.1989,-39.5874],[174.355,-39.6612],[174.5353,-39.8045],[174.715,-39.8669],[174.8977,-39.8848],[174.9974,-39.9453],[175.1492,-40.0878],[175.2254,-40.3005],[175.1946,-40.5516],[175.1248,-40.7249],[174.9849,-40.8819],[174.939,-41.0002],[174.713,-41.219],[174.6226,-41.2591],[174.6589,-41.3397],[174.8247,-41.3404],[174.9185,-41.4397],[175.0513,-41.3739],[175.2155,-41.4308],[175.1941,-41.5261],[175.287,-41.6123],[175.4415,-41.5677],[175.6767,-41.4142],[175.8124,-41.3601],[175.9641,-41.2447],[176.063,-41.1328],[176.1558,-40.9477],[176.2207,-40.9062],[176.2675,-40.7831],[176.4799,-40.5438],[176.6226,-40.4297],[176.6774,-40.2679],[176.7892,-40.22],[176.8678,-40.1367],[176.9328,-39.9354],[177.0049,-39.8372],[177.0193,-39.7264],[176.9236,-39.5551],[176.8976,-39.3718],[176.9922,-39.2923],[177.0447,-39.196],[177.2783,-39.0961],[177.4122,-39.0639],[177.6725,-39.0511],[177.8969,-39.0707],[177.9458,-38.7773],[178.281,-38.5401],[178.3462,-38.4192],[178.3108,-38.2299],[178.3739,-38.0945],[178.34,-38.0049],[178.4071,-37.8692],[178.5498,-37.6869],[178.4831,-37.6408],[178.3504,-37.625],[178.2129,-37.5343],[178.0083,-37.5516],[177.9475,-37.6178],[177.7273,-37.6779],[177.5464,-37.9074],[177.4196,-37.9774],[177.2872,-37.9916],[177.084,-37.9789],[176.9337,-37.9173],[176.7498,-37.8837],[176.4945,-37.7684],[176.2861,-37.6966],[175.9977,-37.6353],[175.925,-37.5743],[175.969,-37.4503],[175.8787,-37.2011],[175.8851,-37.0291],[175.8129,-36.8418],[175.7909,-36.6949],[175.6177,-36.7219],[175.5838,-36.6264],[175.4935,-36.51],[175.4035,-36.4705],[175.3442,-36.5538],[175.4367,-36.6116],[175.4361,-36.7274],[175.5027,-36.7819],[175.4059,-36.8533],[175.4995,-36.9754],[175.55,-37.1707],[175.3373,-37.2],[175.2827,-36.9875],[175.1943,-36.9338],[175.0873,-36.9384],[175.0385,-36.8742],[174.8965,-36.8793],[174.7756,-36.7878],[174.7007,-36.5961],[174.7298,-36.4109],[174.8209,-36.2757],[174.6892,-36.2114],[174.5898,-36.0844],[174.508,-36.0297],[174.4612,-35.9043],[174.55,-35.7912],[174.427,-35.4516],[174.3519,-35.4025],[174.2947,-35.236],[174.0874,-35.2787],[174.0603,-35.1783],[173.9675,-35.1197],[173.8943,-35.0127],[173.7495,-35.015],[173.7057,-34.9541],[173.5481,-34.9325],[173.5167,-34.9891],[173.2406,-34.9357],[173.1537,-34.7864],[173.0587,-34.7028],[172.964,-34.559],[172.996,-34.4036],[172.7937,-34.4542],[172.6722,-34.4591],[172.8497,-34.6275],[173.0601,-34.8687],[173.146,-34.989]],[[147.4315,-43.2507],[147.2423,-43.3097],[147.1793,-43.4746],[147.3213,-43.4697],[147.3207,-43.3093],[147.4315,-43.2507]],[[166.5189,-45.6428],[166.5963,-45.7563],[166.7177,-45.7257],[166.6839,-45.5978],[166.5189,-45.6428]],[[173.8053,-40.802],[173.8064,-40.9288],[173.9463,-40.7952],[173.9494,-40.7062],[173.8053,-40.802]],[[175.3406,-36.0697],[175.3647,-36.1861],[175.4725,-36.2303],[175.4064,-36.0303],[175.3406,-36.0697]],[[169.2621,-52.5637],[169.1932,-52.4657],[169.0843,-52.5656],[169.2621,-52.5637]],[[178.4406,-19.0439],[178.4441,-18.9557],[178.3131,-18.933],[178.1753,-18.9785],[178.1607,-19.049],[178.0278,-19.0787],[178.0172,-19.1641],[178.106,-19.1515],[178.1607,-19.0704],[178.3039,-19.001],[178.3515,-19.058],[178.4406,-19.0439]],[[178.5574,-18.1526],[178.6645,-18.0662],[178.5828,-17.901],[178.6214,-17.8551],[178.5609,-17.7736],[178.5832,-17.6436],[178.4611,-17.5586],[178.382,-17.543],[178.3318,-17.4526],[178.2751,-17.4358],[178.1967,-17.3243],[178.06,-17.3593],[177.9593,-17.4247],[177.8189,-17.3735],[177.4964,-17.5487],[177.3809,-17.6714],[177.3527,-17.8409],[177.2745,-17.8595],[177.2523,-17.9911],[177.3388,-18.1247],[177.4539,-18.1691],[177.6989,-18.2032],[177.8946,-18.2757],[178.0916,-18.2501],[178.1498,-18.2642],[178.2565,-18.1635],[178.484,-18.1126],[178.5574,-18.1526]],[[152.5219,-3.0919],[152.647,-3.1838],[152.6378,-3.04],[152.5219,-3.0919]],[[149.6794,-1.5251],[149.6811,-1.3879],[149.5845,-1.3219],[149.5059,-1.4175],[149.6263,-1.5213],[149.6794,-1.5251]],[[135.8685,-0.7084],[135.8085,-0.685],[135.7488,-0.7396],[135.656,-0.6675],[135.3607,-0.6354],[135.4825,-0.8129],[135.6464,-0.8836],[135.7197,-0.7968],[135.7661,-0.8637],[135.8558,-1.1653],[136.0385,-1.1491],[136.1434,-1.2003],[136.3268,-1.1337],[136.3622,-1.0631],[136.2546,-1.0173],[136.1904,-1.0444],[136.1041,-0.9655],[136.0513,-0.8567],[135.8685,-0.7084]],[[134.9076,-1.1366],[134.9448,-0.9711],[134.8437,-0.9311],[134.7944,-1.0325],[134.8539,-1.1343],[134.9076,-1.1366]],[[130.6888,-0.4399],[130.6143,-0.3956],[130.5216,-0.467],[130.5776,-0.5353],[130.6541,-0.5147],[130.6888,-0.4399]],[[135.9783,-1.8172],[136.2665,-1.8912],[136.3421,-1.8609],[136.5167,-1.8959],[136.6438,-1.8703],[136.7942,-1.7417],[136.4095,-1.7195],[136.1824,-1.6551],[135.4711,-1.5986],[135.4736,-1.6798],[135.709,-1.6909],[135.8362,-1.7571],[135.9134,-1.756],[135.9783,-1.8172]],[[137.3667,-1.8389],[137.3864,-1.8276],[137.3836,-1.8168],[137.3872,-1.8114],[137.4011,-1.8075],[137.3569,-1.7575],[137.3375,-1.6978],[137.27,-1.7842],[137.3089,-1.7953],[137.3253,-1.8219],[137.3436,-1.8261],[137.3667,-1.8389]],[[168.1915,-16.5666],[168.1338,-16.6401],[168.1784,-16.8048],[168.2367,-16.8225],[168.3603,-16.7855],[168.4912,-16.7947],[168.377,-16.7717],[168.3195,-16.6897],[168.2542,-16.6885],[168.1915,-16.5666]],[[169.2199,-19.4564],[169.287,-19.5782],[169.4402,-19.6559],[169.5069,-19.5211],[169.3526,-19.432],[169.3489,-19.3479],[169.2474,-19.3487],[169.2199,-19.4564]],[[160.094,-11.4877],[159.9818,-11.4661],[159.9673,-11.5573],[160.0885,-11.6121],[160.184,-11.6862],[160.3152,-11.6761],[160.4097,-11.7463],[160.4426,-11.8302],[160.5613,-11.8825],[160.6583,-11.8313],[160.4955,-11.7031],[160.3125,-11.6403],[160.094,-11.4877]],[[153.3597,-11.5591],[153.4562,-11.5491],[153.5267,-11.6155],[153.7611,-11.6263],[153.6951,-11.516],[153.3582,-11.4063],[153.3123,-11.3749],[153.1947,-11.3251],[153.2239,-11.4409],[153.3002,-11.4732],[153.3597,-11.5591]],[[167.7744,-16.3435],[167.717,-16.3253],[167.5987,-16.2196],[167.4031,-16.0835],[167.4065,-16.0321],[167.3339,-15.9183],[167.2246,-15.8784],[167.155,-16.0882],[167.2568,-16.1649],[167.2947,-16.1242],[167.3888,-16.1892],[167.3797,-16.3431],[167.4391,-16.4579],[167.4594,-16.5679],[167.541,-16.5625],[167.6222,-16.5036],[167.7466,-16.5467],[167.8354,-16.4652],[167.7744,-16.3435]],[[167.2114,-15.755],[167.2503,-15.6414],[167.1128,-15.6286],[167.1086,-15.7056],[167.2114,-15.755]],[[167.1359,-15.1251],[167.0773,-15.0196],[166.9875,-14.9487],[166.9873,-15.0971],[166.9226,-15.1704],[166.832,-15.1621],[166.7546,-14.8186],[166.7176,-14.8052],[166.6142,-14.6436],[166.5594,-14.7135],[166.5414,-14.8464],[166.6078,-14.9949],[166.6713,-15.2356],[166.6479,-15.3977],[166.7782,-15.5855],[166.8479,-15.6506],[166.9105,-15.5932],[167.1075,-15.6005],[167.2362,-15.4628],[167.1359,-15.1251]],[[167.8492,-15.4707],[167.9288,-15.3972],[167.9602,-15.2746],[167.817,-15.3164],[167.6771,-15.4199],[167.7069,-15.4687],[167.8492,-15.4707]],[[167.4154,-14.3503],[167.5449,-14.3723],[167.6086,-14.2727],[167.526,-14.1959],[167.4326,-14.2277],[167.4154,-14.3503]],[[167.392,-13.7637],[167.3849,-13.8551],[167.4752,-13.9128],[167.5541,-13.8758],[167.5568,-13.8072],[167.5016,-13.7271],[167.392,-13.7637]],[[166.9344,-11.7118],[166.9188,-11.6077],[166.8239,-11.5882],[166.8174,-11.6684],[166.9344,-11.7118]],[[166.06,-10.6521],[165.8814,-10.6567],[165.7703,-10.8349],[165.874,-10.8403],[165.9431,-10.7676],[166.0458,-10.7859],[166.1427,-10.6979],[166.06,-10.6521]],[[142.2702,-10.6937],[142.1871,-10.5978],[142.1108,-10.6616],[142.1446,-10.7589],[142.2702,-10.6937]],[[142.2738,-10.2588],[142.3427,-10.1675],[142.2675,-10.1161],[142.1862,-10.1891],[142.2738,-10.2588]],[[143.4751,-8.5248],[143.4032,-8.5802],[143.5596,-8.6495],[143.4751,-8.5248]],[[143.3384,-8.3854],[143.5275,-8.4403],[143.5618,-8.3591],[143.3657,-8.3641],[143.3384,-8.3854]],[[145.2112,-7.757],[145.2033,-7.741],[145.2082,-7.7313],[145.224,-7.7306],[145.2151,-7.7147],[145.2139,-7.708],[145.2365,-7.6394],[145.1915,-7.5666],[145.1606,-7.5543],[145.1626,-7.5248],[145.1356,-7.5246],[145.1147,-7.5115],[145.0777,-7.5212],[145.0529,-7.5507],[145.0472,-7.6495],[145.0073,-7.6396],[144.9971,-7.6454],[145.0067,-7.67],[144.9953,-7.675],[144.9973,-7.691],[144.9955,-7.7219],[145.003,-7.7392],[144.9972,-7.7546],[145.0344,-7.816],[145.0901,-7.809],[145.1727,-7.8497],[145.1589,-7.7727],[145.2112,-7.757]],[[142.1068,-8.9162],[142.0337,-8.9824],[142.0523,-9.0216],[142.0575,-9.0531],[142.0522,-9.1645],[142.0749,-9.1751],[142.2055,-9.1285],[142.231,-8.9887],[142.1929,-8.9152],[142.1068,-8.9162]],[[146.3525,-18.4202],[146.2759,-18.3009],[146.2992,-18.2336],[146.1964,-18.2775],[146.2246,-18.4791],[146.3048,-18.494],[146.3525,-18.4202]],[[167.0897,-21.0363],[167.1597,-21.0883],[167.2585,-21.0911],[167.3376,-21.1835],[167.4164,-21.1639],[167.4616,-21.0666],[167.3852,-20.9647],[167.2726,-20.8993],[167.2655,-20.7112],[167.212,-20.6793],[167.1158,-20.9016],[167.0465,-20.9472],[167.0897,-21.0363]],[[165.5942,-21.7123],[165.7556,-21.8419],[165.9116,-21.8951],[166.0139,-21.9488],[166.0603,-21.8978],[166.1363,-21.9969],[166.1703,-22.1059],[166.245,-22.1647],[166.4679,-22.2866],[166.684,-22.3104],[166.8231,-22.3769],[166.9261,-22.395],[167.0116,-22.3377],[167.0398,-22.252],[166.9529,-22.1539],[166.9035,-22.0497],[166.769,-22.0084],[166.6206,-21.9203],[166.3588,-21.6538],[166.2384,-21.6134],[165.9617,-21.4021],[165.8202,-21.3841],[165.7595,-21.2987],[165.6316,-21.2717],[165.5878,-21.1704],[165.4069,-21.0574],[165.3834,-20.933],[165.2593,-20.8629],[165.2571,-20.772],[165.1178,-20.7552],[164.8474,-20.6117],[164.7313,-20.474],[164.6715,-20.4498],[164.5181,-20.2949],[164.2989,-20.2264],[164.2506,-20.2683],[164.0674,-20.1634],[164.0375,-20.2797],[164.1777,-20.3453],[164.1734,-20.4888],[164.2765,-20.5664],[164.3852,-20.7759],[164.5135,-20.9441],[164.6789,-20.9529],[164.7104,-21.0695],[164.8056,-21.0838],[164.828,-21.2036],[164.9487,-21.2971],[164.9499,-21.3937],[165.0072,-21.3199],[165.1456,-21.4823],[165.3396,-21.5967],[165.5942,-21.7123]],[[168.1224,-21.6297],[168.1338,-21.4443],[167.9845,-21.4275],[167.9721,-21.3305],[167.8279,-21.4801],[167.8726,-21.5603],[167.9794,-21.6612],[168.1224,-21.6297]],[[167.5236,-22.5773],[167.4215,-22.5347],[167.3295,-22.6097],[167.4428,-22.6671],[167.5658,-22.6728],[167.5236,-22.5773]],[[150.7903,-23.6083],[150.7975,-23.5633],[150.8203,-23.5273],[150.7906,-23.5083],[150.7211,-23.5011],[150.7061,-23.585],[150.7903,-23.6083]],[[153.0402,-25.2278],[153.0506,-25.3432],[152.9369,-25.5536],[152.9962,-25.7341],[153.0765,-25.6861],[153.1087,-25.5567],[153.3574,-25.0096],[153.2616,-24.8563],[153.2671,-24.7074],[153.2024,-24.7238],[153.1191,-24.8114],[153.1882,-24.853],[153.2333,-24.9781],[153.0402,-25.2278]],[[153.4371,-27.0323],[153.3629,-27.0656],[153.3647,-27.1993],[153.418,-27.2202],[153.4371,-27.0323]],[[153.4379,-27.3963],[153.3981,-27.4977],[153.4798,-27.5822],[153.5422,-27.4243],[153.4379,-27.3963]],[[154.2694,-11.3358],[154.1938,-11.2991],[154.1217,-11.3494],[154.2775,-11.4028],[154.2694,-11.3358]],[[148.621,-5.8134],[148.7464,-5.8624],[148.8664,-5.9766],[149.0083,-6.0364],[149.0683,-6.1398],[149.2892,-6.053],[149.4739,-6.1031],[149.6067,-6.291],[149.7109,-6.2722],[149.8992,-6.2944],[150.0842,-6.2866],[150.1822,-6.2331],[150.2213,-6.2781],[150.3688,-6.2787],[150.4631,-6.248],[150.578,-6.1429],[150.759,-6.1023],[150.883,-6.0137],[151.0431,-6.0163],[151.1832,-5.9575],[151.322,-5.8279],[151.375,-5.8083],[151.452,-5.6856],[151.4588,-5.5316],[151.7301,-5.5176],[151.812,-5.5873],[152.0563,-5.4454],[152.1349,-5.3373],[152.0553,-5.2235],[151.9492,-5.141],[151.9707,-4.9724],[152.1427,-4.989],[152.2154,-4.9713],[152.3342,-4.8334],[152.3813,-4.6187],[152.3314,-4.4965],[152.3935,-4.3218],[152.2684,-4.3398],[152.136,-4.1974],[152.0605,-4.205],[151.9473,-4.3409],[151.8662,-4.2999],[151.8011,-4.2102],[151.5602,-4.1995],[151.488,-4.2209],[151.5331,-4.3882],[151.6215,-4.4751],[151.622,-4.5654],[151.667,-4.6754],[151.6857,-4.8666],[151.5854,-4.9657],[151.5162,-4.9243],[151.4007,-4.9192],[151.2625,-4.983],[151.086,-5.1432],[150.9531,-5.4465],[150.8785,-5.4902],[150.7574,-5.4501],[150.6762,-5.5454],[150.5977,-5.5408],[150.5199,-5.4358],[150.4131,-5.4378],[150.2883,-5.5585],[150.1064,-5.5218],[150.0563,-5.3323],[150.0721,-5.1344],[150.1762,-5.0878],[150.1646,-5.0258],[150.0395,-5.0098],[149.998,-5.1352],[150.0262,-5.2041],[149.9133,-5.3152],[149.9408,-5.4679],[149.8855,-5.5133],[149.6709,-5.5371],[149.579,-5.4961],[149.4881,-5.5583],[149.3943,-5.5463],[149.2098,-5.583],[149.1992,-5.5466],[148.9825,-5.4584],[148.8499,-5.5189],[148.6512,-5.4769],[148.57,-5.5376],[148.4149,-5.4433],[148.3482,-5.4838],[148.3078,-5.6411],[148.366,-5.7499],[148.5219,-5.82],[148.621,-5.8134]],[[147.7718,-5.4602],[147.7601,-5.612],[147.903,-5.7703],[148.0142,-5.8302],[148.0886,-5.6484],[148.0472,-5.5818],[147.9085,-5.5295],[147.8437,-5.4656],[147.7718,-5.4602]],[[152.6731,-10.6559],[152.7482,-10.7187],[152.8788,-10.6727],[152.7888,-10.6093],[152.6731,-10.6559]],[[151.0887,-10.0323],[150.8991,-9.8137],[150.8791,-9.9634],[150.9476,-10.0168],[150.9639,-10.1064],[151.0625,-10.1132],[151.2123,-10.1697],[151.2943,-9.9823],[151.2485,-9.9138],[151.1847,-9.9367],[151.1455,-10.0337],[151.0887,-10.0323]],[[150.4827,-9.3274],[150.4297,-9.4287],[150.5097,-9.5044],[150.5551,-9.6234],[150.8468,-9.7106],[150.9333,-9.6422],[150.8868,-9.506],[150.7641,-9.3999],[150.6839,-9.4355],[150.4827,-9.3274]],[[150.1569,-9.4244],[150.31,-9.5217],[150.3867,-9.3869],[150.3369,-9.2711],[150.2056,-9.1964],[150.095,-9.3103],[150.1569,-9.4244]],[[152.8359,-9.0722],[152.7929,-9.0036],[152.6155,-8.9837],[152.4853,-9.0288],[152.694,-9.147],[152.6527,-9.1966],[152.8085,-9.2555],[152.9666,-9.2249],[153.0003,-9.143],[152.9495,-9.084],[152.8359,-9.0722]],[[160.105,-9.0977],[160.2319,-9.1198],[160.2865,-9.0454],[160.1895,-9.0038],[160.105,-9.0977]],[[159.1773,-9.0638],[159.105,-8.9972],[159.029,-9.0772],[159.0873,-9.1255],[159.1773,-9.0638]],[[159.8224,-9.8004],[159.8835,-9.781],[160.0676,-9.8276],[160.3225,-9.8117],[160.4049,-9.8648],[160.612,-9.9413],[160.8297,-9.8627],[160.7767,-9.7349],[160.6615,-9.7015],[160.6609,-9.641],[160.5782,-9.5491],[160.4853,-9.5312],[160.3547,-9.411],[160.1172,-9.4287],[160.0289,-9.4055],[159.906,-9.4251],[159.7847,-9.2975],[159.6988,-9.2498],[159.6164,-9.2864],[159.5898,-9.5183],[159.639,-9.5618],[159.7071,-9.7167],[159.8224,-9.8004]],[[150.9983,-8.5394],[151.0797,-8.5439],[151.1347,-8.5998],[151.0424,-8.7235],[151.1255,-8.7994],[151.1031,-8.7602],[151.1477,-8.5453],[151.122,-8.4019],[151.0381,-8.4327],[150.9983,-8.5394]],[[156.5076,-7.6982],[156.6065,-7.7947],[156.6437,-7.9306],[156.7907,-7.7587],[156.709,-7.7009],[156.5972,-7.5631],[156.5022,-7.629],[156.5076,-7.6982]],[[157.194,-8.0703],[157.1811,-7.928],[157.1151,-7.8511],[157.0362,-7.852],[156.9593,-7.9039],[156.9448,-8.0248],[157.0059,-8.1],[157.126,-8.1378],[157.194,-8.0703]],[[157.45,-8.2578],[157.5539,-8.28],[157.5504,-8.3788],[157.609,-8.4718],[157.8442,-8.5593],[157.8822,-8.4651],[157.8306,-8.3323],[157.7068,-8.2051],[157.6025,-8.1622],[157.6123,-8.0537],[157.4828,-7.9571],[157.3675,-8.0285],[157.2874,-8.1848],[157.195,-8.2445],[157.2882,-8.3386],[157.45,-8.2578]],[[159.5719,-8.3828],[159.52,-8.4544],[159.6172,-8.5367],[159.665,-8.4975],[159.6372,-8.3917],[159.5719,-8.3828]],[[157.4633,-8.7362],[157.6206,-8.7992],[157.548,-8.6923],[157.4633,-8.7362]],[[157.3376,-8.7121],[157.4073,-8.7194],[157.3429,-8.6878],[157.4099,-8.4938],[157.3359,-8.4032],[157.1937,-8.5691],[157.3376,-8.7121]],[[157.8925,-8.5802],[157.8843,-8.6346],[157.9182,-8.736],[158.0244,-8.7697],[158.103,-8.6649],[158.1101,-8.5352],[157.8925,-8.5802]],[[155.8625,-7.0385],[155.7159,-6.962],[155.683,-7.0601],[155.7717,-7.1116],[155.8625,-7.0385]],[[146.0621,-4.5831],[145.9927,-4.521],[145.9164,-4.5703],[145.8809,-4.6492],[145.9258,-4.7541],[146.0521,-4.7103],[146.0621,-4.5831]],[[147.1735,-5.2559],[147.0928,-5.204],[146.9879,-5.2774],[146.998,-5.3588],[147.1379,-5.4408],[147.2038,-5.388],[147.1735,-5.2559]]]]}},{"type":"Feature","properties":{"NAME":"Southern Ocean","region":"Southern Ocean","n_subregions":1,"subregions":"Southern Ocean","area_sum_original":21695157},"geometry":{"type":"Polygon","coordinates":[[[179.9992,-84.3601],[177.9054,-84.2037],[176.5765,-84.0365],[175.1412,-84.0012],[174.9683,-83.9145],[174.3857,-83.8978],[173.3685,-83.9569],[173.4915,-83.8276],[172.4058,-83.7369],[171.6294,-83.7933],[171.909,-83.6116],[171.6197,-83.5665],[170.0787,-83.5229],[169.0907,-83.4013],[167.8175,-83.5223],[167.5719,-83.4552],[167.7056,-83.3387],[168.5641,-83.1988],[168.3345,-83.0882],[166.8265,-83.0064],[167.148,-82.9225],[166.3564,-82.8246],[166.3119,-82.7473],[165.6321,-82.6906],[164.7567,-82.6818],[165.2376,-82.5766],[165.2739,-82.4984],[164.6994,-82.4203],[163.1113,-82.4989],[163.3479,-82.5829],[161.6652,-82.55],[161.2163,-82.401],[162.3709,-82.3123],[163.5634,-82.3124],[163.7519,-82.2658],[162.6917,-81.892],[162.2936,-81.9052],[162.179,-81.7467],[160.9005,-81.5683],[160.9553,-81.4939],[160.4528,-81.4098],[160.5122,-81.2708],[160.3304,-81.0261],[160.6584,-80.9761],[160.0746,-80.9049],[160.9689,-80.7201],[160.6281,-80.6676],[160.1533,-80.729],[159.6631,-80.6892],[160.3891,-80.5762],[160.7754,-80.5482],[159.987,-80.1846],[160.3711,-80.0228],[160.1582,-79.9328],[160.2266,-79.8183],[159.9949,-79.7349],[160.0202,-79.6248],[160.2796,-79.5463],[160.2389,-79.4479],[160.5073,-79.3208],[160.2669,-79.2466],[160.8867,-79.109],[162.4938,-79.1142],[162.6108,-79.0721],[162.6158,-78.8832],[163.155,-78.8279],[163.2601,-78.7668],[163.923,-78.7396],[164.2644,-78.6343],[165.4568,-78.6526],[166.1088,-78.5844],[166.7664,-78.6439],[166.9716,-78.5638],[165.8532,-78.5047],[165.5695,-78.4296],[165.5686,-78.3222],[165.2273,-78.2453],[165.4823,-78.1726],[165.2149,-78.1031],[165.0051,-78.2913],[164.5751,-78.3755],[164.2329,-78.3367],[163.7285,-78.4177],[163.5024,-78.3806],[163.4206,-78.2694],[163.7342,-78.2491],[164.2696,-78.1396],[164.4589,-77.9915],[164.3121,-77.7358],[164.0492,-77.7024],[163.6836,-77.7529],[163.3826,-77.6066],[163.725,-77.5526],[163.7231,-77.4563],[163.0157,-77.1207],[162.5443,-77.0517],[162.5237,-76.8804],[162.8299,-76.8655],[162.8759,-76.7684],[162.553,-76.6917],[162.7731,-76.4809],[162.6171,-76.4073],[162.6692,-76.2888],[162.3978,-76.2737],[162.2323,-76.1607],[162.6289,-76.1198],[162.5887,-75.9817],[162.967,-75.7813],[162.4975,-75.7182],[162.6259,-75.6234],[162.8512,-75.5943],[162.6785,-75.4969],[164.6278,-75.5721],[164.668,-75.4325],[164.16,-75.3041],[162.5589,-75.2581],[162.562,-75.1406],[162.7377,-75.0396],[162.409,-74.9834],[162.6089,-74.8195],[163.047,-74.7328],[163.2128,-74.5801],[163.4471,-74.5215],[163.6251,-74.6629],[163.6224,-74.7749],[163.9307,-74.8283],[164.2539,-74.5737],[164.7655,-74.6287],[165.1125,-74.5738],[165.1933,-74.5113],[165.0719,-74.3848],[164.8292,-74.2857],[164.8978,-74.1605],[165.2657,-74.074],[166.0614,-74.1444],[166.2531,-74.0561],[166.0092,-73.9975],[165.587,-73.957],[165.8051,-73.8787],[166.4292,-73.7983],[166.8637,-73.6947],[167.2016,-73.5597],[167.7613,-73.5162],[168.233,-73.6051],[169.0445,-73.4582],[168.9663,-73.4035],[169.1598,-73.3033],[169.1669,-73.1369],[169.5874,-73.107],[169.6042,-73.0042],[169.8731,-72.7387],[170.2555,-72.607],[170.2428,-72.3666],[169.9705,-72.3311],[169.8909,-72.2506],[170.1523,-72.0293],[170.3242,-72.0637],[170.6279,-72.0025],[170.8977,-71.8954],[170.6504,-71.6779],[170.4221,-71.5282],[170.1802,-71.6487],[169.8649,-71.6154],[169.716,-71.5338],[169.435,-71.5561],[169.2607,-71.4351],[168.9649,-71.3979],[168.803,-71.2943],[168.2126,-71.2316],[167.7701,-71.0419],[167.8915,-70.9305],[167.7663,-70.8504],[167.488,-70.7986],[166.835,-70.8288],[166.5461,-70.8155],[166.3529,-70.7415],[166.8376,-70.7347],[166.6531,-70.6547],[166.2519,-70.6451],[165.7835,-70.7369],[165.2598,-70.6118],[164.7389,-70.6194],[164.2652,-70.5326],[163.907,-70.5806],[163.4606,-70.6777],[163.0863,-70.6553],[162.708,-70.4384],[162.6265,-70.3265],[162.324,-70.3062],[162.1426,-70.3878],[161.7551,-70.3521],[161.5897,-70.2723],[161.2273,-70.2707],[160.9701,-70.3147],[160.8207,-70.2601],[160.7395,-70.1383],[160.308,-70.0606],[160.5595,-70.0104],[160.4876,-69.9145],[160.2404,-69.9088],[160.2358,-69.8265],[159.7679,-69.7311],[159.2688,-69.4965],[159.0219,-69.4436],[158.8946,-69.3387],[158.39,-69.4026],[158.1897,-69.2804],[157.812,-69.1869],[157.4943,-69.1923],[157.3781,-69.239],[157.2071,-69.0696],[157.0541,-69.0906],[157.1036,-69.2015],[156.8057,-69.1612],[156.7383,-69.2232],[156.4304,-69.0933],[156.0446,-69.0511],[156.0,-69.0],[155.5612,-68.9807],[155.4362,-68.9185],[155.1477,-68.9167],[155.0097,-69.0405],[154.8658,-69.035],[154.4506,-68.811],[154.7696,-68.6727],[154.6931,-68.5853],[154.4838,-68.5326],[154.2989,-68.55],[154.1905,-68.4606],[153.821,-68.3396],[153.5774,-68.3393],[153.4688,-68.4338],[153.2941,-68.4765],[153.0284,-68.4347],[152.6413,-68.4243],[152.4037,-68.4844],[152.1843,-68.652],[151.8747,-68.7314],[151.3749,-68.7397],[151.0526,-68.6438],[151.0083,-68.541],[151.0829,-68.4554],[151.0028,-68.3102],[149.8018,-68.4677],[149.5453,-68.3731],[149.1144,-68.3352],[148.3985,-68.4438],[147.8668,-68.4071],[147.8335,-68.2984],[148.0586,-68.2797],[148.4217,-68.3313],[148.6136,-68.2293],[148.4443,-67.8156],[147.8121,-67.8047],[147.5,-67.8763],[147.0567,-67.9268],[146.7347,-67.8254],[146.5941,-67.7448],[146.36,-67.7269],[146.0246,-67.6046],[145.6907,-67.6391],[145.2431,-67.6058],[145.2801,-67.5444],[145.5295,-67.4219],[146.6158,-67.2406],[146.8106,-67.0998],[146.8305,-67.022],[146.4588,-66.8497],[146.05,-66.8516],[145.8211,-66.8109],[145.5483,-66.8223],[145.5372,-66.9216],[145.3653,-67.0187],[145.2717,-66.8996],[144.8024,-67.0911],[144.7242,-67.1593],[144.3135,-67.0151],[143.9923,-67.0921],[143.7307,-67.0245],[143.7802,-66.9416],[143.3853,-66.8635],[143.1543,-66.897],[142.8384,-66.9991],[142.5231,-67.0338],[142.3605,-67.0001],[142.186,-66.877],[141.8895,-66.7936],[141.5556,-66.7836],[141.3317,-66.8432],[141.078,-66.7434],[140.5023,-66.7178],[140.0918,-66.7354],[139.5849,-66.6117],[139.2452,-66.554],[138.7397,-66.5578],[138.5763,-66.5219],[138.3478,-66.5359],[137.8716,-66.448],[137.693,-66.3838],[136.9124,-66.321],[136.4178,-66.3869],[136.3126,-66.3028],[136.168,-66.2995],[136.0019,-66.2006],[135.8688,-66.1806],[135.3592,-66.011],[135.3157,-65.9635],[135.4736,-65.6798],[135.4131,-65.5512],[135.236,-65.4835],[134.867,-65.2747],[134.5392,-65.3346],[134.5629,-65.5027],[134.474,-65.5858],[134.7616,-65.794],[134.5485,-65.9081],[134.4545,-66.0768],[134.2862,-66.1132],[134.1377,-66.2122],[133.9267,-66.1784],[133.8202,-66.1111],[133.2818,-66.102],[132.8087,-66.2032],[132.4964,-66.1457],[132.1527,-66.1577],[131.8845,-66.2093],[131.414,-66.1861],[130.8627,-66.0761],[130.166,-66.0274],[129.744,-65.9256],[129.4954,-65.945],[129.5566,-66.0465],[129.9846,-66.2179],[129.8205,-66.3603],[129.6033,-66.631],[129.7323,-66.6949],[129.6118,-66.9262],[129.4024,-67.015],[128.9939,-66.9802],[128.3278,-67.0363],[127.9185,-67.0203],[127.9402,-66.9664],[127.4652,-66.7068],[127.4416,-66.6083],[126.9495,-66.519],[126.7807,-66.4156],[126.148,-66.2697],[125.9435,-66.2915],[125.6646,-66.3805],[125.4829,-66.4028],[125.1849,-66.5],[124.8695,-66.5607],[124.8152,-66.6198],[124.5415,-66.6734],[124.2966,-66.6656],[123.8929,-66.7122],[122.845,-66.8624],[121.9251,-66.9672],[121.4129,-67.0429],[121.1265,-67.1038],[121.1287,-66.8144],[121.0016,-66.7948],[120.703,-66.8911],[120.4411,-66.8308],[119.5462,-66.9385],[118.5363,-66.9096],[118.2123,-67.023],[117.9255,-66.9625],[117.7608,-66.9904],[117.2187,-66.8893],[116.9885,-66.816],[116.7978,-66.6949],[116.7262,-66.592],[116.4857,-66.532],[116.1899,-66.385],[115.8175,-66.3481],[115.4075,-66.3808],[115.1127,-66.4677],[114.8897,-66.4917],[114.5668,-66.2849],[114.5305,-66.1829],[114.3452,-66.1657],[114.1485,-66.053],[113.9578,-66.0477],[113.5321,-65.8289],[113.4189,-65.7334],[113.2011,-65.7003],[112.4788,-65.8703],[111.9158,-65.9148],[111.5494,-65.9145],[110.8931,-66.0488],[110.531,-66.2354],[110.6063,-66.3989],[110.508,-66.5163],[110.3644,-66.4567],[110.2634,-66.5752],[110.0396,-66.6312],[109.8023,-66.5638],[109.4749,-66.6002],[109.3446,-66.6574],[109.2343,-66.7972],[109.326,-66.8517],[108.8051,-66.9159],[108.6143,-66.778],[108.3289,-66.716],[108.1761,-66.6085],[107.5506,-66.5388],[107.1354,-66.4584],[106.9765,-66.4611],[106.528,-66.3473],[106.3292,-66.3247],[105.9083,-66.2126],[105.113,-66.0727],[104.736,-66.0647],[104.4788,-66.0206],[104.2091,-66.0161],[103.958,-65.9655],[103.6931,-65.9938],[103.2509,-65.9212],[102.6398,-65.859],[102.4311,-65.9113],[102.0323,-65.9568],[101.7195,-65.958],[101.5527,-65.9903],[101.3692,-65.9421],[101.2601,-66.0205],[101.3,-66.1445],[101.0122,-66.2465],[100.6986,-66.1858],[100.8371,-66.0992],[100.6146,-66.0456],[100.546,-66.1453],[100.1671,-66.1111],[100.1834,-65.9314],[100.1217,-65.822],[100.2487,-65.6757],[100.0355,-65.6541],[99.6498,-65.7247],[99.56,-65.8739],[99.3819,-65.8485],[99.296,-65.7659],[99.074,-65.7855],[98.72,-65.7672],[98.8575,-66.0023],[99.0562,-66.1502],[98.9561,-66.2818],[98.9921,-66.4037],[98.8444,-66.474],[98.6437,-66.4089],[98.2548,-66.4588],[97.9617,-66.5532],[97.7173,-66.5418],[97.5679,-66.6084],[97.2055,-66.4978],[97.0513,-66.4988],[96.6954,-66.6033],[96.4593,-66.578],[95.9175,-66.6046],[95.6909,-66.5347],[95.5603,-66.4526],[95.2937,-66.5457],[94.6132,-66.5017],[94.423,-66.6214],[94.2802,-66.6349],[94.2116,-66.5229],[93.9489,-66.5387],[93.5687,-66.6125],[93.1461,-66.5925],[93.0284,-66.5586],[92.8379,-66.6304],[92.4145,-66.5796],[92.223,-66.5011],[91.8751,-66.4714],[91.3476,-66.588],[91.1052,-66.5751],[90.8005,-66.6875],[90.5046,-66.711],[90.339,-66.7704],[89.8941,-66.8125],[89.4826,-66.7744],[89.166,-66.7899],[88.9799,-66.7217],[88.7174,-66.6905],[88.1052,-66.6926],[87.8665,-66.7955],[87.6573,-66.8124],[87.0801,-66.9611],[86.5929,-67.0024],[86.2737,-67.0627],[86.1839,-67.1382],[85.9342,-67.1932],[85.7156,-67.1442],[85.3489,-67.18],[85.2493,-67.0793],[84.6962,-67.0609],[84.5458,-67.0792],[84.2183,-67.2163],[84.0874,-67.3248],[83.5486,-67.4627],[83.2508,-67.5056],[83.0291,-67.5942],[82.6707,-67.6521],[82.5093,-67.6213],[82.3106,-67.6926],[81.8877,-67.78],[81.0913,-67.8787],[80.745,-67.899],[80.1861,-67.9796],[79.9825,-68.0374],[79.3628,-68.1508],[78.7997,-68.3732],[78.6485,-68.4867],[78.1698,-68.6028],[78.1034,-68.6957],[78.3065,-68.7796],[78.2525,-68.968],[78.0881,-69.1185],[77.7767,-69.108],[77.5027,-69.2035],[77.2966,-69.2095],[77.0117,-69.2944],[76.7968,-69.4054],[76.4047,-69.4016],[76.1455,-69.5507],[75.9323,-69.7157],[75.4469,-69.7517],[75.171,-69.8208],[75.0576,-69.728],[74.6657,-69.7584],[74.3401,-69.7254],[73.9732,-69.8262],[73.6375,-69.8342],[73.1428,-70.039],[72.918,-70.0725],[72.8644,-70.1931],[73.2585,-70.3558],[73.2548,-70.4583],[73.0528,-70.5313],[72.6431,-70.6072],[72.467,-70.6719],[72.4774,-70.7932],[72.2357,-70.9882],[71.6862,-71.2151],[71.5408,-71.4102],[71.0663,-71.3697],[70.6479,-71.214],[69.4264,-70.8271],[69.284,-70.7916],[69.2795,-70.5151],[69.1585,-70.3326],[68.9034,-70.3843],[68.373,-70.41],[68.0861,-70.2663],[68.2076,-69.9635],[68.5143,-69.8705],[68.6969,-69.9258],[69.1367,-69.8867],[69.2261,-69.7888],[69.1096,-69.7123],[68.4742,-69.635],[68.731,-69.5822],[68.717,-69.4668],[68.957,-69.3918],[68.7186,-69.3525],[68.8356,-69.2622],[69.109,-69.2702],[69.4222,-69.3247],[69.7783,-69.306],[69.8521,-69.1865],[69.7,-69.1377],[69.2022,-69.1626],[69.0728,-69.1168],[69.5091,-69.0706],[69.8738,-68.9939],[69.7171,-68.9167],[69.2176,-68.9715],[69.4066,-68.8481],[69.6989,-68.8293],[70.0563,-68.7403],[70.1476,-68.6203],[69.9912,-68.5242],[70.14,-68.4361],[70.1512,-68.3434],[69.8915,-68.1529],[69.8497,-67.9961],[69.9204,-67.896],[69.8756,-67.7875],[69.697,-67.7472],[69.4387,-67.7788],[69.3079,-67.883],[69.054,-67.9193],[68.243,-67.8724],[67.5629,-67.8499],[67.2336,-67.7815],[66.2654,-67.7785],[65.7008,-67.6836],[64.8476,-67.6526],[64.4171,-67.5645],[63.6182,-67.5042],[63.2172,-67.5432],[62.7673,-67.658],[62.4484,-67.5878],[61.7838,-67.5332],[61.5273,-67.5678],[61.3924,-67.4996],[61.1116,-67.4518],[60.8188,-67.436],[60.4689,-67.3793],[59.9198,-67.4113],[59.6706,-67.4545],[59.4352,-67.3876],[59.0687,-67.4008],[58.7166,-67.3628],[58.7334,-67.2907],[59.0081,-67.3294],[59.0618,-67.26],[58.8524,-67.1725],[58.4659,-67.1785],[58.1496,-67.1035],[58.0214,-67.1145],[57.6067,-66.9978],[57.4104,-67.1033],[57.1936,-67.0605],[56.9848,-67.0758],[56.7626,-67.0042],[56.7586,-66.8631],[57.0184,-66.7125],[57.2542,-66.7199],[57.3567,-66.6741],[57.3576,-66.5714],[56.8924,-66.4088],[56.4225,-66.3926],[56.2848,-66.3059],[56.0389,-66.2177],[55.7331,-66.0089],[55.3343,-65.9088],[54.93,-65.8803],[54.336,-65.8664],[54.0814,-65.8883],[53.843,-65.8432],[53.4474,-65.8986],[53.2677,-65.8883],[52.8964,-65.9375],[52.2729,-65.9392],[51.7706,-66.0376],[51.5769,-66.1079],[51.4109,-66.2155],[51.2234,-66.2158],[51.0249,-66.2695],[50.6323,-66.3177],[50.3964,-66.4304],[50.2699,-66.6309],[50.3519,-66.7565],[50.7915,-66.7731],[50.5143,-66.936],[50.609,-67.0635],[50.9372,-67.1231],[50.7138,-67.2014],[50.508,-67.2051],[50.1567,-67.1248],[50.0453,-67.2266],[49.7866,-67.2494],[50.0116,-67.0954],[49.7016,-67.0341],[49.4464,-66.9489],[49.3224,-66.8089],[49.1316,-66.9006],[48.7985,-66.9556],[48.4369,-66.9687],[48.3436,-67.0934],[48.4706,-67.2017],[48.7941,-67.3084],[49.3421,-67.2902],[49.0799,-67.4085],[48.7159,-67.4586],[48.6094,-67.5392],[48.3347,-67.5596],[47.8442,-67.7039],[47.5122,-67.689],[47.2516,-67.6383],[47.3666,-67.5816],[47.2749,-67.4889],[47.4845,-67.416],[47.2921,-67.3587],[47.1323,-67.366],[46.9154,-67.2763],[46.6119,-67.2846],[46.2854,-67.3614],[46.4079,-67.61],[45.8538,-67.6736],[45.8048,-67.7746],[45.5335,-67.7181],[45.2728,-67.7186],[44.8592,-67.8149],[44.5384,-67.9755],[44.1119,-67.9751],[44.0724,-68.0276],[43.7803,-68.0639],[43.1578,-68.0439],[42.6725,-68.1266],[42.5571,-68.2362],[42.1857,-68.3677],[41.971,-68.3642],[41.0714,-68.5901],[40.9262,-68.6951],[40.6059,-68.7143],[40.36,-68.8289],[39.9914,-68.8743],[39.7598,-69.0294],[39.9098,-69.1908],[39.7497,-69.2539],[39.8649,-69.3742],[39.8076,-69.6371],[39.5059,-69.6644],[39.2318,-69.7418],[39.2434,-69.8562],[39.0899,-69.8857],[38.8498,-70.0015],[38.5832,-69.9601],[38.3659,-69.8686],[38.3294,-69.7962],[37.9206,-69.7286],[37.7639,-69.6632],[37.2045,-69.8484],[37.1265,-69.6877],[36.8366,-69.5416],[36.6315,-69.5399],[36.2552,-69.483],[35.7996,-69.3579],[35.598,-69.259],[35.4208,-69.0663],[34.9424,-68.9765],[34.6388,-68.8695],[34.4293,-68.6709],[34.2579,-68.5981],[33.7231,-68.6059],[33.4202,-68.6795],[33.2619,-68.7562],[33.1875,-69.0099],[33.4431,-69.1468],[33.5911,-69.1791],[33.3733,-69.2943],[33.5226,-69.5579],[33.4356,-69.6342],[33.0671,-69.6912],[32.8172,-69.6911],[32.3152,-69.625],[31.9582,-69.6164],[31.405,-69.673],[31.0105,-69.7719],[30.1906,-69.8386],[29.5727,-69.8601],[28.8323,-69.9249],[28.2616,-70.0298],[26.7696,-70.2132],[26.143,-70.2704],[25.4317,-70.2827],[24.7203,-70.4228],[24.296,-70.4775],[23.4112,-70.5189],[23.0273,-70.5101],[21.2362,-70.3639],[20.0909,-70.4077],[19.6353,-70.3562],[19.134,-70.3318],[18.3082,-70.2348],[17.3212,-70.2185],[16.8158,-70.2207],[16.0751,-70.1922],[15.3526,-70.2715],[14.452,-70.3133],[13.9284,-70.3236],[12.8324,-70.2937],[12.2932,-70.3306],[12.09,-70.4417],[11.9879,-70.603],[11.7798,-70.627],[11.423,-70.5531],[10.9285,-70.5603],[10.548,-70.417],[10.1392,-70.302],[9.4941,-70.1963],[8.593,-70.1663],[8.0511,-70.1675],[7.5418,-70.2045],[7.0192,-70.2629],[6.5623,-70.3805],[6.0194,-70.4453],[5.3881,-70.4488],[5.1008,-70.3784],[4.809,-70.2636],[4.437,-70.2505],[4.0829,-70.2837],[3.6087,-70.3612],[3.1535,-70.4575],[2.8432,-70.5637],[2.5572,-70.777],[2.306,-70.8981],[1.9436,-70.9974],[1.3307,-71.1203],[0.9685,-71.1664],[0.5295,-71.2584],[0.0068,-71.4451],[-0.3736,-71.6688],[-0.6342,-71.6618],[-0.9689,-71.5911],[-0.836,-71.3988],[-0.9171,-71.3269],[-1.2971,-71.3023],[-1.5982,-71.4438],[-2.2575,-71.44],[-2.2036,-71.377],[-2.4199,-71.2762],[-2.553,-71.1254],[-2.5066,-70.9404],[-2.0742,-70.8755],[-2.0005,-70.8271],[-2.6588,-70.7626],[-3.0549,-70.6969],[-3.1665,-70.5994],[-2.8169,-70.4967],[-2.6918,-70.4254],[-2.7605,-70.3217],[-2.905,-70.2956],[-3.2634,-70.327],[-3.4284,-70.4242],[-3.5244,-70.5518],[-3.5164,-70.7374],[-3.4151,-70.9073],[-3.6635,-71.0378],[-3.6987,-71.1328],[-3.1965,-71.2055],[-3.0176,-71.2633],[-3.71,-71.34],[-3.9876,-71.2571],[-4.373,-71.33],[-4.7455,-71.2851],[-5.1739,-71.369],[-5.759,-71.4282],[-5.9556,-71.4225],[-6.2027,-71.3228],[-5.8174,-71.1236],[-5.6822,-70.952],[-5.8371,-70.8168],[-5.8193,-70.7119],[-6.0854,-70.6621],[-6.892,-70.6872],[-7.3896,-70.7608],[-7.6533,-70.8397],[-7.6255,-70.9217],[-7.3257,-71.038],[-7.3114,-71.1347],[-7.4614,-71.2602],[-7.7158,-71.3811],[-7.7593,-71.4953],[-7.3762,-71.6573],[-7.489,-71.7122],[-7.9192,-71.7048],[-8.3654,-71.8199],[-8.5208,-71.8147],[-8.7576,-71.6899],[-8.76,-71.4743],[-8.8724,-71.2986],[-9.1173,-71.1525],[-9.6596,-71.0441],[-9.5173,-70.9305],[-9.6532,-70.9034],[-10.2155,-70.9222],[-10.4785,-70.9667],[-10.4148,-71.0253],[-10.1049,-71.069],[-10.1738,-71.1697],[-10.5998,-71.3454],[-10.7512,-71.4607],[-10.8636,-71.6734],[-11.0736,-71.7253],[-11.1633,-71.6135],[-11.3919,-71.5146],[-11.6463,-71.4536],[-11.7328,-71.3774],[-11.614,-71.2875],[-11.9066,-71.2698],[-12.2178,-71.3263],[-12.2473,-71.4822],[-12.1267,-71.6058],[-11.7916,-71.7505],[-11.1445,-71.8296],[-11.102,-72.0024],[-11.42,-72.3042],[-11.6803,-72.4424],[-12.3009,-72.6359],[-13.75,-72.9],[-14.0878,-72.9289],[-14.7459,-72.8652],[-15.1094,-72.9034],[-15.7992,-73.0244],[-16.9574,-73.2679],[-18.3858,-73.5347],[-19.3757,-73.8089],[-20.1309,-74.0477],[-20.7521,-74.2087],[-21.5567,-74.4349],[-22.5676,-74.5814],[-22.8616,-74.6815],[-23.1318,-74.9037],[-23.1619,-74.9866],[-23.4526,-75.2246],[-24.2188,-75.5741],[-24.7673,-75.7575],[-25.9907,-75.9753],[-26.4496,-76.0899],[-26.9467,-75.998],[-26.9623,-76.0846],[-28.2056,-76.2654],[-28.8564,-76.3219],[-28.7828,-76.387],[-28.4305,-76.4292],[-30.1094,-76.8186],[-31.3222,-77.1413],[-31.459,-77.2195],[-32.133,-77.2787],[-32.9515,-77.3849],[-34.2573,-77.6352],[-34.6031,-77.7863],[-35.2915,-77.8079],[-35.5135,-77.8661],[-35.6415,-77.9805],[-35.6114,-78.1042],[-36.3786,-78.3467],[-36.3725,-78.5267],[-36.5362,-78.7016],[-36.3425,-78.8313],[-35.8206,-78.9499],[-35.2946,-78.9787],[-34.3219,-79.0759],[-33.7275,-79.1728],[-33.0842,-79.1666],[-32.1263,-79.1921],[-31.477,-79.1849],[-30.3315,-79.2209],[-29.9607,-79.2814],[-29.9415,-79.3874],[-30.6537,-79.5043],[-30.7591,-79.5739],[-30.3797,-79.7224],[-30.4155,-79.8005],[-30.0799,-80.0411],[-30.2531,-80.1982],[-30.788,-80.308],[-30.7331,-80.4343],[-31.4647,-80.4467],[-32.0667,-80.374],[-31.8476,-80.1392],[-32.4196,-80.1307],[-33.8926,-80.17],[-34.5817,-80.2074],[-35.6147,-80.3122],[-36.1762,-80.4247],[-36.5579,-80.5545],[-37.9271,-80.839],[-39.7573,-81.1002],[-41.5274,-81.3701],[-43.4111,-81.5775],[-45.2392,-81.7047],[-46.0696,-81.7265],[-47.2971,-81.7163],[-48.6832,-81.753],[-50.4957,-81.7654],[-51.4034,-81.8122],[-52.0336,-81.8916],[-53.0238,-82.0527],[-54.1518,-82.1519],[-55.7049,-82.3551],[-56.1392,-82.4346],[-58.0328,-82.9604],[-59.0625,-83.0163],[-59.3442,-82.929],[-59.011,-82.6774],[-59.1787,-82.5818],[-60.2445,-82.4183],[-62.9838,-82.4996],[-65.795,-82.5051],[-67.8329,-82.4103],[-70.1348,-82.1677],[-71.5299,-81.9252],[-72.0183,-81.723],[-71.941,-81.5301],[-71.7254,-81.4399],[-70.5887,-81.2964],[-70.015,-81.2697],[-68.2759,-81.2284],[-65.5567,-81.199],[-64.7681,-81.1745],[-63.1847,-81.1552],[-62.185,-81.0991],[-61.3726,-81.0821],[-60.7719,-81.0334],[-59.9784,-80.8497],[-59.8191,-80.7588],[-59.423,-80.6937],[-58.4347,-80.4541],[-56.3897,-80.144],[-55.702,-80.058],[-54.6939,-79.9776],[-54.0027,-80.0766],[-53.3682,-80.2532],[-52.7659,-80.46],[-51.7827,-80.6707],[-51.1014,-80.7263],[-49.4783,-80.7403],[-48.8723,-80.7249],[-45.481,-80.4883],[-44.9178,-80.3911],[-44.273,-80.1717],[-44.4438,-80.0567],[-44.8207,-80.0179],[-44.9924,-79.9306],[-44.8302,-79.8653],[-43.5503,-79.9765],[-43.0925,-79.9466],[-42.9658,-79.8623],[-43.132,-79.7092],[-42.8736,-79.4966],[-42.8904,-79.3993],[-43.2096,-79.3336],[-44.0594,-79.3399],[-44.3958,-79.3952],[-45.9975,-79.4832],[-46.3809,-79.4191],[-46.4406,-79.2551],[-45.3452,-79.1782],[-44.3087,-79.1391],[-44.0553,-79.0459],[-44.228,-78.8457],[-44.5,-78.7973],[-45.2385,-78.7674],[-45.621,-78.7779],[-46.4696,-78.8606],[-46.9974,-78.868],[-47.8507,-78.9324],[-48.3059,-78.9382],[-48.4991,-78.8612],[-48.1587,-78.7782],[-47.5529,-78.7314],[-46.1444,-78.6808],[-45.3651,-78.6221],[-44.9067,-78.5388],[-44.9904,-78.4446],[-45.5236,-78.2637],[-45.882,-78.0801],[-46.4803,-77.9387],[-48.3481,-77.7229],[-48.8684,-77.7098],[-49.3783,-77.7971],[-50.5444,-78.1636],[-51.8288,-78.4414],[-53.0404,-78.6346],[-53.2397,-78.7003],[-53.5504,-78.9679],[-54.2028,-79.2302],[-54.8672,-79.3326],[-56.043,-79.4489],[-57.2108,-79.5108],[-58.8958,-79.6229],[-59.259,-79.7053],[-59.5021,-79.859],[-59.4996,-79.9848],[-59.8858,-80.1551],[-60.8474,-80.2526],[-62.6814,-80.3341],[-65.3198,-80.519],[-66.8874,-80.6084],[-68.8303,-80.6769],[-70.0665,-80.7301],[-71.4371,-80.7449],[-72.326,-80.7751],[-74.5999,-80.689],[-75.48,-80.5997],[-76.2276,-80.4643],[-77.0014,-80.2752],[-76.8959,-80.1841],[-77.7033,-80.1809],[-79.0782,-80.0927],[-79.9282,-79.995],[-79.8191,-79.9412],[-77.9897,-80.0367],[-77.3301,-79.984],[-77.8558,-79.8098],[-78.7552,-79.6123],[-79.0145,-79.5017],[-78.6925,-79.4538],[-79.4027,-79.3188],[-79.8942,-79.2527],[-80.3702,-79.3189],[-79.9942,-79.5711],[-80.0182,-79.652],[-80.4669,-79.7348],[-80.8179,-79.5379],[-81.1462,-79.4513],[-81.2766,-79.2706],[-81.4669,-79.1944],[-81.0316,-79.0747],[-81.3124,-78.9856],[-81.422,-78.876],[-81.0543,-78.6878],[-81.3718,-78.5326],[-82.0419,-78.3847],[-81.8976,-78.1779],[-82.3237,-78.101],[-81.9361,-78.0342],[-81.9903,-77.8956],[-82.5237,-77.4495],[-82.7106,-77.3919],[-82.7193,-77.266],[-83.2161,-77.1514],[-81.9549,-77.0836],[-81.9742,-77.1787],[-81.6773,-77.3109],[-81.5024,-77.4416],[-81.2104,-77.4089],[-80.8553,-77.1698],[-81.0641,-76.999],[-80.8903,-76.9677],[-78.9393,-76.8576],[-78.2757,-76.7978],[-77.1168,-76.7158],[-75.7566,-76.6449],[-75.7577,-77.0334],[-75.6955,-77.1728],[-75.0782,-77.3811],[-74.4391,-77.6823],[-73.8251,-77.8226],[-72.6531,-77.9621],[-71.5239,-78.0672],[-70.4286,-78.073],[-69.6182,-78.1128],[-69.1323,-78.0948],[-68.4966,-77.984],[-68.2857,-77.8231],[-67.964,-77.7678],[-67.6422,-77.6276],[-67.55,-77.3431],[-67.6841,-77.0329],[-67.6352,-76.8948],[-67.7919,-76.8368],[-68.4113,-76.7271],[-68.9768,-76.6839],[-69.1848,-76.5875],[-69.8098,-76.4934],[-69.7159,-76.386],[-68.5445,-76.2926],[-67.8628,-76.2096],[-67.4778,-76.1301],[-66.6933,-76.0224],[-65.7552,-75.9238],[-65.2504,-75.7789],[-64.9974,-75.7805],[-64.0452,-75.6248],[-63.2607,-75.4163],[-63.3171,-75.3206],[-63.9163,-75.3207],[-64.3388,-75.344],[-64.3969,-75.269],[-64.0292,-75.21],[-63.0823,-75.1405],[-62.8449,-75.1385],[-62.5568,-75.0125],[-62.2189,-74.9754],[-61.9188,-74.802],[-62.1029,-74.6641],[-61.6863,-74.5281],[-61.3418,-74.5467],[-61.0009,-74.5092],[-61.0845,-74.4142],[-60.7455,-74.3771],[-60.6693,-74.2966],[-61.0049,-74.2877],[-61.5282,-74.3479],[-60.9969,-74.0904],[-60.7503,-74.1001],[-60.927,-73.8143],[-60.6784,-73.707],[-60.7775,-73.5247],[-60.6339,-73.4237],[-60.5705,-73.1878],[-60.4351,-73.1746],[-60.262,-73.314],[-59.8664,-73.2396],[-59.936,-73.1445],[-59.7967,-72.9905],[-59.8077,-72.8999],[-60.1047,-72.9058],[-60.1365,-72.9886],[-60.4805,-72.9538],[-60.5523,-72.6706],[-60.9155,-72.7044],[-61.195,-72.6812],[-61.3608,-72.6147],[-61.4764,-72.4867],[-61.4002,-72.4164],[-60.9328,-72.4834],[-60.7179,-72.4387],[-60.9996,-72.3757],[-60.9572,-72.2924],[-60.6847,-72.2739],[-60.899,-72.1257],[-60.6401,-72.0656],[-60.7973,-72.0023],[-61.5168,-72.0952],[-61.8294,-72.056],[-61.9478,-71.9357],[-61.745,-71.8763],[-61.3506,-71.8774],[-60.9254,-71.7567],[-60.8172,-71.6643],[-61.1915,-71.5294],[-61.4314,-71.5783],[-61.4564,-71.4513],[-61.2353,-71.4536],[-61.2222,-71.3558],[-60.9441,-71.1911],[-61.4539,-71.0377],[-61.304,-70.9146],[-61.3498,-70.8431],[-61.6869,-70.8429],[-61.835,-70.9271],[-62.1234,-70.8738],[-61.9562,-70.7565],[-61.6644,-70.6979],[-61.6894,-70.6236],[-61.3899,-70.5902],[-61.4909,-70.4878],[-62.2052,-70.5396],[-62.4103,-70.4649],[-62.4739,-70.3783],[-62.2082,-70.3288],[-61.8875,-70.2061],[-61.9747,-70.0651],[-62.3496,-69.9945],[-62.6736,-69.8143],[-62.4398,-69.7585],[-62.428,-69.5066],[-62.5929,-69.4785],[-62.7216,-69.3535],[-62.9639,-69.3789],[-63.1152,-69.3063],[-63.1544,-69.1976],[-63.4576,-69.2445],[-63.5808,-69.1996],[-63.327,-69.0879],[-63.8134,-69.04],[-63.7123,-68.9544],[-63.5149,-68.9465],[-63.2237,-68.831],[-63.4152,-68.7658],[-63.8418,-68.7004],[-63.6767,-68.5608],[-63.2175,-68.4914],[-63.3597,-68.4307],[-63.6305,-68.4345],[-63.9228,-68.5057],[-64.2238,-68.677],[-64.2758,-68.7739],[-64.4829,-68.7609],[-64.6947,-68.6862],[-65.2365,-68.624],[-65.2096,-68.5092],[-64.9791,-68.4089],[-65.0783,-68.3617],[-65.4587,-68.3817],[-65.3909,-68.3018],[-64.807,-68.1722],[-64.7938,-68.0953],[-65.03,-68.07],[-65.2972,-68.1769],[-65.7297,-68.1251],[-65.6151,-68.0302],[-65.6373,-67.741],[-65.425,-67.6925],[-65.3981,-67.603],[-65.625,-67.492],[-65.3978,-67.3454],[-65.3103,-67.3938],[-65.0864,-67.3474],[-65.0214,-67.1905],[-64.8471,-67.1674],[-64.7338,-67.083],[-64.9496,-67.0461],[-64.8692,-66.9571],[-64.4009,-66.8945],[-63.8904,-66.9303],[-63.7127,-66.8656],[-63.8381,-66.7748],[-64.1772,-66.7446],[-64.1313,-66.59],[-63.8393,-66.5608],[-63.9631,-66.4617],[-63.7658,-66.3365],[-63.7851,-66.271],[-63.5551,-66.2075],[-63.2539,-66.2806],[-62.8888,-66.4837],[-62.7556,-66.5914],[-62.7397,-66.6933],[-62.4736,-66.6951],[-62.6985,-66.5489],[-62.4249,-66.4394],[-62.5749,-66.3685],[-62.9172,-66.2693],[-62.7132,-66.2055],[-62.1738,-66.1825],[-61.9297,-66.255],[-61.7028,-66.3648],[-61.6611,-66.2261],[-61.495,-66.227],[-61.3647,-66.1223],[-61.2024,-66.2454],[-60.9614,-66.2578],[-60.8532,-66.1517],[-60.7252,-66.1122],[-60.5952,-65.9971],[-60.6505,-65.9287],[-61.0125,-65.9218],[-61.3806,-65.9623],[-61.3477,-66.0758],[-61.5907,-66.0231],[-61.8209,-66.1618],[-62.0454,-66.1166],[-62.1313,-66.0248],[-62.3961,-65.9319],[-62.3997,-65.8307],[-62.3029,-65.7532],[-62.1233,-65.7194],[-62.0919,-65.5972],[-61.9475,-65.5456],[-61.9344,-65.4683],[-62.1203,-65.4069],[-62.2053,-65.3235],[-61.8832,-65.1902],[-61.6172,-65.2351],[-61.5938,-65.0952],[-61.3535,-65.0455],[-61.1942,-64.9737],[-61.0599,-65.0194],[-60.8775,-64.8571],[-60.748,-64.8094],[-60.6203,-64.6653],[-60.4203,-64.6267],[-59.9834,-64.4028],[-59.7155,-64.3932],[-59.6872,-64.3378],[-59.4484,-64.3246],[-59.3277,-64.4418],[-58.9905,-64.5201],[-58.8305,-64.5264],[-58.755,-64.2976],[-58.8543,-64.2369],[-58.6565,-64.1028],[-58.6821,-64.008],[-58.4735,-63.9213],[-58.2684,-63.7288],[-58.0801,-63.6658],[-57.9396,-63.6763],[-57.6901,-63.6267],[-57.6822,-63.558],[-57.4097,-63.5345],[-57.2234,-63.4655],[-56.8631,-63.6524],[-56.7879,-63.5338],[-56.9393,-63.4265],[-57.0743,-63.2465],[-57.3187,-63.2212],[-57.4771,-63.2653],[-57.8866,-63.3019],[-58.1419,-63.4524],[-58.3996,-63.4413],[-58.9477,-63.563],[-58.9642,-63.6396],[-59.1178,-63.716],[-59.2301,-63.6775],[-59.4532,-63.8442],[-59.609,-63.8879],[-59.9132,-63.8662],[-60.0565,-63.952],[-60.311,-63.9187],[-60.7395,-64.0643],[-60.9654,-64.0423],[-60.942,-64.144],[-61.0861,-64.286],[-61.2847,-64.3903],[-61.4643,-64.3517],[-61.6064,-64.4279],[-61.5298,-64.5924],[-61.7373,-64.5346],[-61.9374,-64.5685],[-61.975,-64.6761],[-62.3602,-64.7468],[-62.4337,-64.5938],[-62.5929,-64.6223],[-62.5607,-64.7395],[-62.8742,-64.8137],[-62.8822,-64.8904],[-63.0932,-64.8948],[-63.2661,-64.9482],[-63.0619,-65.0765],[-63.2743,-65.1496],[-63.8477,-65.0278],[-64.0846,-65.1543],[-64.114,-65.2787],[-64.0065,-65.3088],[-64.0884,-65.4103],[-63.7581,-65.46],[-63.8117,-65.5843],[-64.1098,-65.5033],[-64.3753,-65.6902],[-64.3964,-65.7896],[-64.6468,-65.7209],[-64.7154,-65.8251],[-64.4873,-65.9309],[-64.7321,-66.0088],[-64.7936,-65.9401],[-64.9988,-65.9205],[-65.2302,-65.9564],[-65.3591,-66.034],[-65.1762,-66.1084],[-65.2231,-66.1736],[-65.6356,-66.0986],[-65.7042,-66.2407],[-65.8399,-66.2714],[-65.6173,-66.4016],[-65.7351,-66.4876],[-65.8044,-66.6291],[-65.9968,-66.6774],[-66.1841,-66.5926],[-66.5965,-66.6463],[-66.4833,-66.8506],[-66.6235,-66.9989],[-66.4674,-67.1662],[-66.4949,-67.2162],[-66.8592,-67.1934],[-66.9545,-67.0827],[-66.9069,-66.9528],[-67.0581,-66.9176],[-67.4872,-67.0784],[-67.619,-67.1689],[-67.5115,-67.3257],[-67.6475,-67.4389],[-67.501,-67.5559],[-67.0274,-67.4667],[-66.7603,-67.4911],[-66.7782,-67.5808],[-66.9801,-67.6668],[-67.0167,-67.7703],[-66.8476,-67.8735],[-66.8936,-67.9158],[-67.2845,-67.9454],[-67.1303,-68.0525],[-66.9369,-68.3066],[-67.0151,-68.4598],[-67.2028,-68.5261],[-66.9368,-68.752],[-67.15,-68.8042],[-67.3776,-68.7886],[-67.5068,-68.8474],[-67.4047,-68.9088],[-67.0214,-68.9557],[-66.7693,-69.0435],[-67.3337,-69.3434],[-67.902,-69.3557],[-68.2845,-69.2766],[-68.3292,-69.384],[-68.7153,-69.3778],[-68.8525,-69.4309],[-68.5998,-69.5219],[-68.3836,-69.6608],[-68.3802,-69.8753],[-68.4895,-69.9191],[-68.4296,-70.1275],[-68.2237,-70.2228],[-68.0041,-70.2595],[-67.8569,-70.5006],[-67.7318,-70.5566],[-67.7878,-70.6452],[-67.411,-71.0006],[-67.4595,-71.1849],[-67.6556,-71.3865],[-67.3434,-71.6727],[-67.1596,-71.6992],[-66.9165,-71.8833],[-67.001,-72.0863],[-66.9959,-72.2182],[-66.8626,-72.4123],[-67.3457,-72.5882],[-67.5742,-72.8375],[-68.0471,-72.8928],[-68.5312,-73.0057],[-68.5891,-73.0527],[-69.2047,-73.1362],[-69.3351,-73.1817],[-69.9793,-73.2337],[-70.4008,-73.2978],[-70.7511,-73.2706],[-71.1623,-73.282],[-71.5358,-73.3938],[-71.8821,-73.3824],[-72.3537,-73.4246],[-72.648,-73.4797],[-73.1725,-73.489],[-73.6297,-73.5527],[-73.9823,-73.7186],[-74.1971,-73.6773],[-74.5762,-73.708],[-75.1303,-73.6552],[-75.758,-73.7386],[-76.112,-73.8235],[-76.4927,-73.7853],[-76.9327,-73.8768],[-77.1281,-73.8313],[-76.7555,-73.7163],[-76.5907,-73.5919],[-76.7524,-73.5255],[-77.125,-73.5594],[-77.4118,-73.5241],[-78.3982,-73.6402],[-78.6219,-73.6314],[-78.5101,-73.486],[-78.6354,-73.3692],[-78.9057,-73.315],[-79.3959,-73.1115],[-80.2418,-73.006],[-80.3477,-73.1362],[-80.0662,-73.34],[-80.4189,-73.3758],[-80.6681,-73.2793],[-81.0461,-73.287],[-81.0814,-73.5091],[-80.7928,-73.6465],[-80.8208,-73.7646],[-81.363,-73.8663],[-81.7961,-73.8831],[-82.0103,-73.9353],[-83.3066,-73.6147],[-83.3196,-73.5392],[-84.7423,-73.5217],[-85.422,-73.4124],[-85.5709,-73.2341],[-85.7295,-73.1548],[-86.3598,-73.2186],[-86.7634,-73.3285],[-87.0501,-73.2913],[-87.3965,-73.1603],[-87.9377,-73.0759],[-88.1134,-73.125],[-88.6,-73.059],[-88.6151,-73.0225],[-88.203,-72.8596],[-88.1184,-72.7725],[-88.2141,-72.7047],[-89.1423,-72.5985],[-89.5484,-72.6192],[-89.3095,-72.7823],[-89.2922,-72.8933],[-89.4066,-73.0458],[-89.7918,-73.1674],[-90.3263,-73.1548],[-90.5979,-73.2599],[-90.9895,-73.2973],[-91.4628,-73.2405],[-92.5202,-73.1555],[-92.6998,-73.1814],[-93.576,-73.1721],[-93.8868,-73.195],[-93.9931,-73.0266],[-94.3538,-72.9052],[-94.4792,-72.9252],[-94.4057,-73.1437],[-94.8187,-73.2317],[-95.2586,-73.1948],[-95.8446,-73.2582],[-95.9661,-73.3474],[-96.269,-73.2881],[-96.6879,-73.268],[-97.2332,-73.1584],[-97.5535,-73.1212],[-97.736,-72.9764],[-98.0332,-72.9092],[-98.8327,-72.9821],[-99.9525,-73.1776],[-100.6618,-72.9925],[-101.0896,-73.0057],[-101.7348,-73.0802],[-102.1838,-73.0015],[-102.0583,-72.9304],[-102.2516,-72.8262],[-102.8317,-72.8217],[-103.0663,-72.7871],[-103.4732,-72.8741],[-103.5061,-72.9538],[-103.3312,-73.0523],[-103.189,-73.2274],[-103.007,-73.2435],[-102.6611,-73.3833],[-101.5121,-73.2973],[-101.1818,-73.1334],[-100.8007,-73.1359],[-100.3726,-73.2587],[-99.9897,-73.3314],[-100.0153,-73.5103],[-100.4712,-73.6131],[-100.8459,-73.5727],[-101.1868,-73.5814],[-101.3835,-73.5373],[-101.8256,-73.5308],[-102.2851,-73.5646],[-102.0954,-73.658],[-102.0836,-73.827],[-101.0017,-73.87],[-101.0095,-73.9203],[-100.4965,-74.1295],[-100.4742,-74.2824],[-100.9262,-74.2596],[-101.6672,-74.4436],[-101.7091,-74.5102],[-101.4975,-74.6166],[-100.5783,-74.9609],[-100.4242,-75.1241],[-101.0923,-75.204],[-101.9929,-75.2616],[-102.073,-75.0371],[-102.2676,-74.9905],[-103.1462,-74.8492],[-103.381,-74.7408],[-103.9615,-74.7479],[-104.2984,-74.6945],[-104.683,-74.7234],[-104.9804,-74.688],[-105.1753,-74.7947],[-105.3028,-74.9477],[-105.2648,-75.1278],[-105.3972,-75.1871],[-106.2388,-75.286],[-106.8561,-75.2526],[-106.6047,-74.9704],[-106.5509,-74.8131],[-107.1918,-74.7503],[-107.3295,-74.5645],[-107.9626,-74.6205],[-108.2227,-74.597],[-108.3149,-74.7069],[-108.5883,-74.7207],[-108.7616,-74.8093],[-109.0443,-74.7383],[-109.2242,-74.5934],[-109.8055,-74.6518],[-110.0522,-74.3861],[-110.2025,-74.275],[-110.6782,-74.2696],[-111.115,-74.2043],[-111.5674,-74.211],[-111.6502,-74.2879],[-111.4451,-74.4215],[-111.4649,-74.5027],[-111.7395,-74.5749],[-111.6246,-74.6448],[-111.2249,-74.7164],[-111.4032,-74.7808],[-112.1259,-74.7962],[-112.3286,-74.8324],[-112.8149,-74.847],[-112.6481,-74.746],[-112.9581,-74.6447],[-112.8163,-74.5279],[-113.0055,-74.4385],[-113.6031,-74.3595],[-113.4055,-74.3081],[-113.4797,-74.2271],[-113.1076,-74.1189],[-113.222,-74.0251],[-113.564,-74.0131],[-113.6546,-73.8841],[-113.9504,-73.8429],[-114.2369,-73.9099],[-114.4602,-73.9085],[-114.8883,-74.0795],[-114.9186,-74.1619],[-114.6212,-74.3594],[-114.6591,-74.4836],[-114.9299,-74.4665],[-115.4369,-74.5063],[-115.7242,-74.4359],[-116.0881,-74.5114],[-116.5248,-74.5389],[-117.0412,-74.5167],[-117.2908,-74.4179],[-117.6224,-74.3721],[-117.8453,-74.2311],[-118.3205,-74.4362],[-118.6337,-74.5155],[-118.9973,-74.5],[-120.24,-74.5913],[-120.6116,-74.528],[-120.8534,-74.6085],[-122.2103,-74.6086],[-122.8761,-74.6706],[-123.6165,-74.6621],[-124.1195,-74.6839],[-124.5944,-74.6758],[-125.2526,-74.6938],[-125.638,-74.7531],[-126.0899,-74.769],[-126.5203,-74.669],[-126.852,-74.6417],[-127.3079,-74.6566],[-128.0067,-74.7251],[-128.4837,-74.7459],[-129.1514,-74.8424],[-129.7286,-74.8676],[-130.1031,-74.8573],[-130.4245,-74.8049],[-130.9254,-74.7914],[-131.448,-74.8072],[-131.9284,-74.7336],[-132.4053,-74.7875],[-132.7386,-74.7309],[-132.9536,-74.7768],[-133.5298,-74.8135],[-133.7888,-74.8653],[-134.2444,-74.8286],[-134.1552,-74.7024],[-134.4005,-74.6043],[-134.9327,-74.5675],[-135.0679,-74.5131],[-135.5768,-74.4953],[-136.043,-74.6663],[-136.4993,-74.6467],[-136.847,-74.7233],[-137.1737,-74.7282],[-137.113,-74.8475],[-136.8802,-74.852],[-136.9553,-75.032],[-137.4297,-75.1451],[-137.876,-75.0876],[-138.0762,-75.145],[-138.7379,-75.1978],[-139.8635,-75.1922],[-140.0547,-75.242],[-140.3203,-75.447],[-140.5334,-75.5386],[-141.1521,-75.5897],[-141.5788,-75.5781],[-141.5272,-75.6642],[-141.9018,-75.7051],[-142.0141,-75.6188],[-142.443,-75.5325],[-142.7196,-75.5548],[-142.9019,-75.6666],[-143.3135,-75.6094],[-144.0023,-75.6843],[-144.2715,-75.6884],[-144.2382,-75.8098],[-144.562,-75.8805],[-145.2501,-75.9532],[-145.9103,-75.9281],[-146.1233,-75.9603],[-146.4002,-76.0862],[-146.3353,-76.1512],[-145.8789,-76.3062],[-145.4614,-76.3582],[-145.4337,-76.4523],[-145.7124,-76.4984],[-146.3022,-76.4197],[-146.5828,-76.4087],[-147.2208,-76.2723],[-148.2286,-76.1264],[-148.6376,-76.2068],[-148.5049,-76.275],[-148.9992,-76.324],[-149.2665,-76.3123],[-149.5277,-76.3695],[-149.5046,-76.4523],[-148.3537,-76.5472],[-147.9315,-76.4675],[-146.9839,-76.4988],[-146.5621,-76.5762],[-146.281,-76.6729],[-145.5312,-76.78],[-145.5823,-76.855],[-146.1818,-76.871],[-145.7333,-76.9606],[-145.3919,-76.9829],[-145.3303,-77.0836],[-146.0861,-77.017],[-145.9336,-77.2243],[-146.0174,-77.4165],[-146.3181,-77.4489],[-146.8648,-77.2578],[-147.3984,-77.3648],[-147.4617,-77.4359],[-147.702,-77.5092],[-148.1236,-77.5116],[-148.5996,-77.5574],[-148.5537,-77.655],[-148.7685,-77.6996],[-149.2965,-77.6104],[-149.5685,-77.6625],[-149.0612,-77.7244],[-149.3716,-77.818],[-149.951,-77.7853],[-151.4142,-77.4169],[-152.2624,-77.3514],[-152.3799,-77.5083],[-152.8288,-77.5136],[-153.1834,-77.4285],[-153.3442,-77.3009],[-154.6112,-77.1764],[-155.1632,-77.2194],[-155.4269,-77.1398],[-156.0699,-77.1216],[-156.3389,-77.1961],[-156.2294,-77.2842],[-156.6216,-77.4118],[-157.2322,-77.2968],[-157.485,-77.1582],[-157.7951,-77.1206],[-157.9901,-77.1796],[-157.8294,-77.2436],[-157.9915,-77.3402],[-157.6915,-77.5202],[-158.2086,-77.9078],[-157.945,-78.0696],[-156.7667,-78.1473],[-156.9967,-78.25],[-156.8064,-78.4195],[-157.2742,-78.4504],[-157.6475,-78.5305],[-157.7316,-78.671],[-157.3291,-78.8332],[-155.8775,-79.0828],[-155.2203,-79.2536],[-154.2386,-79.3635],[-153.8849,-79.4367],[-153.4832,-79.6664],[-153.1455,-79.7724],[-152.2861,-79.8254],[-151.9684,-79.8852],[-151.9129,-80.0063],[-151.0532,-80.2677],[-150.4215,-80.2648],[-149.7177,-80.219],[-148.2478,-80.2655],[-147.5565,-80.3338],[-146.6346,-80.5013],[-145.3738,-80.6506],[-145.2031,-80.7045],[-145.447,-80.8131],[-145.9333,-80.8596],[-147.6049,-80.8962],[-149.779,-80.9553],[-150.7401,-80.9955],[-152.6193,-81.1422],[-153.605,-81.2368],[-154.5313,-81.456],[-155.033,-81.7217],[-154.8524,-81.942],[-154.1538,-82.2245],[-154.0659,-82.3536],[-154.1623,-82.7549],[-153.3097,-83.1304],[-152.8648,-83.3551],[-152.9322,-83.7739],[-153.2165,-83.8624],[-152.9778,-84.0049],[-152.1235,-84.2731],[-151.1268,-84.4539],[-150.027,-84.5775],[-145.5072,-84.9172],[-143.2733,-85.0076],[-140.7954,-85.0619],[-138.3143,-85.0226],[-137.4463,-85.0676],[-138.4615,-85.2536],[-140.6969,-85.2944],[-142.6811,-85.2029],[-145.5161,-85.1613],[-147.9487,-85.1452],[-148.8117,-85.187],[-149.3112,-85.3465],[-150.2666,-85.5078],[-151.4779,-85.4762],[-151.4356,-85.5625],[-153.6542,-85.5625],[-154.7538,-85.4998],[-155.9923,-85.5134],[-157.8556,-85.4776],[-158.2276,-85.5302],[-161.026,-85.4946],[-160.4957,-85.3936],[-161.537,-85.3622],[-162.7364,-85.2374],[-164.8325,-85.1162],[-166.1537,-84.9718],[-166.8729,-84.9279],[-167.0431,-84.7921],[-167.8338,-84.8293],[-168.4849,-84.7135],[-171.2872,-84.5862],[-173.6351,-84.4946],[-175.0717,-84.4805],[-176.4304,-84.3615],[-177.949,-84.2823],[-178.2959,-84.3505],[-179.9992,-84.4287],[-180.0,-60.0],[180.0,-60.0],[179.9992,-84.3601]],[[-45.9169,-60.6336],[-45.4197,-60.656],[-45.1701,-60.729],[-45.1685,-60.6332],[-45.6836,-60.5155],[-45.9169,-60.6336]],[[-55.3191,-61.1675],[-55.1548,-61.2244],[-54.9087,-61.0556],[-55.2825,-60.9997],[-55.399,-61.0687],[-55.3191,-61.1675]],[[-54.1731,-61.2145],[-53.9999,-61.2365],[-54.0012,-61.1029],[-54.1731,-61.2145]],[[-58.4366,-61.9366],[-58.7211,-62.0165],[-58.8315,-62.1758],[-58.5431,-62.2436],[-58.1388,-62.135],[-57.7918,-62.0161],[-57.908,-61.9467],[-58.0654,-61.9278],[-58.4366,-61.9366]],[[-59.035,-62.2298],[-59.243,-62.2803],[-59.1244,-62.3411],[-58.884,-62.2582],[-59.035,-62.2298]],[[-60.2996,-62.5357],[-60.4963,-62.5753],[-60.8434,-62.5647],[-61.0861,-62.6588],[-60.8311,-62.6717],[-60.7353,-62.6241],[-60.356,-62.6225],[-60.2994,-62.757],[-60.0638,-62.7052],[-60.0164,-62.6206],[-60.1517,-62.4597],[-60.2996,-62.5357]],[[-61.5322,-62.752],[-61.4337,-62.8382],[-61.2639,-62.7377],[-61.5322,-62.752]],[[-62.556,-62.9344],[-62.4439,-62.9935],[-62.331,-62.8633],[-62.556,-62.9344]],[[-60.5108,-62.9556],[-60.5499,-62.8943],[-60.7538,-62.9167],[-60.648,-63.0172],[-60.5108,-62.9556]],[[-56.6183,-63.0623],[-56.2889,-63.1815],[-56.0365,-63.0826],[-56.155,-62.9952],[-56.5525,-63.0099],[-56.6183,-63.0623]],[[-56.1303,-63.1487],[-56.4244,-63.2408],[-56.5711,-63.3758],[-56.4153,-63.439],[-56.1331,-63.3984],[-55.8611,-63.2982],[-55.3319,-63.3709],[-55.0208,-63.3093],[-55.07,-63.2211],[-55.5443,-63.1236],[-55.6673,-63.1156],[-56.1303,-63.1487]],[[-56.2011,-63.4269],[-56.1495,-63.5405],[-55.9353,-63.5694],[-55.7568,-63.512],[-55.7212,-63.4138],[-56.053,-63.3929],[-56.2011,-63.4269]],[[-60.7507,-63.9009],[-60.5798,-63.6849],[-60.7806,-63.7014],[-60.7507,-63.9009]],[[-62.3144,-64.0151],[-62.561,-64.0462],[-62.5461,-64.2654],[-62.6743,-64.3691],[-62.698,-64.4761],[-62.4015,-64.4556],[-62.2174,-64.3564],[-62.2359,-64.2943],[-62.0458,-64.1394],[-62.2884,-64.0771],[-62.3144,-64.0151]],[[-63.1883,-64.5721],[-63.2624,-64.5388],[-63.3031,-64.3908],[-63.2175,-64.2811],[-63.5602,-64.2682],[-63.7814,-64.4431],[-63.9279,-64.5135],[-64.2312,-64.583],[-64.3112,-64.6825],[-64.057,-64.7758],[-63.6757,-64.798],[-63.5685,-64.7285],[-63.3914,-64.7556],[-63.1765,-64.6353],[-62.8501,-64.5492],[-62.9393,-64.5076],[-63.1883,-64.5721]],[[-63.4912,-64.8174],[-63.3508,-64.8624],[-63.1924,-64.7223],[-63.4912,-64.8174]],[[-65.7998,-65.5074],[-65.9762,-65.5369],[-66.2055,-65.7661],[-66.2249,-65.8605],[-65.8672,-65.8055],[-65.9347,-65.6986],[-65.6934,-65.6548],[-65.6868,-65.5554],[-65.7998,-65.5074]],[[-66.827,-66.1184],[-66.8145,-66.3145],[-66.6253,-66.213],[-66.7253,-66.0937],[-66.827,-66.1184]],[[-68.4751,-66.8275],[-68.7802,-67.2673],[-69.1615,-67.4469],[-69.2024,-67.59],[-68.9633,-67.7376],[-68.6176,-67.7542],[-68.2666,-67.5323],[-68.1332,-67.5646],[-67.9749,-67.3873],[-67.967,-67.2462],[-67.6912,-67.1565],[-67.7503,-67.0748],[-67.907,-67.0431],[-67.9971,-66.9327],[-67.9328,-66.8318],[-67.652,-66.6881],[-67.7789,-66.6196],[-68.4751,-66.8275]],[[-67.4764,-66.9132],[-67.2486,-66.8108],[-67.4584,-66.7258],[-67.58,-66.8773],[-67.4764,-66.9132]],[[-67.6872,-67.6187],[-67.847,-67.6832],[-67.6826,-67.7883],[-67.3665,-67.7678],[-67.1584,-67.6423],[-67.2713,-67.58],[-67.6872,-67.6187]],[[-90.468,-68.8753],[-90.4895,-68.7442],[-90.7243,-68.7708],[-90.6749,-68.8886],[-90.468,-68.8753]],[[-71.166,-68.8429],[-71.6024,-68.9088],[-71.8079,-69.0016],[-72.152,-69.067],[-71.9327,-69.2139],[-71.6997,-69.2577],[-71.6931,-69.3368],[-71.953,-69.531],[-71.8587,-69.5974],[-71.9459,-69.7704],[-71.4978,-69.9459],[-71.2345,-69.9787],[-71.1481,-70.0585],[-70.6223,-70.1751],[-70.3449,-70.1317],[-70.0864,-70.1694],[-70.5438,-70.2635],[-70.8931,-70.2383],[-71.3867,-70.2746],[-71.5962,-70.4289],[-71.5585,-70.543],[-71.2324,-70.6124],[-70.9694,-70.7283],[-70.6568,-70.9076],[-70.931,-70.9878],[-70.9749,-70.8635],[-71.1797,-70.7919],[-71.487,-70.8328],[-71.708,-70.9277],[-72.1775,-70.9833],[-72.7844,-70.9472],[-72.9932,-71.0184],[-73.2571,-71.0323],[-73.2346,-71.1002],[-72.9215,-71.211],[-72.4724,-71.2755],[-73.0496,-71.3317],[-73.275,-71.1914],[-73.6599,-71.1404],[-73.9566,-71.1609],[-74.161,-71.2247],[-74.0838,-71.3194],[-73.482,-71.4222],[-73.4684,-71.5481],[-73.9634,-71.4415],[-74.196,-71.4166],[-74.588,-71.2301],[-74.9681,-71.226],[-75.0939,-71.3047],[-75.0428,-71.3719],[-74.6705,-71.6009],[-74.764,-71.6362],[-75.1104,-71.5642],[-75.4319,-71.351],[-75.7155,-71.4188],[-75.5005,-71.6822],[-75.0092,-71.8653],[-74.3648,-71.995],[-74.1916,-72.0793],[-73.831,-72.0618],[-73.4991,-72.1563],[-73.3266,-72.0468],[-73.0146,-71.9351],[-73.002,-71.8861],[-73.4169,-71.7922],[-73.2473,-71.7338],[-72.7982,-71.7407],[-72.5104,-71.8595],[-72.3384,-71.8449],[-72.5196,-71.7137],[-72.4124,-71.5684],[-72.0864,-71.5778],[-71.7894,-71.6351],[-71.4897,-71.7521],[-71.1258,-71.8452],[-71.0422,-71.9716],[-70.6828,-71.9898],[-71.0465,-72.1255],[-70.5961,-72.2291],[-70.7073,-72.283],[-71.3116,-72.2896],[-71.4736,-72.2576],[-72.1218,-72.2393],[-72.3022,-72.265],[-72.6652,-72.4312],[-72.2319,-72.6375],[-71.9357,-72.6976],[-71.6805,-72.6631],[-70.8662,-72.6804],[-70.4615,-72.7137],[-69.9636,-72.658],[-69.6433,-72.6666],[-69.0177,-72.511],[-69.108,-72.3783],[-68.948,-72.2829],[-68.4491,-72.2642],[-68.3668,-72.0579],[-68.4853,-71.9513],[-68.2332,-71.9004],[-68.1903,-71.7144],[-68.1115,-71.6463],[-68.2889,-71.3769],[-68.218,-71.1711],[-68.3527,-70.9738],[-68.4113,-70.6641],[-68.5216,-70.4963],[-68.7086,-70.3776],[-69.0938,-70.1892],[-69.1319,-69.9969],[-69.3203,-69.8309],[-69.3473,-69.6259],[-69.5102,-69.5403],[-69.52,-69.4466],[-69.7154,-69.2784],[-70.0389,-69.2827],[-70.0847,-68.9333],[-70.2184,-68.8274],[-70.611,-68.7612],[-70.9379,-68.8397],[-71.166,-68.8429]],[[-77.7859,-72.6543],[-78.1556,-72.6569],[-78.1535,-72.8107],[-78.2697,-72.8918],[-78.5454,-72.9661],[-78.9218,-72.9371],[-79.0709,-73.0026],[-78.8677,-73.1528],[-78.5892,-73.1948],[-78.3424,-73.1532],[-78.0671,-73.0113],[-77.3805,-72.9362],[-77.2398,-72.7098],[-77.7859,-72.6543]],[[-75.4555,-73.0137],[-75.4843,-73.081],[-76.0778,-73.0881],[-76.1964,-73.1612],[-76.1161,-73.2968],[-75.7351,-73.4345],[-74.5386,-73.6458],[-74.3848,-73.5212],[-74.6189,-73.3281],[-74.2909,-73.0797],[-74.3278,-72.9718],[-74.9674,-72.8294],[-75.5835,-72.8328],[-75.8107,-72.9877],[-75.4555,-73.0137]],[[-78.0303,-73.2428],[-78.0936,-73.38],[-77.7787,-73.4153],[-77.4194,-73.3339],[-77.7691,-73.2173],[-78.0303,-73.2428]],[[-91.1609,-72.5195],[-91.6503,-72.585],[-91.342,-72.7998],[-91.3339,-73.007],[-91.5047,-73.1043],[-91.1416,-73.1089],[-90.8086,-72.8544],[-90.9952,-72.7926],[-90.8173,-72.6853],[-91.0156,-72.5319],[-91.1609,-72.5195]],[[-90.3559,-72.9086],[-90.3666,-73.0399],[-90.1691,-73.1085],[-89.781,-73.1025],[-89.6369,-73.0521],[-89.5506,-72.8651],[-89.9875,-72.804],[-90.0,-72.8713],[-90.3559,-72.9086]],[[-99.3464,-72.5405],[-99.8967,-72.4663],[-100.3422,-72.4601],[-100.3753,-72.5265],[-99.9725,-72.5967],[-99.4051,-72.6149],[-99.3464,-72.5405]],[[-98.5235,-72.5203],[-97.3913,-72.4748],[-97.0545,-72.5455],[-96.0474,-72.5324],[-96.0394,-72.3645],[-95.5672,-72.3624],[-95.4536,-72.289],[-95.8723,-72.2462],[-95.505,-72.1026],[-95.6222,-72.0009],[-95.927,-72.0733],[-96.6176,-72.1518],[-96.7576,-72.1845],[-97.0863,-72.1339],[-96.5036,-72.033],[-96.1111,-71.9181],[-96.1095,-71.8001],[-96.3503,-71.7566],[-96.7306,-71.796],[-96.8443,-71.7422],[-97.1256,-71.7933],[-97.2363,-71.986],[-97.4149,-72.0798],[-97.7195,-72.0363],[-97.4559,-71.9447],[-97.6169,-71.8332],[-97.9891,-71.7891],[-97.998,-71.9468],[-98.3856,-71.958],[-98.4772,-71.8611],[-98.2224,-71.8449],[-98.1289,-71.7683],[-98.4888,-71.6765],[-98.789,-71.6321],[-99.0048,-71.6716],[-99.2309,-71.7792],[-99.1718,-71.8441],[-98.8732,-71.931],[-98.9824,-71.9798],[-99.2741,-71.937],[-99.6197,-71.9557],[-99.8215,-71.8624],[-100.2169,-71.9723],[-100.4781,-71.997],[-100.5812,-71.9221],[-100.1807,-71.821],[-100.302,-71.7755],[-100.6012,-71.7981],[-100.707,-71.8997],[-101.0983,-71.8676],[-101.8062,-71.9383],[-102.312,-72.0125],[-102.4134,-72.1113],[-101.9107,-72.2334],[-101.6694,-72.2306],[-101.262,-72.2923],[-100.3721,-72.3338],[-100.1009,-72.4071],[-99.7871,-72.3553],[-99.3608,-72.3978],[-99.107,-72.38],[-98.9106,-72.4582],[-98.5235,-72.5203]],[[-95.1748,-72.5557],[-95.2887,-72.6425],[-94.9091,-72.6434],[-94.4365,-72.6009],[-94.4659,-72.4654],[-94.9856,-72.5364],[-95.1748,-72.5557]],[[-74.4102,-70.824],[-73.8886,-70.7046],[-73.7418,-70.6368],[-74.1303,-70.474],[-74.3013,-70.5902],[-74.6104,-70.5618],[-74.732,-70.6651],[-75.0811,-70.5871],[-75.1404,-70.682],[-75.5204,-70.7753],[-75.2588,-70.8726],[-74.4102,-70.824]],[[-74.4535,-69.8042],[-74.6479,-69.7082],[-74.6849,-69.5871],[-75.0359,-69.5225],[-75.3381,-69.5445],[-75.327,-69.6148],[-75.8093,-69.6088],[-76.0787,-69.6459],[-75.898,-69.81],[-75.9447,-69.9222],[-75.6757,-69.9647],[-75.1473,-69.9295],[-74.6472,-69.9697],[-74.4535,-69.8042]],[[-72.1589,-69.5568],[-72.1814,-69.4586],[-72.3505,-69.4179],[-72.4205,-69.3129],[-72.687,-69.3293],[-72.8377,-69.466],[-72.6152,-69.533],[-72.1589,-69.5568]],[[-126.5195,-73.1088],[-126.7809,-73.1558],[-126.9197,-73.2834],[-126.9106,-73.3788],[-126.5963,-73.4546],[-126.693,-73.5492],[-126.5338,-73.5954],[-126.1049,-73.4866],[-125.9243,-73.69],[-125.716,-73.8121],[-125.2034,-73.8754],[-124.7525,-73.9623],[-124.5067,-74.0674],[-124.2625,-74.1004],[-123.8172,-74.0773],[-123.4476,-74.091],[-123.3751,-73.9306],[-123.7066,-73.7732],[-123.9503,-73.7058],[-124.0224,-73.5974],[-124.3464,-73.6803],[-124.7152,-73.6779],[-124.9696,-73.7403],[-125.0987,-73.6683],[-124.7771,-73.601],[-124.6822,-73.4993],[-124.9196,-73.4123],[-124.8521,-73.315],[-125.3644,-73.1793],[-125.4094,-73.1234],[-125.8349,-73.0829],[-126.5195,-73.1088]],[[-104.5839,-73.315],[-104.4363,-73.2246],[-104.8218,-73.1121],[-104.8975,-73.1662],[-104.5839,-73.315]],[[-122.8245,-73.748],[-122.3377,-73.7957],[-122.2869,-73.8717],[-122.6214,-74.0338],[-122.4834,-74.0721],[-122.6605,-74.165],[-122.613,-74.2358],[-122.3671,-74.2845],[-121.6089,-74.3337],[-120.8432,-74.307],[-120.4776,-74.3305],[-120.1619,-74.3003],[-119.5827,-74.0927],[-118.8301,-73.929],[-118.6335,-73.8273],[-118.9004,-73.7224],[-119.5365,-73.7489],[-120.0684,-73.7217],[-120.3271,-73.6542],[-120.9803,-73.6808],[-121.6038,-73.6373],[-121.796,-73.5913],[-122.6622,-73.5933],[-122.8245,-73.748]],[[-117.392,-74.0281],[-117.7219,-74.1734],[-117.0859,-74.1921],[-116.5219,-74.1474],[-116.3566,-74.0222],[-115.8807,-73.8832],[-116.1348,-73.8223],[-116.667,-73.9204],[-117.0495,-74.0169],[-117.392,-74.0281]],[[-127.4223,-74.2723],[-127.8606,-74.2334],[-127.8218,-74.4479],[-127.5576,-74.5522],[-127.2716,-74.6065],[-126.9177,-74.5385],[-126.8852,-74.3879],[-127.1963,-74.3383],[-127.4223,-74.2723]],[[-130.8581,-74.3736],[-131.3966,-74.3265],[-131.587,-74.2574],[-131.9184,-74.3043],[-131.9033,-74.4631],[-131.1382,-74.5504],[-130.8743,-74.5327],[-130.7346,-74.4131],[-130.8118,-74.3265],[-130.8581,-74.3736]],[[-132.2804,-74.463],[-132.4263,-74.3365],[-132.7072,-74.3383],[-132.7534,-74.4694],[-132.4726,-74.4973],[-132.2804,-74.463]],[[-145.9391,-75.6274],[-145.5691,-75.7435],[-145.1655,-75.7592],[-145.2304,-75.6712],[-145.7229,-75.5594],[-145.9391,-75.6274]],[[-147.3991,-76.148],[-146.8096,-76.3412],[-146.6209,-76.2599],[-146.9695,-76.109],[-147.3452,-76.1195],[-147.3991,-76.148]],[[-147.1396,-76.7246],[-146.7743,-76.7301],[-146.8242,-76.6168],[-147.2303,-76.577],[-147.1396,-76.7246]],[[-148.9665,-76.7147],[-149.2154,-76.7578],[-149.0144,-76.8536],[-148.705,-76.8687],[-148.3117,-76.8148],[-148.2971,-76.7503],[-148.9665,-76.7147]],[[-146.9166,-77.0133],[-146.3786,-76.9802],[-146.2917,-76.9029],[-146.7454,-76.8489],[-146.9573,-76.8639],[-146.9166,-77.0133]],[[-149.1557,-76.95],[-149.1371,-77.0224],[-148.4026,-77.0485],[-148.3069,-76.9815],[-148.5751,-76.933],[-149.1557,-76.95]],[[-150.3322,-76.6937],[-150.7595,-76.7674],[-150.5331,-76.8117],[-150.0173,-76.7854],[-149.8287,-76.7123],[-150.3322,-76.6937]],[[-147.7581,-76.5934],[-148.0248,-76.6216],[-147.5784,-76.7129],[-147.7581,-76.5934]],[[-148.8712,-77.2249],[-148.769,-77.3461],[-148.2614,-77.4179],[-148.1964,-77.4698],[-147.5564,-77.4413],[-147.6054,-77.2982],[-147.7568,-77.2248],[-148.4811,-77.1202],[-148.8712,-77.2249]],[[-150.3896,-77.3219],[-150.8113,-77.242],[-151.2436,-77.2839],[-151.0981,-77.3583],[-150.383,-77.4086],[-150.3896,-77.3219]],[[-160.247,-79.8919],[-159.2345,-79.7637],[-159.1743,-79.6858],[-159.5316,-79.5876],[-159.7537,-79.4034],[-160.9733,-79.0747],[-161.4224,-78.8507],[-162.6602,-78.7453],[-163.1342,-78.7518],[-163.6036,-78.8381],[-163.642,-78.9697],[-164.2982,-79.0976],[-164.3637,-79.1631],[-164.1321,-79.376],[-163.5279,-79.5603],[-162.2973,-79.7684],[-160.9073,-79.9038],[-160.247,-79.8919]],[[-58.0593,-63.8413],[-58.4638,-64.0602],[-58.4296,-64.1408],[-58.0767,-64.2234],[-58.2196,-64.3579],[-57.9732,-64.4253],[-57.7308,-64.3656],[-57.2834,-64.3665],[-57.3835,-64.3063],[-57.2926,-64.2431],[-57.0916,-64.2017],[-57.1457,-64.0875],[-57.7261,-63.995],[-57.8346,-63.7801],[-58.0593,-63.8413]],[[-57.2893,-63.8753],[-57.3433,-63.7856],[-57.699,-63.7851],[-57.6456,-63.8978],[-57.2893,-63.8753]],[[-57.289,-64.4253],[-57.4997,-64.4438],[-57.4986,-64.5117],[-57.3044,-64.5437],[-57.0486,-64.488],[-56.9509,-64.4166],[-57.0328,-64.3621],[-57.289,-64.4253]],[[-59.6895,-64.4271],[-59.8402,-64.5271],[-59.5913,-64.5389],[-59.6895,-64.4271]],[[100.3891,-65.4853],[100.2719,-65.5571],[100.3115,-65.681],[100.5258,-65.704],[100.9153,-65.5756],[101.1795,-65.5428],[101.0508,-65.4156],[100.6863,-65.3885],[100.3891,-65.4853]],[[92.3466,-65.7863],[92.628,-65.7983],[92.7052,-65.7281],[92.524,-65.6723],[92.2868,-65.738],[92.3466,-65.7863]],[[48.4568,-66.7178],[48.5796,-66.7798],[48.8618,-66.8123],[48.8196,-66.7005],[48.4568,-66.7178]],[[-62.5826,-69.2488],[-62.1928,-69.5301],[-62.2335,-69.6657],[-61.9555,-69.6718],[-61.897,-69.5216],[-61.9276,-69.4101],[-62.1335,-69.2786],[-62.2296,-69.1612],[-62.4905,-69.1508],[-62.5826,-69.2488]],[[-61.0002,-69.9063],[-61.0327,-69.8319],[-61.2252,-69.8084],[-61.416,-69.8946],[-61.2386,-69.9562],[-61.0002,-69.9063]],[[-60.8726,-70.7061],[-60.6501,-70.7005],[-60.6197,-70.5702],[-60.779,-70.5044],[-61.0331,-70.6102],[-60.8726,-70.7061]],[[-60.4784,-71.0619],[-60.4038,-70.982],[-60.6947,-70.8976],[-60.978,-70.96],[-60.6909,-71.0735],[-60.4784,-71.0619]],[[-69.2986,-79.1986],[-68.7484,-79.0914],[-67.1032,-78.6897],[-66.1068,-78.5057],[-65.5325,-78.4418],[-65.6794,-78.3702],[-66.4974,-78.3672],[-67.0587,-78.3895],[-68.0651,-78.4953],[-69.2335,-78.7053],[-70.6271,-79.164],[-69.2986,-79.1986]],[[47.7173,-67.6491],[47.5613,-67.5435],[47.4359,-67.6487],[47.7173,-67.6491]],[[96.4785,-66.235],[96.9706,-66.1795],[96.9239,-66.0788],[96.605,-66.0446],[96.3434,-66.0646],[96.257,-66.1823],[96.4785,-66.235]],[[97.0919,-66.3557],[97.2317,-66.4224],[97.4368,-66.4094],[97.4083,-66.323],[97.2502,-66.3006],[97.0919,-66.3557]],[[86.6277,-66.7714],[86.8675,-66.7564],[86.7968,-66.671],[86.5561,-66.6804],[86.6277,-66.7714]],[[85.5991,-66.8052],[85.8634,-66.9068],[85.9883,-66.9902],[86.2058,-67.0232],[86.3212,-66.9102],[86.0161,-66.7674],[85.677,-66.721],[85.5991,-66.8052]],[[71.9724,-70.2848],[71.8037,-70.1291],[71.6698,-70.1344],[71.7956,-70.3088],[71.9724,-70.2848]],[[162.1391,-66.4057],[162.2866,-66.4989],[162.4598,-66.4524],[162.1937,-66.2719],[162.1391,-66.4057]],[[164.8258,-67.5705],[164.6188,-67.3469],[164.4922,-67.4155],[164.5609,-67.5865],[164.8258,-67.5705]],[[169.3824,-73.5642],[169.8201,-73.6348],[169.8135,-73.4897],[169.5146,-73.5127],[169.3824,-73.5642]],[[166.2792,-77.5345],[165.9984,-77.5798],[166.3449,-77.683],[166.7241,-77.7119],[166.8069,-77.8098],[167.4941,-77.6728],[167.684,-77.6658],[168.4423,-77.7368],[169.2781,-77.5677],[169.1332,-77.4891],[168.2489,-77.4088],[167.5189,-77.4603],[166.9806,-77.3795],[166.8315,-77.2263],[166.5663,-77.2145],[166.2326,-77.313],[166.5122,-77.4214],[166.2792,-77.5345]],[[166.8107,-78.2827],[167.2993,-78.3053],[167.5394,-78.1672],[167.3277,-78.0537],[166.8107,-78.2827]],[[166.6582,-78.2623],[166.1485,-78.1636],[165.9238,-78.1631],[166.1247,-78.3528],[166.4099,-78.3111],[166.6582,-78.2623]]]}}]}
